time,split,daytime,n_sites,capacity_mw,forecast_mw,actual_mw,forecast_age_minutes,forecast_warning,block,demand_mw,grid_import_mw,expected_gap_mw,uncertainty_margin_mw,required_backup_mw,scheduled_backup_mw,remaining_energy_before_mwh,planned_gap_mw,backup_power_limit_mw,backup_energy_limit_mwh,step_hours
2024-09-13 16:30:00,val,True,100,0.473849,0.06681272158167512,0.06680291430711746,0,False,0,0.4308319633623281,0.4264641,0.0,0.08616639267246562,0.08616639267246562,0.08616639267246562,0.473849,0.0,0.11846225,0.473849,1.0
2024-09-13 17:30:00,val,True,100,0.473849,0.01076962053943798,0.011427234170088544,0,False,0,0.5138286277389845,0.4264641,0.07659490719954654,0.10276572554779691,0.17936063274734343,0.11846225,0.3876826073275344,0.060898382747343424,0.11846225,0.473849,1.0
2024-09-13 18:30:00,val,False,100,0.473849,0.0,0.0,0,False,0,0.5368737895830673,0.4264641,0.0,0.0,0.0,0.0,0.2692203573275344,0.0,0.11846225,0.473849,1.0
2024-09-13 19:30:00,val,False,100,0.473849,0.003068206286534667,0.0,0,False,0,0.5544607797295499,0.4264641,0.0,0.0,0.0,0.0,0.2692203573275344,0.0,0.11846225,0.473849,1.0
2024-09-13 20:30:00,val,False,100,0.473849,0.0020135619140714406,0.0,0,False,0,0.5170395432400311,0.4264641,0.0,0.0,0.0,0.0,0.2692203573275344,0.0,0.11846225,0.473849,1.0
2024-09-13 21:30:00,val,False,100,0.473849,0.001549990313589573,0.0,0,False,0,0.4942096357681136,0.4264641,0.0,0.0,0.0,0.0,0.2692203573275344,0.0,0.11846225,0.473849,1.0
2024-09-13 22:30:00,val,False,100,0.473849,1.4891316324472428e-05,0.0,0,False,0,0.43527417141862385,0.4264641,0.0,0.0,0.0,0.0,0.2692203573275344,0.0,0.11846225,0.473849,1.0
2024-09-13 23:30:00,val,False,100,0.473849,0.001168963727146387,0.0,0,False,0,0.39722854107198285,0.39722854107198285,0.0,0.0,0.0,0.0,0.2692203573275344,0.0,0.11846225,0.473849,1.0
2024-09-14 00:30:00,val,False,100,0.473849,0.0003223321421444416,0.0,0,False,0,0.380332683693667,0.380332683693667,0.0,0.0,0.0,0.0,0.473849,0.0,0.11846225,0.473849,1.0
2024-09-14 01:30:00,val,False,100,0.473849,0.0,0.0,0,False,0,0.38975097864583275,0.38975097864583275,0.0,0.0,0.0,0.0,0.473849,0.0,0.11846225,0.473849,1.0
2024-09-14 02:30:00,val,False,100,0.473849,0.0,0.0,0,False,0,0.3913817772715899,0.3913817772715899,0.0,0.0,0.0,0.0,0.473849,0.0,0.11846225,0.473849,1.0
2024-09-14 03:30:00,val,False,100,0.473849,0.0,0.0,0,False,0,0.3828046913630746,0.3828046913630746,0.0,0.0,0.0,0.0,0.473849,0.0,0.11846225,0.473849,1.0
2024-09-14 04:30:00,val,False,100,0.473849,0.0005853266322612763,0.0,0,False,0,0.3849743668805575,0.3849743668805575,0.0,0.0,0.0,0.0,0.473849,0.0,0.11846225,0.473849,1.0
2024-09-14 05:30:00,val,False,100,0.473849,0.0070762158705741166,0.0013950079719316304,0,False,0,0.38919808551098467,0.38919808551098467,0.0,0.0,0.0,0.0,0.473849,0.0,0.11846225,0.473849,1.0
2024-09-14 06:30:00,val,False,100,0.473849,0.01697909671962261,0.04199393421056866,0,False,0,0.42066713000124073,0.42066713000124073,0.0,0.0,0.0,0.0,0.473849,0.0,0.11846225,0.473849,1.0
2024-09-14 07:30:00,val,True,100,0.473849,0.18466144065147638,0.12317075624881685,0,False,0,0.448227528746701,0.4264641,0.0,0.08964550574934022,0.08964550574934022,0.08964550574934022,0.473849,0.0,0.11846225,0.473849,1.0
2024-09-14 08:30:00,val,True,100,0.473849,0.18995750921171903,0.2014931661680341,0,False,0,0.457632826116691,0.4264641,0.0,0.07898616187063431,0.07898616187063431,0.07898616187063431,0.3842034942506598,0.0,0.11846225,0.473849,1.0
2024-09-14 09:30:00,val,True,100,0.473849,0.25261233936184646,0.25453573011350633,0,False,0,0.47988946902715246,0.4264641,0.0,0.06693666975405732,0.06693666975405732,0.06693666975405732,0.30521733238002546,0.0,0.11846225,0.473849,1.0
2024-09-14 10:30:00,val,True,100,0.473849,0.2905032893784642,0.2807521434653401,0,False,0,0.42890680744756865,0.4264641,0.0,0.05791806952429693,0.05791806952429693,0.05791806952429693,0.23828066262596814,0.0,0.11846225,0.473849,1.0
2024-09-14 11:30:00,val,True,100,0.473849,0.2892058625403643,0.29256811671859023,0,False,0,0.4036661180955837,0.4036661180955837,0.0,0.05285010677631593,0.05285010677631593,0.05285010677631593,0.18036259310167121,0.0,0.11846225,0.473849,1.0
2024-09-14 12:30:00,val,True,100,0.473849,0.2848142593196034,0.2640859472452998,0,False,0,0.3941638103395188,0.3941638103395188,0.0,0.052745459311259214,0.052745459311259214,0.052745459311259214,0.12751248632535528,0.0,0.11846225,0.473849,1.0
2024-09-14 13:30:00,val,True,100,0.473849,0.24002854280760885,0.21795112322619556,0,False,0,0.38751442908862826,0.38751442908862826,0.0,0.056122445063058614,0.056122445063058614,0.056122445063058614,0.07476702701409607,0.0,0.11846225,0.473849,1.0
2024-09-14 14:30:00,val,True,100,0.473849,0.18699346738243103,0.17474843034157156,0,False,0,0.4008003754316072,0.4008003754316072,0.0,0.028597591630305428,0.028597591630305428,0.018644581951037457,0.018644581951037457,0.00995300967926797,0.11846225,0.473849,1.0
2024-09-14 15:30:00,val,True,100,0.473849,0.13203775709041954,0.127431872660622,0,False,0,0.4085444295238149,0.4085444295238149,0.0,0.027737644923932464,0.027737644923932464,0.0,0.0,0.027737644923932464,0.11846225,0.473849,1.0
2024-09-14 16:30:00,val,True,100,0.473849,0.0664678861065954,0.0606491142372489,0,False,0,0.4450488673676668,0.4264641,0.0,0.026914571262928066,0.026914571262928066,0.0,0.0,0.026914571262928066,0.11846225,0.473849,1.0
2024-09-14 17:30:00,val,True,100,0.473849,0.0086168486690633,0.008905698294746689,0,False,0,0.4636100701366297,0.4264641,0.02852912146756638,0.02664182221758292,0.0551709436851493,0.0,0.0,0.0551709436851493,0.11846225,0.473849,1.0
2024-09-14 18:30:00,val,False,100,0.473849,0.0,0.0,0,False,0,0.5050298771414514,0.4264641,0.0,0.0,0.0,0.0,0.0,0.0,0.11846225,0.473849,1.0
2024-09-14 19:30:00,val,False,100,0.473849,0.0028082599645256998,0.0,0,False,0,0.5264457220559258,0.4264641,0.0,0.0,0.0,0.0,0.0,0.0,0.11846225,0.473849,1.0
2024-09-14 20:30:00,val,False,100,0.473849,0.002344554515942931,0.0,0,False,0,0.5257796534460287,0.4264641,0.0,0.0,0.0,0.0,0.0,0.0,0.11846225,0.473849,1.0
2024-09-14 21:30:00,val,False,100,0.473849,0.0005672918927520514,0.0,0,False,0,0.4898766539294952,0.4264641,0.0,0.0,0.0,0.0,0.0,0.0,0.11846225,0.473849,1.0
2024-09-14 22:30:00,val,False,100,0.473849,0.0,0.0,0,False,0,0.4387168830779546,0.4264641,0.0,0.0,0.0,0.0,0.0,0.0,0.11846225,0.473849,1.0
2024-09-14 23:30:00,val,False,100,0.473849,0.00040838807079195973,0.0,0,False,0,0.4109511984898622,0.4109511984898622,0.0,0.0,0.0,0.0,0.0,0.0,0.11846225,0.473849,1.0
2024-09-15 00:30:00,val,False,100,0.473849,1.0915965482592583e-05,0.0,0,False,0,0.36810443490115496,0.36810443490115496,0.0,0.0,0.0,0.0,0.473849,0.0,0.11846225,0.473849,1.0
2024-09-15 01:30:00,val,False,100,0.473849,0.0,0.0,0,False,0,0.3798740384013543,0.3798740384013543,0.0,0.0,0.0,0.0,0.473849,0.0,0.11846225,0.473849,1.0
2024-09-15 02:30:00,val,False,100,0.473849,0.0,0.0,0,False,0,0.3886793980650269,0.3886793980650269,0.0,0.0,0.0,0.0,0.473849,0.0,0.11846225,0.473849,1.0
2024-09-15 03:30:00,val,False,100,0.473849,0.0,0.0,0,False,0,0.38226186453389255,0.38226186453389255,0.0,0.0,0.0,0.0,0.473849,0.0,0.11846225,0.473849,1.0
2024-09-15 04:30:00,val,False,100,0.473849,0.0001367337590456009,0.0,0,False,0,0.3847677252065219,0.3847677252065219,0.0,0.0,0.0,0.0,0.473849,0.0,0.11846225,0.473849,1.0
2024-09-15 05:30:00,val,False,100,0.473849,0.006476067191317677,0.0013940364327752178,0,False,0,0.3845476219630908,0.3845476219630908,0.0,0.0,0.0,0.0,0.473849,0.0,0.11846225,0.473849,1.0
2024-09-15 06:30:00,val,False,100,0.473849,0.017271993626132607,0.040080320385403934,0,False,0,0.3877709269832625,0.3877709269832625,0.0,0.0,0.0,0.0,0.473849,0.0,0.11846225,0.473849,1.0
2024-09-15 07:30:00,val,True,100,0.473849,0.1646698189160526,0.09889309591214358,0,False,0,0.425970547320259,0.425970547320259,0.0,0.02583091768532969,0.02583091768532969,0.02583091768532969,0.473849,0.0,0.11846225,0.473849,1.0
2024-09-15 08:30:00,val,True,100,0.473849,0.1567865150616765,0.167433169087857,0,False,0,0.4802815022674447,0.4264641,0.0,0.058621325569546176,0.058621325569546176,0.058621325569546176,0.44801808231467033,0.0,0.11846225,0.473849,1.0
2024-09-15 09:30:00,val,True,100,0.473849,0.21059522872245312,0.22734464893478154,0,False,0,0.46550004266785405,0.4264641,0.0,0.057321622613646,0.057321622613646,0.057321622613646,0.38939675674512414,0.0,0.11846225,0.473849,1.0
2024-09-15 10:30:00,val,True,100,0.473849,0.2639808070244193,0.25849065516275166,0,False,0,0.4362260785759594,0.4264641,0.0,0.056787742394091664,0.056787742394091664,0.056787742394091664,0.33207513413147816,0.0,0.11846225,0.473849,1.0
2024-09-15 11:30:00,val,True,100,0.473849,0.2718031491239071,0.26722745505726336,0,False,0,0.406248118261003,0.406248118261003,0.0,0.05690453836628125,0.05690453836628125,0.05690453836628125,0.2752873917373865,0.0,0.11846225,0.473849,1.0
2024-09-15 12:30:00,val,True,100,0.473849,0.2599850905459523,0.28400539578056333,0,False,0,0.38634934821737954,0.38634934821737954,0.0,0.056737871182882524,0.056737871182882524,0.056737871182882524,0.21838285337110522,0.0,0.11846225,0.473849,1.0
2024-09-15 13:30:00,val,True,100,0.473849,0.2534393272643387,0.24663345009344817,0,False,0,0.3779677567794461,0.3779677567794461,0.0,0.057365739115978795,0.057365739115978795,0.057365739115978795,0.1616449821882227,0.0,0.11846225,0.473849,1.0
2024-09-15 14:30:00,val,True,100,0.473849,0.20518586550185083,0.20328097777894139,0,False,0,0.3758091801783843,0.3758091801783843,0.0,0.01593192439318281,0.01593192439318281,0.01593192439318281,0.10427924307224391,0.0,0.11846225,0.473849,1.0
2024-09-15 15:30:00,val,True,100,0.473849,0.14846733620548247,0.13840899564042689,0,False,0,0.4130783788586274,0.4130783788586274,0.0,0.018130240913768327,0.018130240913768327,0.018130240913768327,0.08834731867906111,0.0,0.11846225,0.473849,1.0
2024-09-15 16:30:00,val,True,100,0.473849,0.07381231857652962,0.06906733308957518,0,False,0,0.42770836921575844,0.4264641,0.0,0.02128478707207642,0.02128478707207642,0.02128478707207642,0.07021707776529278,0.0,0.11846225,0.473849,1.0
2024-09-15 17:30:00,val,True,100,0.473849,0.007072059950210154,0.00936827388474904,0,False,0,0.474005682428836,0.4264641,0.04046952247862584,0.021074240485647776,0.06154376296427362,0.048932290693216356,0.048932290693216356,0.012611472271057265,0.11846225,0.473849,1.0
2024-09-15 18:30:00,val,False,100,0.473849,4.738752721250057e-05,0.0,0,False,0,0.5154258923960576,0.4264641,0.0,0.0,0.0,0.0,0.0,0.0,0.11846225,0.473849,1.0
2024-09-15 19:30:00,val,False,100,0.473849,0.004960739584416151,0.0,0,False,0,0.5507919459153866,0.4264641,0.0,0.0,0.0,0.0,0.0,0.0,0.11846225,0.473849,1.0
2024-09-15 20:30:00,val,False,100,0.473849,0.003839212627708912,0.0,0,False,0,0.5248886981923098,0.4264641,0.0,0.0,0.0,0.0,0.0,0.0,0.11846225,0.473849,1.0
2024-09-15 21:30:00,val,False,100,0.473849,0.0021969719587415456,0.0,0,False,0,0.47700180329550823,0.4264641,0.0,0.0,0.0,0.0,0.0,0.0,0.11846225,0.473849,1.0
2024-09-15 22:30:00,val,False,100,0.473849,9.990908282995224e-05,0.0,0,False,0,0.4347577446074763,0.4264641,0.0,0.0,0.0,0.0,0.0,0.0,0.11846225,0.473849,1.0
2024-09-15 23:30:00,val,False,100,0.473849,0.0016800908539146185,0.0,0,False,0,0.4157337388030721,0.4157337388030721,0.0,0.0,0.0,0.0,0.0,0.0,0.11846225,0.473849,1.0
2024-09-16 00:30:00,val,False,100,0.473849,0.0005781798347234726,0.0,0,False,0,0.3865390196480187,0.3865390196480187,0.0,0.0,0.0,0.0,0.473849,0.0,0.11846225,0.473849,1.0
2024-09-16 01:30:00,val,False,100,0.473849,0.00010136866883933545,0.0,0,False,0,0.3689649736897381,0.3689649736897381,0.0,0.0,0.0,0.0,0.473849,0.0,0.11846225,0.473849,1.0
2024-09-16 02:30:00,val,False,100,0.473849,0.0,0.0,0,False,0,0.37416947912539267,0.37416947912539267,0.0,0.0,0.0,0.0,0.473849,0.0,0.11846225,0.473849,1.0
2024-09-16 03:30:00,val,False,100,0.473849,0.0,0.0,0,False,0,0.3823460610824877,0.3823460610824877,0.0,0.0,0.0,0.0,0.473849,0.0,0.11846225,0.473849,1.0
2024-09-16 04:30:00,val,False,100,0.473849,0.00025168581973016263,0.0,0,False,0,0.3785571739891471,0.3785571739891471,0.0,0.0,0.0,0.0,0.473849,0.0,0.11846225,0.473849,1.0
2024-09-16 05:30:00,val,False,100,0.473849,0.007265496113225817,0.0016796001989528885,0,False,0,0.3915533406880947,0.3915533406880947,0.0,0.0,0.0,0.0,0.473849,0.0,0.11846225,0.473849,1.0
2024-09-16 06:30:00,val,False,100,0.473849,0.018367775472313167,0.048692522460788486,0,False,0,0.41685680323980634,0.41685680323980634,0.0,0.0,0.0,0.0,0.473849,0.0,0.11846225,0.473849,1.0
2024-09-16 07:30:00,val,True,100,0.473849,0.2330055695308149,0.1384395675124824,0,False,0,0.4239284814956332,0.4239284814956332,0.0,0.01973950376957817,0.01973950376957817,0.01973950376957817,0.473849,0.0,0.11846225,0.473849,1.0
2024-09-16 08:30:00,val,True,100,0.473849,0.2109673899642229,0.22273073555618525,0,False,0,0.4726895379171901,0.4264641,0.0,0.08034473086727652,0.08034473086727652,0.08034473086727652,0.45410949623042185,0.0,0.11846225,0.473849,1.0
2024-09-16 09:30:00,val,True,100,0.473849,0.2831871896111369,0.2834926350553036,0,False,0,0.4772547068119546,0.4264641,0.0,0.0804931892859646,0.0804931892859646,0.0804931892859646,0.37376476536314535,0.0,0.11846225,0.473849,1.0
2024-09-16 10:30:00,val,True,100,0.473849,0.3190794970551133,0.30241296493631603,0,False,0,0.4255986451972957,0.4255986451972957,0.0,0.0804072970702254,0.0804072970702254,0.0804072970702254,0.29327157607718074,0.0,0.11846225,0.473849,1.0
2024-09-16 11:30:00,val,True,100,0.473849,0.31219431272017956,0.2845762033958435,0,False,0,0.41713108673476323,0.41713108673476323,0.0,0.08134108470809863,0.08134108470809863,0.08134108470809863,0.21286427900695534,0.0,0.11846225,0.473849,1.0
2024-09-16 12:30:00,val,True,100,0.473849,0.2816487182570696,0.2513704229627848,0,False,0,0.39930597693303477,0.39930597693303477,0.0,0.0846400613500463,0.0846400613500463,0.0846400613500463,0.13152319429885673,0.0,0.11846225,0.473849,1.0
2024-09-16 13:30:00,val,True,100,0.473849,0.23483320341700314,0.22008869171237946,0,False,0,0.3935726262461007,0.3935726262461007,0.0,0.08740057275272745,0.08740057275272745,0.04688313294881043,0.04688313294881043,0.04051743980391702,0.11846225,0.473849,1.0
2024-09-16 14:30:00,val,True,100,0.473849,0.1940397169545293,0.16116676435413957,0,False,0,0.396270391611265,0.396270391611265,0.0,0.03958744609931229,0.03958744609931229,0.0,0.0,0.03958744609931229,0.11846225,0.473849,1.0
2024-09-16 15:30:00,val,True,100,0.473849,0.12295158885775506,0.11354896454440057,0,False,0,0.4031104124060545,0.4031104124060545,0.0,0.040854722078621994,0.040854722078621994,0.0,0.0,0.040854722078621994,0.11846225,0.473849,1.0
2024-09-16 16:30:00,val,True,100,0.473849,0.0603880574131906,0.0626024064212963,0,False,0,0.4428470160280329,0.4264641,0.0,0.037674207803908524,0.037674207803908524,0.0,0.0,0.037674207803908524,0.11846225,0.473849,1.0
2024-09-16 17:30:00,val,True,100,0.473849,0.008406163649789989,0.009171565251928056,0,False,0,0.4881927281068667,0.4264641,0.0533224644570767,0.0415031296328581,0.0948255940899348,0.0,0.0,0.0948255940899348,0.11846225,0.473849,1.0
2024-09-16 18:30:00,val,False,100,0.473849,9.421989023685456e-07,0.0,0,False,0,0.5322547116344452,0.4264641,0.0,0.0,0.0,0.0,0.0,0.0,0.11846225,0.473849,1.0
2024-09-16 19:30:00,val,False,100,0.473849,0.0031495564097613095,0.0,0,False,0,0.5634776624922211,0.4264641,0.0,0.0,0.0,0.0,0.0,0.0,0.11846225,0.473849,1.0
2024-09-16 20:30:00,val,False,100,0.473849,0.0012245556949824095,0.0,0,False,0,0.531723864259448,0.4264641,0.0,0.0,0.0,0.0,0.0,0.0,0.11846225,0.473849,1.0
2024-09-16 21:30:00,val,False,100,0.473849,0.00034579628479480747,0.0,0,False,0,0.48492661932724845,0.4264641,0.0,0.0,0.0,0.0,0.0,0.0,0.11846225,0.473849,1.0
2024-09-16 22:30:00,val,False,100,0.473849,0.0,0.0,0,False,0,0.4314516898575827,0.4264641,0.0,0.0,0.0,0.0,0.0,0.0,0.11846225,0.473849,1.0
2024-09-16 23:30:00,val,False,100,0.473849,0.0004756837091445923,0.0,0,False,0,0.39841233326455,0.39841233326455,0.0,0.0,0.0,0.0,0.0,0.0,0.11846225,0.473849,1.0
2024-09-17 00:30:00,val,False,100,0.473849,1.3926179513335229e-05,0.0,0,False,0,0.383055244110391,0.383055244110391,0.0,0.0,0.0,0.0,0.473849,0.0,0.11846225,0.473849,1.0
2024-09-17 01:30:00,val,False,100,0.473849,0.0,0.0,0,False,0,0.3828275990628505,0.3828275990628505,0.0,0.0,0.0,0.0,0.473849,0.0,0.11846225,0.473849,1.0
2024-09-17 02:30:00,val,False,100,0.473849,0.0,0.0,0,False,0,0.3941113966004171,0.3941113966004171,0.0,0.0,0.0,0.0,0.473849,0.0,0.11846225,0.473849,1.0
2024-09-17 03:30:00,val,False,100,0.473849,0.0,0.0,0,False,0,0.3629378313994134,0.3629378313994134,0.0,0.0,0.0,0.0,0.473849,0.0,0.11846225,0.473849,1.0
2024-09-17 04:30:00,val,False,100,0.473849,3.471431566774845e-05,0.0,0,False,0,0.3795136129602491,0.3795136129602491,0.0,0.0,0.0,0.0,0.473849,0.0,0.11846225,0.473849,1.0
2024-09-17 05:30:00,val,False,100,0.473849,0.0069405434265434746,0.0016725028053218775,0,False,0,0.36253719603642776,0.36253719603642776,0.0,0.0,0.0,0.0,0.473849,0.0,0.11846225,0.473849,1.0
2024-09-17 06:30:00,val,False,100,0.473849,0.01817552892962098,0.046414131694100795,0,False,0,0.41122258216096275,0.41122258216096275,0.0,0.0,0.0,0.0,0.473849,0.0,0.11846225,0.473849,1.0
2024-09-17 07:30:00,val,True,100,0.473849,0.21685349449816346,0.12352754319187999,0,False,0,0.4511405105934854,0.4264641,0.0,0.03871238199039082,0.03871238199039082,0.03871238199039082,0.473849,0.0,0.11846225,0.473849,1.0
2024-09-17 08:30:00,val,True,100,0.473849,0.19039741082060338,0.19594527446061372,0,False,0,0.4633003934170277,0.4264641,0.0,0.0837857969861003,0.0837857969861003,0.0837857969861003,0.4351366180096092,0.0,0.11846225,0.473849,1.0
2024-09-17 09:30:00,val,True,100,0.473849,0.2442943464745283,0.257260243537426,0,False,0,0.4638876399371239,0.4264641,0.0,0.08369963147763401,0.08369963147763401,0.08369963147763401,0.3513508210235089,0.0,0.11846225,0.473849,1.0
2024-09-17 10:30:00,val,True,100,0.473849,0.29400983093720673,0.2914317208400965,0,False,0,0.4317370870830285,0.4264641,0.0,0.07893185970157812,0.07893185970157812,0.07893185970157812,0.26765118954587486,0.0,0.11846225,0.473849,1.0
2024-09-17 11:30:00,val,True,100,0.473849,0.30195966356652976,0.2898140945604444,0,False,0,0.39241962957420684,0.39241962957420684,0.0,0.07818743450406612,0.07818743450406612,0.07818743450406612,0.18871932984429673,0.0,0.11846225,0.473849,1.0
2024-09-17 12:30:00,val,True,100,0.473849,0.28083086170107124,0.2741478938745856,0,False,0,0.38027673225562036,0.38027673225562036,0.0,0.07955306266200272,0.07955306266200272,0.07955306266200272,0.11053189534023061,0.0,0.11846225,0.473849,1.0
2024-09-17 13:30:00,val,True,100,0.473849,0.24834317929121852,0.2469656742991805,0,False,0,0.38954038765247984,0.38954038765247984,0.0,0.080014467682373,0.080014467682373,0.03097883267822789,0.03097883267822789,0.04903563500414511,0.11846225,0.473849,1.0
2024-09-17 14:30:00,val,True,100,0.473849,0.2100590404575765,0.20274978939417004,0,False,0,0.393916121544415,0.393916121544415,0.0,0.01536062837760793,0.01536062837760793,0.0,0.0,0.01536062837760793,0.11846225,0.473849,1.0
2024-09-17 15:30:00,val,True,100,0.473849,0.1508440874776542,0.14488322585278748,0,False,0,0.4004760347594648,0.4004760347594648,0.0,0.017068419315949282,0.017068419315949282,0.0,0.0,0.017068419315949282,0.11846225,0.473849,1.0
2024-09-17 16:30:00,val,True,100,0.473849,0.07764586422786117,0.0750522878125459,0,False,0,0.41994356448133036,0.41994356448133036,0.0,0.012295158784052518,0.012295158784052518,0.0,0.0,0.012295158784052518,0.11846225,0.473849,1.0
2024-09-17 17:30:00,val,True,100,0.473849,0.00637402548706159,0.009067946680611465,0,False,0,0.4713649826153746,0.4264641,0.03852685712831297,0.012293175687321958,0.05082003281563493,0.0,0.0,0.05082003281563493,0.11846225,0.473849,1.0
2024-09-17 18:30:00,val,False,100,0.473849,4.051556915044785e-05,0.0,0,False,0,0.5182539758943407,0.4264641,0.0,0.0,0.0,0.0,0.0,0.0,0.11846225,0.473849,1.0
2024-09-17 19:30:00,val,False,100,0.473849,0.003980416264355182,0.0,0,False,0,0.5526707889567845,0.4264641,0.0,0.0,0.0,0.0,0.0,0.0,0.11846225,0.473849,1.0
2024-09-17 20:30:00,val,False,100,0.473849,0.004371191773042083,0.0,0,False,0,0.5395216469571119,0.4264641,0.0,0.0,0.0,0.0,0.0,0.0,0.11846225,0.473849,1.0
2024-09-17 21:30:00,val,False,100,0.473849,0.001406676762908697,0.0,0,False,0,0.48990700142537513,0.4264641,0.0,0.0,0.0,0.0,0.0,0.0,0.11846225,0.473849,1.0
2024-09-17 22:30:00,val,False,100,0.473849,3.2838290929794314e-05,0.0,0,False,0,0.4349773720973474,0.4264641,0.0,0.0,0.0,0.0,0.0,0.0,0.11846225,0.473849,1.0
2024-09-17 23:30:00,val,False,100,0.473849,0.0006412710693925619,0.0,0,False,0,0.39543633027843267,0.39543633027843267,0.0,0.0,0.0,0.0,0.0,0.0,0.11846225,0.473849,1.0
2024-09-18 00:30:00,val,False,100,0.473849,0.0001889943510890007,0.0,0,False,0,0.370599743450077,0.370599743450077,0.0,0.0,0.0,0.0,0.473849,0.0,0.11846225,0.473849,1.0
2024-09-18 01:30:00,val,False,100,0.473849,8.477088890969753e-05,0.0,0,False,0,0.38090965274918315,0.38090965274918315,0.0,0.0,0.0,0.0,0.473849,0.0,0.11846225,0.473849,1.0
2024-09-18 02:30:00,val,False,100,0.473849,0.0,0.0,0,False,0,0.36656319731014997,0.36656319731014997,0.0,0.0,0.0,0.0,0.473849,0.0,0.11846225,0.473849,1.0
2024-09-18 03:30:00,val,False,100,0.473849,0.0,0.0,0,False,0,0.38778167811528474,0.38778167811528474,0.0,0.0,0.0,0.0,0.473849,0.0,0.11846225,0.473849,1.0
2024-09-18 04:30:00,val,False,100,0.473849,2.630691759288311e-05,0.0,0,False,0,0.3755236096108074,0.3755236096108074,0.0,0.0,0.0,0.0,0.473849,0.0,0.11846225,0.473849,1.0
2024-09-18 05:30:00,val,False,100,0.473849,0.006214697063744068,0.002068457640143694,0,False,0,0.3848933403162581,0.3848933403162581,0.0,0.0,0.0,0.0,0.473849,0.0,0.11846225,0.473849,1.0
2024-09-18 06:30:00,val,False,100,0.473849,0.017279602728620173,0.04842996759919822,0,False,0,0.3901920465574633,0.3901920465574633,0.0,0.0,0.0,0.0,0.473849,0.0,0.11846225,0.473849,1.0
2024-09-18 07:30:00,val,True,100,0.473849,0.23198806017461418,0.13541481466677785,0,False,0,0.44265405654174206,0.4264641,0.0,0.009882475218075743,0.009882475218075743,0.009882475218075743,0.473849,0.0,0.11846225,0.473849,1.0
2024-09-18 08:30:00,val,True,100,0.473849,0.20686614456930758,0.22128482435160876,0,False,0,0.4604719797936381,0.4264641,0.0,0.08168447261632586,0.08168447261632586,0.08168447261632586,0.4639665247819243,0.0,0.11846225,0.473849,1.0
2024-09-18 09:30:00,val,True,100,0.473849,0.2804788777179718,0.28673659702199694,0,False,0,0.48587340251062544,0.4264641,0.0,0.08218448379487547,0.08218448379487547,0.08218448379487547,0.3822820521655984,0.0,0.11846225,0.473849,1.0
2024-09-18 10:30:00,val,True,100,0.473849,0.32468608000308274,0.3262621597651243,0,False,0,0.44116371933506776,0.4264641,0.0,0.08148085711140146,0.08148085711140146,0.08148085711140146,0.30009756837072293,0.0,0.11846225,0.473849,1.0
2024-09-18 11:30:00,val,True,100,0.473849,0.3367942802772522,0.34610274255537987,0,False,0,0.42146160775454133,0.42146160775454133,0.0,0.08087108592761535,0.08087108592761535,0.08087108592761535,0.21861671125932147,0.0,0.11846225,0.473849,1.0
2024-09-18 12:30:00,val,True,100,0.473849,0.33488420241349937,0.333382363222301,0,False,0,0.3798329484413808,0.3798329484413808,0.0,0.0802590914094489,0.0802590914094489,0.0802590914094489,0.13774562533170612,0.0,0.11846225,0.473849,1.0
2024-09-18 13:30:00,val,True,100,0.473849,0.3006897976922393,0.2912148464886546,0,False,0,0.3732212042957114,0.3732212042957114,0.0,0.08058919782520996,0.08058919782520996,0.05748653392225722,0.05748653392225722,0.023102663902952736,0.11846225,0.473849,1.0
2024-09-18 14:30:00,val,True,100,0.473849,0.2458543827240765,0.23795796644309164,0,False,0,0.3889208794769919,0.3889208794769919,0.0,0.01047977648623535,0.01047977648623535,0.0,0.0,0.01047977648623535,0.11846225,0.473849,1.0
2024-09-18 15:30:00,val,True,100,0.473849,0.18090470180666446,0.1702318763177693,0,False,0,0.41354877844194854,0.41354877844194854,0.0,0.012645158536255505,0.012645158536255505,0.0,0.0,0.012645158536255505,0.11846225,0.473849,1.0
2024-09-18 16:30:00,val,True,100,0.473849,0.10003750570647418,0.08476257521061599,0,False,0,0.4321402745356425,0.4264641,0.0,0.01583810921818494,0.01583810921818494,0.0,0.0,0.01583810921818494,0.11846225,0.473849,1.0
2024-09-18 17:30:00,val,True,100,0.473849,0.016145151016119866,0.011974331370458937,0,False,0,0.4854898754616836,0.4264641,0.04288062444556372,0.020221869331390366,0.06310249377695408,0.0,0.0,0.06310249377695408,0.11846225,0.473849,1.0
2024-09-18 18:30:00,val,False,100,0.473849,0.00014773886406421662,0.0,0,False,0,0.5395319163776067,0.4264641,0.0,0.0,0.0,0.0,0.0,0.0,0.11846225,0.473849,1.0
2024-09-18 19:30:00,val,False,100,0.473849,0.007149477523133159,0.0,0,False,0,0.5484108486185617,0.4264641,0.0,0.0,0.0,0.0,0.0,0.0,0.11846225,0.473849,1.0
2024-09-18 20:30:00,val,False,100,0.473849,0.007463783279046416,0.0,0,False,0,0.5229845222017095,0.4264641,0.0,0.0,0.0,0.0,0.0,0.0,0.11846225,0.473849,1.0
2024-09-18 21:30:00,val,False,100,0.473849,0.0020939022104889153,0.0,0,False,0,0.49694024898474454,0.4264641,0.0,0.0,0.0,0.0,0.0,0.0,0.11846225,0.473849,1.0
2024-09-18 22:30:00,val,False,100,0.473849,3.9292787805199625e-05,0.0,0,False,0,0.44570316521008974,0.4264641,0.0,0.0,0.0,0.0,0.0,0.0,0.11846225,0.473849,1.0
2024-09-18 23:30:00,val,False,100,0.473849,0.001992543298736215,0.0,0,False,0,0.400563747056232,0.400563747056232,0.0,0.0,0.0,0.0,0.0,0.0,0.11846225,0.473849,1.0
2024-09-19 00:30:00,val,False,100,0.473849,0.0007699821541458368,0.0,0,False,0,0.38714863403664856,0.38714863403664856,0.0,0.0,0.0,0.0,0.473849,0.0,0.11846225,0.473849,1.0
2024-09-19 01:30:00,val,False,100,0.473849,0.0003135012637078762,0.0,0,False,0,0.3809768194207237,0.3809768194207237,0.0,0.0,0.0,0.0,0.473849,0.0,0.11846225,0.473849,1.0
2024-09-19 02:30:00,val,False,100,0.473849,0.0,0.0,0,False,0,0.374449042591534,0.374449042591534,0.0,0.0,0.0,0.0,0.473849,0.0,0.11846225,0.473849,1.0
2024-09-19 03:30:00,val,False,100,0.473849,0.0,0.0,0,False,0,0.38378233568096987,0.38378233568096987,0.0,0.0,0.0,0.0,0.473849,0.0,0.11846225,0.473849,1.0
2024-09-19 04:30:00,val,False,100,0.473849,8.952175852656365e-05,0.0,0,False,0,0.3856582854584312,0.3856582854584312,0.0,0.0,0.0,0.0,0.473849,0.0,0.11846225,0.473849,1.0
2024-09-19 05:30:00,val,False,100,0.473849,0.006658583106651902,0.001847684083854023,0,False,0,0.38728367395560265,0.38728367395560265,0.0,0.0,0.0,0.0,0.473849,0.0,0.11846225,0.473849,1.0
2024-09-19 06:30:00,val,False,100,0.473849,0.016654647305876017,0.054473037189409136,0,False,0,0.40898509735396854,0.40898509735396854,0.0,0.0,0.0,0.0,0.473849,0.0,0.11846225,0.473849,1.0
2024-09-19 07:30:00,val,True,100,0.473849,0.2773950318936109,0.1429454595389068,0,False,0,0.453706323159058,0.4264641,0.0,0.016189067637523584,0.016189067637523584,0.016189067637523584,0.473849,0.0,0.11846225,0.473849,1.0
2024-09-19 08:30:00,val,True,100,0.473849,0.21714321134653689,0.22544800698080658,0,False,0,0.45612729922422124,0.4264641,0.0,0.11444090031485615,0.11444090031485615,0.11444090031485615,0.45765993236247643,0.0,0.11846225,0.473849,1.0
2024-09-19 09:30:00,val,True,100,0.473849,0.2865170688830614,0.28770786582410335,0,False,0,0.48016777317437936,0.4264641,0.0,0.11464958344966872,0.11464958344966872,0.11464958344966872,0.3432190320476203,0.0,0.11846225,0.473849,1.0
2024-09-19 10:30:00,val,True,100,0.473849,0.3254846243402958,0.3191648307319879,0,False,0,0.42518364047266427,0.42518364047266427,0.0,0.1144350718957386,0.1144350718957386,0.1144350718957386,0.22856944859795156,0.0,0.11846225,0.473849,1.0
2024-09-19 11:30:00,val,True,100,0.473849,0.32946234825104476,0.31617272164803745,0,False,0,0.4111612029791304,0.4111612029791304,0.0,0.11416006261819248,0.11416006261819248,0.11413437670221296,0.11413437670221296,2.5685915979511975e-05,0.11846225,0.473849,1.0
2024-09-19 12:30:00,val,True,100,0.473849,0.3094055996554494,0.28843737276774645,0,False,0,0.39226643925330557,0.39226643925330557,0.0,0.11395784527115352,0.11395784527115352,0.0,0.0,0.11395784527115352,0.11846225,0.473849,1.0
2024-09-19 13:30:00,val,True,100,0.473849,0.2659032300310135,0.23549742698404194,0,False,0,0.39099278792913145,0.39099278792913145,0.0,0.11535818222462892,0.11535818222462892,0.0,0.0,0.11535818222462892,0.11846225,0.473849,1.0
2024-09-19 14:30:00,val,True,100,0.473849,0.2056871497324407,0.19603438023245334,0,False,0,0.3856413947002263,0.3856413947002263,0.0,0.033752639774137984,0.033752639774137984,0.0,0.0,0.033752639774137984,0.11846225,0.473849,1.0
2024-09-19 15:30:00,val,True,100,0.473849,0.1510122773810029,0.12063020551152527,0,False,0,0.4074701632160548,0.4074701632160548,0.0,0.03160734442790634,0.03160734442790634,0.0,0.0,0.03160734442790634,0.11846225,0.473849,1.0
2024-09-19 16:30:00,val,True,100,0.473849,0.0667241447365731,0.06165118013076484,0,False,0,0.45682127831376007,0.4264641,0.0,0.03564117268414557,0.03564117268414557,0.0,0.0,0.03564117268414557,0.11846225,0.473849,1.0
2024-09-19 17:30:00,val,True,100,0.473849,0.01181349078328535,0.008128473792406702,0,False,0,0.4699840297747639,0.4264641,0.03170643899147853,0.035926342684107354,0.06763278167558588,0.0,0.0,0.06763278167558588,0.11846225,0.473849,1.0
2024-09-19 18:30:00,val,False,100,0.473849,0.00047349860820174216,0.0,0,False,0,0.5183992089241344,0.4264641,0.0,0.0,0.0,0.0,0.0,0.0,0.11846225,0.473849,1.0
2024-09-19 19:30:00,val,False,100,0.473849,0.006693823988690972,0.0,0,False,0,0.5597830934999629,0.4264641,0.0,0.0,0.0,0.0,0.0,0.0,0.11846225,0.473849,1.0
2024-09-19 20:30:00,val,False,100,0.473849,0.0022275046853125094,0.0,0,False,0,0.5498421076987163,0.4264641,0.0,0.0,0.0,0.0,0.0,0.0,0.11846225,0.473849,1.0
2024-09-19 21:30:00,val,False,100,0.473849,0.00222174343816936,0.0,0,False,0,0.48165836033604836,0.4264641,0.0,0.0,0.0,0.0,0.0,0.0,0.11846225,0.473849,1.0
2024-09-19 22:30:00,val,False,100,0.473849,8.907632321119308e-06,0.0,0,False,0,0.43455188918560217,0.4264641,0.0,0.0,0.0,0.0,0.0,0.0,0.11846225,0.473849,1.0
2024-09-19 23:30:00,val,False,100,0.473849,1.182845786213875e-05,0.0,0,False,0,0.4084145610080785,0.4084145610080785,0.0,0.0,0.0,0.0,0.0,0.0,0.11846225,0.473849,1.0
2024-09-20 00:30:00,val,False,100,0.473849,0.0,0.0,0,False,0,0.3811189896245983,0.3811189896245983,0.0,0.0,0.0,0.0,0.473849,0.0,0.11846225,0.473849,1.0
2024-09-20 01:30:00,val,False,100,0.473849,0.0,0.0,0,False,0,0.39497249931903633,0.39497249931903633,0.0,0.0,0.0,0.0,0.473849,0.0,0.11846225,0.473849,1.0
2024-09-20 02:30:00,val,False,100,0.473849,0.0,0.0,0,False,0,0.375919685646205,0.375919685646205,0.0,0.0,0.0,0.0,0.473849,0.0,0.11846225,0.473849,1.0
2024-09-20 03:30:00,val,False,100,0.473849,0.0,0.0,0,False,0,0.3823442886832061,0.3823442886832061,0.0,0.0,0.0,0.0,0.473849,0.0,0.11846225,0.473849,1.0
2024-09-20 04:30:00,val,False,100,0.473849,8.190912336111069e-06,0.0,0,False,0,0.3816500894637882,0.3816500894637882,0.0,0.0,0.0,0.0,0.473849,0.0,0.11846225,0.473849,1.0
2024-09-20 05:30:00,val,False,100,0.473849,0.00497690260502696,0.0012028194714766142,0,False,0,0.38874399640743973,0.38874399640743973,0.0,0.0,0.0,0.0,0.473849,0.0,0.11846225,0.473849,1.0
2024-09-20 06:30:00,val,False,100,0.473849,0.015190064158961177,0.042885900503642854,0,False,0,0.40480949980294256,0.40480949980294256,0.0,0.0,0.0,0.0,0.473849,0.0,0.11846225,0.473849,1.0
2024-09-20 07:30:00,val,True,100,0.473849,0.18551241493037343,0.11287064937873184,0,False,0,0.4434867469303302,0.4264641,0.0,0.03680622525641611,0.03680622525641611,0.03680622525641611,0.473849,0.0,0.11846225,0.473849,1.0
2024-09-20 08:30:00,val,True,100,0.473849,0.17407772759327292,0.18791443742793798,0,False,0,0.4586426692078101,0.4264641,0.0,0.06828946987315795,0.06828946987315795,0.06828946987315795,0.4370427747435839,0.0,0.11846225,0.473849,1.0
2024-09-20 09:30:00,val,True,100,0.473849,0.23432161217233538,0.2669055895807743,0,False,0,0.4791901947777607,0.4264641,0.0,0.06779288940170118,0.06779288940170118,0.06779288940170118,0.3687533048704259,0.0,0.11846225,0.473849,1.0
2024-09-20 10:30:00,val,True,100,0.473849,0.3095415390368104,0.297769070741415,0,False,0,0.4370780404069762,0.4264641,0.0,0.07146509948956756,0.07146509948956756,0.07146509948956756,0.3009604154687247,0.0,0.11846225,0.473849,1.0
2024-09-20 11:30:00,val,True,100,0.473849,0.30755484854400156,0.3183084560768008,0,False,0,0.3891763509551087,0.3891763509551087,0.0,0.06638020061309435,0.06638020061309435,0.06638020061309435,0.22949531597915715,0.0,0.11846225,0.473849,1.0
2024-09-20 12:30:00,val,True,100,0.473849,0.304534737988174,0.30666098036545514,0,False,0,0.38654987625812604,0.38654987625812604,0.0,0.06508832142231273,0.06508832142231273,0.06508832142231273,0.1631151153660628,0.0,0.11846225,0.473849,1.0
2024-09-20 13:30:00,val,True,100,0.473849,0.274811042108953,0.24044010186070203,0,False,0,0.3732291019846288,0.3732291019846288,0.0,0.06432355189491944,0.06432355189491944,0.06432355189491944,0.09802679394375007,0.0,0.11846225,0.473849,1.0
2024-09-20 14:30:00,val,True,100,0.473849,0.2039383491410315,0.20350058857509493,0,False,0,0.3792695339281263,0.3792695339281263,0.0,0.035777492847392865,0.035777492847392865,0.03370324204883063,0.03370324204883063,0.002074250798562237,0.11846225,0.473849,1.0
2024-09-20 15:30:00,val,True,100,0.473849,0.15315199222528936,0.13988428197163344,0,False,0,0.40198254419285406,0.40198254419285406,0.0,0.03697960044362257,0.03697960044362257,0.0,0.0,0.03697960044362257,0.11846225,0.473849,1.0
2024-09-20 16:30:00,val,True,100,0.473849,0.07432750388082862,0.07410002178297936,0,False,0,0.43492993938964,0.4264641,0.0,0.03382160222013815,0.03382160222013815,0.0,0.0,0.03382160222013815,0.11846225,0.473849,1.0
2024-09-20 17:30:00,val,True,100,0.473849,0.011216259661138057,0.009617528034074698,0,False,0,0.4933673767639493,0.4264641,0.05568701710281125,0.032104767263869925,0.08779178436668117,0.0,0.0,0.08779178436668117,0.11846225,0.473849,1.0
2024-09-20 18:30:00,val,False,100,0.473849,0.00010966532982885837,0.0,0,False,0,0.5497568684051868,0.4264641,0.0,0.0,0.0,0.0,0.0,0.0,0.11846225,0.473849,1.0
2024-09-20 19:30:00,val,False,100,0.473849,0.005439617834940552,0.0,0,False,0,0.5575644257438487,0.4264641,0.0,0.0,0.0,0.0,0.0,0.0,0.11846225,0.473849,1.0
2024-09-20 20:30:00,val,False,100,0.473849,0.00406844936786592,0.0,0,False,0,0.5406874204829176,0.4264641,0.0,0.0,0.0,0.0,0.0,0.0,0.11846225,0.473849,1.0
2024-09-20 21:30:00,val,False,100,0.473849,0.000895737663924694,0.0,0,False,0,0.4711506055392605,0.4264641,0.0,0.0,0.0,0.0,0.0,0.0,0.11846225,0.473849,1.0
2024-09-20 22:30:00,val,False,100,0.473849,1.944221040606499e-05,0.0,0,False,0,0.4386452187923469,0.4264641,0.0,0.0,0.0,0.0,0.0,0.0,0.11846225,0.473849,1.0
2024-09-20 23:30:00,val,False,100,0.473849,9.745886474847794e-07,0.0,0,False,0,0.40158339977897856,0.40158339977897856,0.0,0.0,0.0,0.0,0.0,0.0,0.11846225,0.473849,1.0
2024-09-21 00:30:00,val,False,100,0.473849,0.0,0.0,0,False,0,0.38499044624987194,0.38499044624987194,0.0,0.0,0.0,0.0,0.473849,0.0,0.11846225,0.473849,1.0
2024-09-21 01:30:00,val,False,100,0.473849,0.0,0.0,0,False,0,0.36900809156955244,0.36900809156955244,0.0,0.0,0.0,0.0,0.473849,0.0,0.11846225,0.473849,1.0
2024-09-21 02:30:00,val,False,100,0.473849,0.0,0.0,0,False,0,0.37532121898246856,0.37532121898246856,0.0,0.0,0.0,0.0,0.473849,0.0,0.11846225,0.473849,1.0
2024-09-21 03:30:00,val,False,100,0.473849,0.0,0.0,0,False,0,0.3903297705989301,0.3903297705989301,0.0,0.0,0.0,0.0,0.473849,0.0,0.11846225,0.473849,1.0
2024-09-21 04:30:00,val,False,100,0.473849,0.0,0.0,0,False,0,0.38860165781285905,0.38860165781285905,0.0,0.0,0.0,0.0,0.473849,0.0,0.11846225,0.473849,1.0
2024-09-21 05:30:00,val,False,100,0.473849,0.001840666638225317,0.0018292294446330924,0,False,0,0.390652708519805,0.390652708519805,0.0,0.0,0.0,0.0,0.473849,0.0,0.11846225,0.473849,1.0
2024-09-21 06:30:00,val,False,100,0.473849,0.00930955624678731,0.040814006126694384,0,False,0,0.39833126150873344,0.39833126150873344,0.0,0.0,0.0,0.0,0.473849,0.0,0.11846225,0.473849,1.0
2024-09-21 07:30:00,val,True,100,0.473849,0.16767301832842826,0.10832244390648603,0,False,0,0.42474703257940966,0.42474703257940966,0.0,0.03104095234345907,0.03104095234345907,0.03104095234345907,0.473849,0.0,0.11846225,0.473849,1.0
2024-09-21 08:30:00,val,True,100,0.473849,0.16845556033650042,0.17478824917262792,0,False,0,0.4604650576041169,0.4264641,0.0,0.057776447084495294,0.057776447084495294,0.057776447084495294,0.44280804765654097,0.0,0.11846225,0.473849,1.0
2024-09-21 09:30:00,val,True,100,0.473849,0.22160182196199893,0.22620947056990862,0,False,0,0.4587233238409959,0.4264641,0.0,0.051434119987982786,0.051434119987982786,0.051434119987982786,0.38503160057204566,0.0,0.11846225,0.473849,1.0
2024-09-21 10:30:00,val,True,100,0.473849,0.26109737706661224,0.2485149344755411,0,False,0,0.430463469677485,0.4264641,0.0,0.051476650381100025,0.051476650381100025,0.051476650381100025,0.33359748058406286,0.0,0.11846225,0.473849,1.0
2024-09-21 11:30:00,val,True,100,0.473849,0.26064695705246926,0.29871826130771634,0,False,0,0.40084843859348335,0.40084843859348335,0.0,0.05134068743502124,0.05134068743502124,0.05134068743502124,0.28212083020296286,0.0,0.11846225,0.473849,1.0
2024-09-21 12:30:00,val,True,100,0.473849,0.29108744799351693,0.29208875504499676,0,False,0,0.3910087698033201,0.3910087698033201,0.0,0.05658775388668498,0.05658775388668498,0.05658775388668498,0.23078014276794162,0.0,0.11846225,0.473849,1.0
2024-09-21 13:30:00,val,True,100,0.473849,0.25712337192225454,0.25026939859738945,0,False,0,0.37502771703061444,0.37502771703061444,0.0,0.05625002942917811,0.05625002942917811,0.05625002942917811,0.17419238888125665,0.0,0.11846225,0.473849,1.0
2024-09-21 14:30:00,val,True,100,0.473849,0.20270704797008632,0.16983575369012355,0,False,0,0.381781874043453,0.381781874043453,0.0,0.023969310530051528,0.023969310530051528,0.023969310530051528,0.11794235945207854,0.0,0.11846225,0.473849,1.0
2024-09-21 15:30:00,val,True,100,0.473849,0.12343079267394542,0.08739505205504595,0,False,0,0.4044485641125242,0.4044485641125242,0.0,0.03997854223309557,0.03997854223309557,0.03997854223309557,0.09397304892202701,0.0,0.11846225,0.473849,1.0
2024-09-21 16:30:00,val,True,100,0.473849,0.04208781799931824,0.0446843935912028,0,False,0,0.43028079870173475,0.4264641,0.0,0.05253269581202313,0.05253269581202313,0.05253269581202313,0.053994506688931444,0.0,0.11846225,0.473849,1.0
2024-09-21 17:30:00,val,True,100,0.473849,0.012774608156651258,0.005312639268932166,0,False,0,0.48797040172254186,0.4264641,0.04873169356589059,0.050363496983579045,0.09909519054946964,0.0014618108769083177,0.0014618108769083177,0.09763337967256132,0.11846225,0.473849,1.0
2024-09-21 18:30:00,val,False,100,0.473849,0.008880997355282307,0.0,0,False,0,0.533733986709907,0.4264641,0.0,0.0,0.0,0.0,0.0,0.0,0.11846225,0.473849,1.0
2024-09-21 19:30:00,val,False,100,0.473849,0.009209263844653964,0.0,0,False,0,0.5274395443154478,0.4264641,0.0,0.0,0.0,0.0,0.0,0.0,0.11846225,0.473849,1.0
2024-09-21 20:30:00,val,False,100,0.473849,0.0016846926361322402,0.0,0,False,0,0.5218778786532885,0.4264641,0.0,0.0,0.0,0.0,0.0,0.0,0.11846225,0.473849,1.0
2024-09-21 21:30:00,val,False,100,0.473849,0.0016438379265666008,0.0,0,False,0,0.4915571212090342,0.4264641,0.0,0.0,0.0,0.0,0.0,0.0,0.11846225,0.473849,1.0
2024-09-21 22:30:00,val,False,100,0.473849,1.0219356447458267e-05,0.0,0,False,0,0.42798919963655496,0.4264641,0.0,0.0,0.0,0.0,0.0,0.0,0.11846225,0.473849,1.0
2024-09-21 23:30:00,val,False,100,0.473849,7.087022714316845e-05,0.0,0,False,0,0.4011855912509092,0.4011855912509092,0.0,0.0,0.0,0.0,0.0,0.0,0.11846225,0.473849,1.0
2024-09-22 00:30:00,val,False,100,0.473849,0.0,0.0,0,False,0,0.38093938322243664,0.38093938322243664,0.0,0.0,0.0,0.0,0.473849,0.0,0.11846225,0.473849,1.0
2024-09-22 01:30:00,val,False,100,0.473849,0.0,0.0,0,False,0,0.3790232319959932,0.3790232319959932,0.0,0.0,0.0,0.0,0.473849,0.0,0.11846225,0.473849,1.0
2024-09-22 02:30:00,val,False,100,0.473849,0.0,0.0,0,False,0,0.3791463480460412,0.3791463480460412,0.0,0.0,0.0,0.0,0.473849,0.0,0.11846225,0.473849,1.0
2024-09-22 03:30:00,val,False,100,0.473849,0.0,0.0,0,False,0,0.3727013258554532,0.3727013258554532,0.0,0.0,0.0,0.0,0.473849,0.0,0.11846225,0.473849,1.0
2024-09-22 04:30:00,val,False,100,0.473849,3.6266135931015014e-05,0.0,0,False,0,0.36358318388579247,0.36358318388579247,0.0,0.0,0.0,0.0,0.473849,0.0,0.11846225,0.473849,1.0
2024-09-22 05:30:00,val,False,100,0.473849,0.0027429056240022183,0.0016469796408683179,0,False,0,0.37420127296732925,0.37420127296732925,0.0,0.0,0.0,0.0,0.473849,0.0,0.11846225,0.473849,1.0
2024-09-22 06:30:00,val,False,100,0.473849,0.010384450405031442,0.038176099941633644,0,False,0,0.3941188152549788,0.3941188152549788,0.0,0.0,0.0,0.0,0.473849,0.0,0.11846225,0.473849,1.0
2024-09-22 07:30:00,val,True,100,0.473849,0.15070901338350773,0.09987803720194101,0,False,0,0.4313524576774518,0.4264641,0.0,0.041115133467703055,0.041115133467703055,0.041115133467703055,0.473849,0.0,0.11846225,0.473849,1.0
2024-09-22 08:30:00,val,True,100,0.473849,0.15660687840041518,0.16661802660632133,0,False,0,0.466578360588191,0.4264641,0.0,0.05635038765574195,0.05635038765574195,0.05635038765574195,0.43273386653229695,0.0,0.11846225,0.473849,1.0
2024-09-22 09:30:00,val,True,100,0.473849,0.21159247575721143,0.24208339637562631,0,False,0,0.47250101059926847,0.4264641,0.0,0.058963709845382115,0.058963709845382115,0.058963709845382115,0.376383478876555,0.0,0.11846225,0.473849,1.0
2024-09-22 10:30:00,val,True,100,0.473849,0.2809059183444977,0.2680760415915251,0,False,0,0.4469084642284447,0.4264641,0.0,0.05808795921070521,0.05808795921070521,0.05808795921070521,0.31741976903117286,0.0,0.11846225,0.473849,1.0
2024-09-22 11:30:00,val,True,100,0.473849,0.27879747154051066,0.23945095484808088,0,False,0,0.40841176976028,0.40841176976028,0.0,0.049475035464765935,0.049475035464765935,0.049475035464765935,0.25933180982046766,0.0,0.11846225,0.473849,1.0
2024-09-22 12:30:00,val,True,100,0.473849,0.23325520013961196,0.19859297317671776,0,False,0,0.3813450945407953,0.3813450945407953,0.0,0.061368674195906546,0.061368674195906546,0.061368674195906546,0.20985677435570171,0.0,0.11846225,0.473849,1.0
2024-09-22 13:30:00,val,True,100,0.473849,0.1794142007624209,0.1807030206567943,0,False,0,0.3837880685983712,0.3837880685983712,0.0,0.06797140049867402,0.06797140049867402,0.06797140049867402,0.14848810015979516,0.0,0.11846225,0.473849,1.0
2024-09-22 14:30:00,val,True,100,0.473849,0.15115666297337413,0.13998792789039016,0,False,0,0.39171311719034996,0.39171311719034996,0.0,0.05169050031327378,0.05169050031327378,0.05169050031327378,0.08051669966112114,0.0,0.11846225,0.473849,1.0
2024-09-22 15:30:00,val,True,100,0.473849,0.095656494249776,0.11994357414717972,0,False,0,0.4052034889405195,0.4052034889405195,0.0,0.05290458791722727,0.05290458791722727,0.02882619934784736,0.02882619934784736,0.02407838856937991,0.11846225,0.473849,1.0
2024-09-22 16:30:00,val,True,100,0.473849,0.05442506597778946,0.055562281270563604,0,False,0,0.4316332653376134,0.4264641,0.0,0.05068992046563468,0.05068992046563468,0.0,0.0,0.05068992046563468,0.11846225,0.473849,1.0
2024-09-22 17:30:00,val,True,100,0.473849,0.00029524599039927124,0.0069635177236991004,0,False,0,0.48519434556746277,0.4264641,0.05843499957706349,0.04934027086410676,0.10777527044117025,0.0,0.0,0.10777527044117025,0.11846225,0.473849,1.0
2024-09-22 18:30:00,val,False,100,0.473849,4.317518770694733e-07,0.0,0,False,0,0.5321162663838004,0.4264641,0.0,0.0,0.0,0.0,0.0,0.0,0.11846225,0.473849,1.0
2024-09-22 19:30:00,val,False,100,0.473849,0.0005773221620172263,0.0,0,False,0,0.5563072766802245,0.4264641,0.0,0.0,0.0,0.0,0.0,0.0,0.11846225,0.473849,1.0
2024-09-22 20:30:00,val,False,100,0.473849,0.0026185594476908444,0.0,0,False,0,0.5228354519933701,0.4264641,0.0,0.0,0.0,0.0,0.0,0.0,0.11846225,0.473849,1.0
2024-09-22 21:30:00,val,False,100,0.473849,0.0017127520021498204,0.0,0,False,0,0.49882989094685426,0.4264641,0.0,0.0,0.0,0.0,0.0,0.0,0.11846225,0.473849,1.0
2024-09-22 22:30:00,val,False,100,0.473849,0.00026163400681316853,0.0,0,False,0,0.44959867839899037,0.4264641,0.0,0.0,0.0,0.0,0.0,0.0,0.11846225,0.473849,1.0
2024-09-22 23:30:00,val,False,100,0.473849,0.003037964264884591,0.0,0,False,0,0.40197190769658536,0.40197190769658536,0.0,0.0,0.0,0.0,0.0,0.0,0.11846225,0.473849,1.0
2024-09-23 00:30:00,val,False,100,0.473849,0.000839350470289588,0.0,0,False,0,0.37351471313932677,0.37351471313932677,0.0,0.0,0.0,0.0,0.473849,0.0,0.11846225,0.473849,1.0
2024-09-23 01:30:00,val,False,100,0.473849,0.00022690163910388947,0.0,0,False,0,0.3663663712450875,0.3663663712450875,0.0,0.0,0.0,0.0,0.473849,0.0,0.11846225,0.473849,1.0
2024-09-23 02:30:00,val,False,100,0.473849,1.86835341155529e-06,0.0,0,False,0,0.36570270502751384,0.36570270502751384,0.0,0.0,0.0,0.0,0.473849,0.0,0.11846225,0.473849,1.0
2024-09-23 03:30:00,val,False,100,0.473849,0.0,0.0,0,False,0,0.37202468381104137,0.37202468381104137,0.0,0.0,0.0,0.0,0.473849,0.0,0.11846225,0.473849,1.0
2024-09-23 04:30:00,val,False,100,0.473849,1.0271886527538299e-05,0.0,0,False,0,0.3760458322213755,0.3760458322213755,0.0,0.0,0.0,0.0,0.473849,0.0,0.11846225,0.473849,1.0
2024-09-23 05:30:00,val,False,100,0.473849,0.004970135006934404,0.0012813631408727525,0,False,0,0.3808798762697005,0.3808798762697005,0.0,0.0,0.0,0.0,0.473849,0.0,0.11846225,0.473849,1.0
2024-09-23 06:30:00,val,False,100,0.473849,0.014361198173075915,0.026449085094537587,0,False,0,0.39956915298166323,0.39956915298166323,0.0,0.0,0.0,0.0,0.473849,0.0,0.11846225,0.473849,1.0
2024-09-23 07:30:00,val,True,100,0.473849,0.06470659027922153,0.07257585086460412,0,False,0,0.442663415205179,0.4264641,0.0,0.03445525089211142,0.03445525089211142,0.03445525089211142,0.473849,0.0,0.11846225,0.473849,1.0
2024-09-23 08:30:00,val,True,100,0.473849,0.1214822189385891,0.1260449822563529,0,False,0,0.4660956873358987,0.4264641,0.0,0.01407130151288117,0.01407130151288117,0.01407130151288117,0.4393937491078886,0.0,0.11846225,0.473849,1.0
2024-09-23 09:30:00,val,True,100,0.473849,0.163194926784724,0.15684693543860317,0,False,0,0.47174801325547766,0.4264641,0.0,0.01330524083847983,0.01330524083847983,0.01330524083847983,0.4253224475950074,0.0,0.11846225,0.473849,1.0
2024-09-23 10:30:00,val,True,100,0.473849,0.1951527336625755,0.17819816174340247,0,False,0,0.42635677200491406,0.42635677200491406,0.0,0.010342884314403677,0.010342884314403677,0.010342884314403677,0.4120172067565276,0.0,0.11846225,0.473849,1.0
2024-09-23 11:30:00,val,True,100,0.473849,0.2033318826454878,0.19492976868239045,0,False,0,0.4117557503034303,0.4117557503034303,0.0,0.016196432619049097,0.016196432619049097,0.016196432619049097,0.4016743224421239,0.0,0.11846225,0.473849,1.0
2024-09-23 12:30:00,val,True,100,0.473849,0.20303093983080983,0.21048889192590117,0,False,0,0.36933623766443835,0.36933623766443835,0.0,0.018534152192690324,0.018534152192690324,0.018534152192690324,0.38547788982307485,0.0,0.11846225,0.473849,1.0
2024-09-23 13:30:00,val,True,100,0.473849,0.18736186489984394,0.24250103938120604,0,False,0,0.3882940158859206,0.3882940158859206,0.0,0.018637427831639734,0.018637427831639734,0.018637427831639734,0.3669437376303845,0.0,0.11846225,0.473849,1.0
2024-09-23 14:30:00,val,True,100,0.473849,0.19077492549210787,0.20818735106363892,0,False,0,0.36773747342806046,0.36773747342806046,0.0,0.03638373305961853,0.03638373305961853,0.03638373305961853,0.3483063097987448,0.0,0.11846225,0.473849,1.0
2024-09-23 15:30:00,val,True,100,0.473849,0.13338650877290964,0.1479226287688315,0,False,0,0.39248470586226536,0.39248470586226536,0.0,0.034895926441063777,0.034895926441063777,0.034895926441063777,0.31192257673912627,0.0,0.11846225,0.473849,1.0
2024-09-23 16:30:00,val,True,100,0.473849,0.06266827830869705,0.06826805883051455,0,False,0,0.44231887309809403,0.4264641,0.0,0.029889047808845527,0.029889047808845527,0.029889047808845527,0.2770266502980625,0.0,0.11846225,0.473849,1.0
2024-09-23 17:30:00,val,True,100,0.473849,0.0,0.007882999440695261,0,False,0,0.4843111526009912,0.4264641,0.05784705260099121,0.0200610739548314,0.0779081265558226,0.0779081265558226,0.24713760248921698,0.0,0.11846225,0.473849,1.0
2024-09-23 18:30:00,val,False,100,0.473849,0.0,0.0,0,False,0,0.5376735922543054,0.4264641,0.0,0.0,0.0,0.0,0.16922947593339438,0.0,0.11846225,0.473849,1.0
2024-09-23 19:30:00,val,False,100,0.473849,0.005214146332070232,0.0,0,False,0,0.5498601853939965,0.4264641,0.0,0.0,0.0,0.0,0.16922947593339438,0.0,0.11846225,0.473849,1.0
2024-09-23 20:30:00,val,False,100,0.473849,0.004775250470727682,0.0,0,False,0,0.5215406487007626,0.4264641,0.0,0.0,0.0,0.0,0.16922947593339438,0.0,0.11846225,0.473849,1.0
2024-09-23 21:30:00,val,False,100,0.473849,1.8157997384667395e-05,0.0,0,False,0,0.4845805152990853,0.4264641,0.0,0.0,0.0,0.0,0.16922947593339438,0.0,0.11846225,0.473849,1.0
2024-09-23 22:30:00,val,False,100,0.473849,2.5538534224033355e-06,0.0,0,False,0,0.42881500966291797,0.4264641,0.0,0.0,0.0,0.0,0.16922947593339438,0.0,0.11846225,0.473849,1.0
2024-09-23 23:30:00,val,False,100,0.473849,0.0008455121624022722,0.0,0,False,0,0.39404261793218825,0.39404261793218825,0.0,0.0,0.0,0.0,0.16922947593339438,0.0,0.11846225,0.473849,1.0
2024-09-24 00:30:00,val,False,100,0.473849,2.090692698955536e-06,0.0,0,False,0,0.3815518329146883,0.3815518329146883,0.0,0.0,0.0,0.0,0.473849,0.0,0.11846225,0.473849,1.0
2024-09-24 01:30:00,val,False,100,0.473849,0.0,0.0,0,False,0,0.38280174216174995,0.38280174216174995,0.0,0.0,0.0,0.0,0.473849,0.0,0.11846225,0.473849,1.0
2024-09-24 02:30:00,val,False,100,0.473849,0.0,0.0,0,False,0,0.38044605146830257,0.38044605146830257,0.0,0.0,0.0,0.0,0.473849,0.0,0.11846225,0.473849,1.0
2024-09-24 03:30:00,val,False,100,0.473849,0.0,0.0,0,False,0,0.3710433526105445,0.3710433526105445,0.0,0.0,0.0,0.0,0.473849,0.0,0.11846225,0.473849,1.0
2024-09-24 04:30:00,val,False,100,0.473849,0.0,0.0,0,False,0,0.4007553411655044,0.4007553411655044,0.0,0.0,0.0,0.0,0.473849,0.0,0.11846225,0.473849,1.0
2024-09-24 05:30:00,val,False,100,0.473849,0.0015218270649760962,0.001560827243560023,0,False,0,0.39138529169593256,0.39138529169593256,0.0,0.0,0.0,0.0,0.473849,0.0,0.11846225,0.473849,1.0
2024-09-24 06:30:00,val,False,100,0.473849,0.007512935936674476,0.027378842658385635,0,False,0,0.40133680575933345,0.40133680575933345,0.0,0.0,0.0,0.0,0.473849,0.0,0.11846225,0.473849,1.0
2024-09-24 07:30:00,val,True,100,0.473849,0.06947982515862584,0.08147760729186238,0,False,0,0.42519628758023703,0.42519628758023703,0.0,0.012845940481880896,0.012845940481880896,0.012845940481880896,0.473849,0.0,0.11846225,0.473849,1.0
2024-09-24 08:30:00,val,True,100,0.473849,0.13264144833897054,0.138074652800858,0,False,0,0.4735371184200504,0.4264641,0.0,0.011392241714021548,0.011392241714021548,0.011392241714021548,0.46100305951811915,0.0,0.11846225,0.473849,1.0
2024-09-24 09:30:00,val,True,100,0.473849,0.17871105785194039,0.16933165718597173,0,False,0,0.47321871813374733,0.4264641,0.0,0.0,0.0,0.0,0.4496108178040976,0.0,0.11846225,0.473849,1.0
2024-09-24 10:30:00,val,True,100,0.473849,0.20271692099887131,0.16134382234737277,0,False,0,0.44263007073843513,0.4264641,0.0,0.0077381069714467865,0.0077381069714467865,0.0077381069714467865,0.4496108178040976,0.0,0.11846225,0.473849,1.0
2024-09-24 11:30:00,val,True,100,0.473849,0.1812419511424303,0.18723219034588337,0,False,0,0.401742252729408,0.401742252729408,0.0,0.03621237835423992,0.03621237835423992,0.03621237835423992,0.44187271083265084,0.0,0.11846225,0.473849,1.0
2024-09-24 12:30:00,val,True,100,0.473849,0.197993093090564,0.18663506347244976,0,False,0,0.3774796475031527,0.3774796475031527,0.0,0.03620547975896546,0.03620547975896546,0.03620547975896546,0.40566033247841093,0.0,0.11846225,0.473849,1.0
2024-09-24 13:30:00,val,True,100,0.473849,0.16394082337918878,0.1941554032588899,0,False,0,0.38622725663362295,0.38622725663362295,0.0,0.038415842345566706,0.038415842345566706,0.038415842345566706,0.36945485271944545,0.0,0.11846225,0.473849,1.0
2024-09-24 14:30:00,val,True,100,0.473849,0.15161469651782514,0.14630842900025845,0,False,0,0.38154490940963653,0.38154490940963653,0.0,0.042594009084514106,0.042594009084514106,0.042594009084514106,0.33103901037387873,0.0,0.11846225,0.473849,1.0
2024-09-24 15:30:00,val,True,100,0.473849,0.09105829929335416,0.09392242750756442,0,False,0,0.40398064609449325,0.40398064609449325,0.0,0.04373026177222313,0.04373026177222313,0.04373026177222313,0.2884450012893646,0.0,0.11846225,0.473849,1.0
2024-09-24 16:30:00,val,True,100,0.473849,0.034291114788785576,0.043228158191546795,0,False,0,0.44476334985154964,0.4264641,0.0,0.041848243917824164,0.041848243917824164,0.041848243917824164,0.24471473951714148,0.0,0.11846225,0.473849,1.0
2024-09-24 17:30:00,val,True,100,0.473849,2.0399682037532333e-06,0.005290295429510996,0,False,0,0.4917914848152479,0.4264641,0.06532534484704416,0.018388166619393707,0.08371351146643788,0.08371351146643788,0.20286649559931733,0.0,0.11846225,0.473849,1.0
2024-09-24 18:30:00,val,False,100,0.473849,0.00019699859696626663,0.0,0,False,0,0.5136474344738653,0.4264641,0.0,0.0,0.0,0.0,0.11915298413287945,0.0,0.11846225,0.473849,1.0
2024-09-24 19:30:00,val,False,100,0.473849,0.003145890044301748,0.0,0,False,0,0.5464019886059633,0.4264641,0.0,0.0,0.0,0.0,0.11915298413287945,0.0,0.11846225,0.473849,1.0
2024-09-24 20:30:00,val,False,100,0.473849,0.000771240586027503,0.0,0,False,0,0.5134043401532226,0.4264641,0.0,0.0,0.0,0.0,0.11915298413287945,0.0,0.11846225,0.473849,1.0
2024-09-24 21:30:00,val,False,100,0.473849,7.085673677921294e-05,0.0,0,False,0,0.47244737959530964,0.4264641,0.0,0.0,0.0,0.0,0.11915298413287945,0.0,0.11846225,0.473849,1.0
2024-09-24 22:30:00,val,False,100,0.473849,5.184070122241974e-05,0.0,0,False,0,0.40855943055935723,0.40855943055935723,0.0,0.0,0.0,0.0,0.11915298413287945,0.0,0.11846225,0.473849,1.0
2024-09-24 23:30:00,val,False,100,0.473849,0.0009313927191793919,0.0,0,False,0,0.41235448081724335,0.41235448081724335,0.0,0.0,0.0,0.0,0.11915298413287945,0.0,0.11846225,0.473849,1.0
2024-09-25 00:30:00,val,False,100,0.473849,0.0,0.0,0,False,0,0.3698487171456811,0.3698487171456811,0.0,0.0,0.0,0.0,0.473849,0.0,0.11846225,0.473849,1.0
2024-09-25 01:30:00,val,False,100,0.473849,0.0,0.0,0,False,0,0.39152478790383466,0.39152478790383466,0.0,0.0,0.0,0.0,0.473849,0.0,0.11846225,0.473849,1.0
2024-09-25 02:30:00,val,False,100,0.473849,0.0,0.0,0,False,0,0.3805684795937671,0.3805684795937671,0.0,0.0,0.0,0.0,0.473849,0.0,0.11846225,0.473849,1.0
2024-09-25 03:30:00,val,False,100,0.473849,0.0,0.0,0,False,0,0.3746779119031703,0.3746779119031703,0.0,0.0,0.0,0.0,0.473849,0.0,0.11846225,0.473849,1.0
2024-09-25 04:30:00,val,False,100,0.473849,7.336034864187241e-06,0.0,0,False,0,0.36433793373178563,0.36433793373178563,0.0,0.0,0.0,0.0,0.473849,0.0,0.11846225,0.473849,1.0
2024-09-25 05:30:00,val,False,100,0.473849,0.0025041148255318404,0.0015845270699469838,0,False,0,0.39086286359533157,0.39086286359533157,0.0,0.0,0.0,0.0,0.473849,0.0,0.11846225,0.473849,1.0
2024-09-25 06:30:00,val,False,100,0.473849,0.009262975928604603,0.0314347403767407,0,False,0,0.3978812712722619,0.3978812712722619,0.0,0.0,0.0,0.0,0.473849,0.0,0.11846225,0.473849,1.0
2024-09-25 07:30:00,val,True,100,0.473849,0.09727627498802542,0.0825918291362971,0,False,0,0.43408583958701275,0.4264641,0.0,0.01849753520609053,0.01849753520609053,0.01849753520609053,0.473849,0.0,0.11846225,0.473849,1.0
2024-09-25 08:30:00,val,True,100,0.473849,0.13381710014735163,0.1422254831249416,0,False,0,0.4812473497452774,0.4264641,0.0,0.020376016033915416,0.020376016033915416,0.020376016033915416,0.4553514647939095,0.0,0.11846225,0.473849,1.0
2024-09-25 09:30:00,val,True,100,0.473849,0.18346439182406665,0.18336841956230998,0,False,0,0.47726218528693115,0.4264641,0.0,0.014255428491245791,0.014255428491245791,0.014255428491245791,0.43497544875999405,0.0,0.11846225,0.473849,1.0
2024-09-25 10:30:00,val,True,100,0.473849,0.22001254182431101,0.1971939938956499,0,False,0,0.4433855436903398,0.4264641,0.0,0.012614251328450395,0.012614251328450395,0.012614251328450395,0.4207200202687483,0.0,0.11846225,0.473849,1.0
2024-09-25 11:30:00,val,True,100,0.473849,0.21807848703333735,0.2180352737672329,0,False,0,0.39858315047096227,0.39858315047096227,0.0,0.02428512864366343,0.02428512864366343,0.02428512864366343,0.4081057689402979,0.0,0.11846225,0.473849,1.0
2024-09-25 12:30:00,val,True,100,0.473849,0.2208242624118328,0.2145541620106101,0,False,0,0.39706930609112046,0.39706930609112046,0.0,0.023993748779661733,0.023993748779661733,0.023993748779661733,0.38382064029663443,0.0,0.11846225,0.473849,1.0
2024-09-25 13:30:00,val,True,100,0.473849,0.1892054938801527,0.18498413053268195,0,False,0,0.3667827921137329,0.3667827921137329,0.0,0.024472219264008485,0.024472219264008485,0.024472219264008485,0.35982689151697267,0.0,0.11846225,0.473849,1.0
2024-09-25 14:30:00,val,True,100,0.473849,0.14562715859395264,0.16097565131491423,0,False,0,0.3817118340554114,0.3817118340554114,0.0,0.021330879058899795,0.021330879058899795,0.021330879058899795,0.33535467225296417,0.0,0.11846225,0.473849,1.0
2024-09-25 15:30:00,val,True,100,0.473849,0.10420219973677397,0.10163530423869192,0,False,0,0.4055332790006388,0.4055332790006388,0.0,0.023279906575879097,0.023279906575879097,0.023279906575879097,0.31402379319406437,0.0,0.11846225,0.473849,1.0
2024-09-25 16:30:00,val,True,100,0.473849,0.03729583211294562,0.04250512743292749,0,False,0,0.4327415827473946,0.4264641,0.0,0.023566547883460635,0.023566547883460635,0.023566547883460635,0.2907438866181853,0.0,0.11846225,0.473849,1.0
2024-09-25 17:30:00,val,True,100,0.473849,0.00019738015431910753,0.005440025097444887,0,False,0,0.4703936400339929,0.4264641,0.0437321598796738,0.011857852138693647,0.05559001201836745,0.05559001201836745,0.26717733873472466,0.0,0.11846225,0.473849,1.0
2024-09-25 18:30:00,val,False,100,0.473849,6.012284991145134e-05,0.0,0,False,0,0.5070910826075884,0.4264641,0.0,0.0,0.0,0.0,0.21158732671635722,0.0,0.11846225,0.473849,1.0
2024-09-25 19:30:00,val,False,100,0.473849,0.004169490064814687,0.0,0,False,0,0.5522303289369337,0.4264641,0.0,0.0,0.0,0.0,0.21158732671635722,0.0,0.11846225,0.473849,1.0
2024-09-25 20:30:00,val,False,100,0.473849,0.002047349538639188,0.0,0,False,0,0.5372940759197261,0.4264641,0.0,0.0,0.0,0.0,0.21158732671635722,0.0,0.11846225,0.473849,1.0
2024-09-25 21:30:00,val,False,100,0.473849,0.00010461676754057407,0.0,0,False,0,0.48431764356067514,0.4264641,0.0,0.0,0.0,0.0,0.21158732671635722,0.0,0.11846225,0.473849,1.0
2024-09-25 22:30:00,val,False,100,0.473849,6.719939231872559e-06,0.0,0,False,0,0.42579177415760117,0.42579177415760117,0.0,0.0,0.0,0.0,0.21158732671635722,0.0,0.11846225,0.473849,1.0
2024-09-25 23:30:00,val,False,100,0.473849,0.0006128836011886597,0.0,0,False,0,0.39879323416719153,0.39879323416719153,0.0,0.0,0.0,0.0,0.21158732671635722,0.0,0.11846225,0.473849,1.0
2024-09-26 00:30:00,val,False,100,0.473849,0.0,0.0,0,False,0,0.3710810366392363,0.3710810366392363,0.0,0.0,0.0,0.0,0.473849,0.0,0.11846225,0.473849,1.0
2024-09-26 01:30:00,val,False,100,0.473849,0.0,0.0,0,False,0,0.380461856394266,0.380461856394266,0.0,0.0,0.0,0.0,0.473849,0.0,0.11846225,0.473849,1.0
2024-09-26 02:30:00,val,False,100,0.473849,0.0,0.0,0,False,0,0.3809542452788044,0.3809542452788044,0.0,0.0,0.0,0.0,0.473849,0.0,0.11846225,0.473849,1.0
2024-09-26 03:30:00,val,False,100,0.473849,0.0,0.0,0,False,0,0.37565566048088117,0.37565566048088117,0.0,0.0,0.0,0.0,0.473849,0.0,0.11846225,0.473849,1.0
2024-09-26 04:30:00,val,False,100,0.473849,3.2143076062202457e-06,0.0,0,False,0,0.3760325296237528,0.3760325296237528,0.0,0.0,0.0,0.0,0.473849,0.0,0.11846225,0.473849,1.0
2024-09-26 05:30:00,val,False,100,0.473849,0.002467696306377649,0.0019762957196033386,0,False,0,0.3769013441473156,0.3769013441473156,0.0,0.0,0.0,0.0,0.473849,0.0,0.11846225,0.473849,1.0
2024-09-26 06:30:00,val,False,100,0.473849,0.00973130844309926,0.029182811444759368,0,False,0,0.39484562016754243,0.39484562016754243,0.0,0.0,0.0,0.0,0.473849,0.0,0.11846225,0.473849,1.0
2024-09-26 07:30:00,val,True,100,0.473849,0.08098621071496606,0.08787619314543903,0,False,0,0.4566987339484508,0.4264641,0.0,0.011175473941323016,0.011175473941323016,0.011175473941323016,0.473849,0.0,0.11846225,0.473849,1.0
2024-09-26 08:30:00,val,True,100,0.473849,0.13991363834628462,0.1527038714531958,0,False,0,0.4696189529248712,0.4264641,0.0,0.007319862759442867,0.007319862759442867,0.007319862759442867,0.462673526058677,0.0,0.11846225,0.473849,1.0
2024-09-26 09:30:00,val,True,100,0.473849,0.19711002489325405,0.16019474125528335,0,False,0,0.475041685577043,0.4264641,0.0,0.0032745097295660405,0.0032745097295660405,0.0032745097295660405,0.45535366329923416,0.0,0.11846225,0.473849,1.0
2024-09-26 10:30:00,val,True,100,0.473849,0.18943297309693694,0.1410761261148155,0,False,0,0.4382961786669016,0.4264641,0.0,0.031169728778300754,0.031169728778300754,0.031169728778300754,0.4520791535696681,0.0,0.11846225,0.473849,1.0
2024-09-26 11:30:00,val,True,100,0.473849,0.1594649649541974,0.17669686407601834,0,False,0,0.40026895508131133,0.40026895508131133,0.0,0.052459781077585164,0.052459781077585164,0.052459781077585164,0.42090942479136734,0.0,0.11846225,0.473849,1.0
2024-09-26 12:30:00,val,True,100,0.473849,0.192963829082638,0.195444464605093,0,False,0,0.4002867736722303,0.4002867736722303,0.0,0.053281807571038564,0.053281807571038564,0.053281807571038564,0.3684496437137822,0.0,0.11846225,0.473849,1.0
2024-09-26 13:30:00,val,True,100,0.473849,0.17330938695260883,0.17228179849654435,0,False,0,0.37814960461989966,0.37814960461989966,0.0,0.05337501508058391,0.05337501508058391,0.05337501508058391,0.31516783614274363,0.0,0.11846225,0.473849,1.0
2024-09-26 14:30:00,val,True,100,0.473849,0.1328270702315569,0.14285935486671328,0,False,0,0.39979353061664,0.39979353061664,0.0,0.0536293638589978,0.0536293638589978,0.0536293638589978,0.26179282106215973,0.0,0.11846225,0.473849,1.0
2024-09-26 15:30:00,val,True,100,0.473849,0.0913758360748291,0.08842303143353761,0,False,0,0.3879907136514274,0.3879907136514274,0.0,0.05339507253098044,0.05339507253098044,0.05339507253098044,0.20816345720316193,0.0,0.11846225,0.473849,1.0
2024-09-26 16:30:00,val,True,100,0.473849,0.03158542527853697,0.03899720129264146,0,False,0,0.43171962156895055,0.4264641,0.0,0.04175282488192232,0.04175282488192232,0.04175282488192232,0.15476838467218149,0.0,0.11846225,0.473849,1.0
2024-09-26 17:30:00,val,True,100,0.473849,0.0,0.005042462932011753,0,False,0,0.4827486149136829,0.4264641,0.056284514913682915,0.006889106898446647,0.06317362181212956,0.06317362181212956,0.11301555979025917,0.0,0.11846225,0.473849,1.0
2024-09-26 18:30:00,val,False,100,0.473849,3.101615035533905e-05,0.0,0,False,0,0.5258560774122351,0.4264641,0.0,0.0,0.0,0.0,0.04984193797812961,0.0,0.11846225,0.473849,1.0
2024-09-26 19:30:00,val,False,100,0.473849,0.002225090166956186,0.0,0,False,0,0.5487680058028435,0.4264641,0.0,0.0,0.0,0.0,0.04984193797812961,0.0,0.11846225,0.473849,1.0
2024-09-26 20:30:00,val,False,100,0.473849,0.0017525521218627691,0.0,0,False,0,0.5252973051779158,0.4264641,0.0,0.0,0.0,0.0,0.04984193797812961,0.0,0.11846225,0.473849,1.0
2024-09-26 21:30:00,val,False,100,0.473849,0.0006249241809993982,0.0,0,False,0,0.46982644394016276,0.4264641,0.0,0.0,0.0,0.0,0.04984193797812961,0.0,0.11846225,0.473849,1.0
2024-09-26 22:30:00,val,False,100,0.473849,0.00030879221269488336,0.0,0,False,0,0.4476252945536768,0.4264641,0.0,0.0,0.0,0.0,0.04984193797812961,0.0,0.11846225,0.473849,1.0
2024-09-26 23:30:00,val,False,100,0.473849,0.0019372346682995558,0.0,0,False,0,0.396722229009714,0.396722229009714,0.0,0.0,0.0,0.0,0.04984193797812961,0.0,0.11846225,0.473849,1.0
2024-09-27 00:30:00,val,False,100,0.473849,0.0004722140162140131,0.0,0,False,0,0.3842903509554161,0.3842903509554161,0.0,0.0,0.0,0.0,0.473849,0.0,0.11846225,0.473849,1.0
2024-09-27 01:30:00,val,False,100,0.473849,8.366493092477321e-05,0.0,0,False,0,0.38751705589064706,0.38751705589064706,0.0,0.0,0.0,0.0,0.473849,0.0,0.11846225,0.473849,1.0
2024-09-27 02:30:00,val,False,100,0.473849,0.0,0.0,0,False,0,0.36716637911732897,0.36716637911732897,0.0,0.0,0.0,0.0,0.473849,0.0,0.11846225,0.473849,1.0
2024-09-27 03:30:00,val,False,100,0.473849,0.0,0.0,0,False,0,0.39849374412449545,0.39849374412449545,0.0,0.0,0.0,0.0,0.473849,0.0,0.11846225,0.473849,1.0
2024-09-27 04:30:00,val,False,100,0.473849,6.444337546825409e-06,0.0,0,False,0,0.3876711834288225,0.3876711834288225,0.0,0.0,0.0,0.0,0.473849,0.0,0.11846225,0.473849,1.0
2024-09-27 05:30:00,val,False,100,0.473849,0.0038177987954467535,0.0013704680602205518,0,False,0,0.38314750055452323,0.38314750055452323,0.0,0.0,0.0,0.0,0.473849,0.0,0.11846225,0.473849,1.0
2024-09-27 06:30:00,val,False,100,0.473849,0.01156732674460113,0.03321754268429801,0,False,0,0.416165258220489,0.416165258220489,0.0,0.0,0.0,0.0,0.473849,0.0,0.11846225,0.473849,1.0
2024-09-27 07:30:00,val,True,100,0.473849,0.11592828254923225,0.09936624776872992,0,False,0,0.43622188169944265,0.4264641,0.0,0.004677930580955345,0.004677930580955345,0.004677930580955345,0.473849,0.0,0.11846225,0.473849,1.0
2024-09-27 08:30:00,val,True,100,0.473849,0.1551626717941463,0.1681311037582457,0,False,0,0.47175572533506405,0.4264641,0.0,0.015529056724167427,0.015529056724167427,0.015529056724167427,0.4691710694190447,0.0,0.11846225,0.473849,1.0
2024-09-27 09:30:00,val,True,100,0.473849,0.21314134544596075,0.20946394347921013,0,False,0,0.4731137889218224,0.4264641,0.0,0.015208877642102724,0.015208877642102724,0.015208877642102724,0.45364201269487725,0.0,0.11846225,0.473849,1.0
2024-09-27 10:30:00,val,True,100,0.473849,0.24577476058089734,0.21938715242281556,0,False,0,0.43366469555096593,0.4264641,0.0,0.01678930088593145,0.01678930088593145,0.01678930088593145,0.43843313505277454,0.0,0.11846225,0.473849,1.0
2024-09-27 11:30:00,val,True,100,0.473849,0.236161823200047,0.2304360361468494,0,False,0,0.4056868377706218,0.4056868377706218,0.0,0.028563240097871357,0.028563240097871357,0.028563240097871357,0.4216438341668431,0.0,0.11846225,0.473849,1.0
2024-09-27 12:30:00,val,True,100,0.473849,0.22975678685501216,0.2367643376136124,0,False,0,0.3828568802427599,0.3828568802427599,0.0,0.029147203510080818,0.029147203510080818,0.029147203510080818,0.3930805940689717,0.0,0.11846225,0.473849,1.0
2024-09-27 13:30:00,val,True,100,0.473849,0.21057773095214366,0.21157251158368587,0,False,0,0.3712496641463971,0.3712496641463971,0.0,0.02933981784204736,0.02933981784204736,0.02933981784204736,0.3639333905588909,0.0,0.11846225,0.473849,1.0
2024-09-27 14:30:00,val,True,100,0.473849,0.16860271717202663,0.19717434872913361,0,False,0,0.39528155183211366,0.39528155183211366,0.0,0.024833770948452568,0.024833770948452568,0.024833770948452568,0.33459357271684353,0.0,0.11846225,0.473849,1.0
2024-09-27 15:30:00,val,True,100,0.473849,0.13062951028463243,0.1298906308173239,0,False,0,0.38725035699989474,0.38725035699989474,0.0,0.029375643736170104,0.029375643736170104,0.029375643736170104,0.30975980176839096,0.0,0.11846225,0.473849,1.0
2024-09-27 16:30:00,val,True,100,0.473849,0.053523540300771597,0.060801801930323245,0,False,0,0.42785224094849683,0.4264641,0.0,0.028746335118084988,0.028746335118084988,0.028746335118084988,0.28038415803222083,0.0,0.11846225,0.473849,1.0
2024-09-27 17:30:00,val,True,100,0.473849,7.272250534594059e-05,0.006803425248325803,0,False,0,0.49217435609145965,0.4264641,0.0656375335861137,0.013503770304808753,0.07914130389092244,0.07914130389092244,0.25163782291413583,0.0,0.11846225,0.473849,1.0
2024-09-27 18:30:00,val,False,100,0.473849,0.0,0.0,0,False,0,0.5252155142798308,0.4264641,0.0,0.0,0.0,0.0,0.1724965190232134,0.0,0.11846225,0.473849,1.0
2024-09-27 19:30:00,val,False,100,0.473849,0.0068245085134655235,0.0,0,False,0,0.5582657143390348,0.4264641,0.0,0.0,0.0,0.0,0.1724965190232134,0.0,0.11846225,0.473849,1.0
2024-09-27 20:30:00,val,False,100,0.473849,0.004343037285789848,0.0,0,False,0,0.5247338726538785,0.4264641,0.0,0.0,0.0,0.0,0.1724965190232134,0.0,0.11846225,0.473849,1.0
2024-09-27 21:30:00,val,False,100,0.473849,0.00095083239158988,0.0,0,False,0,0.48840733247503443,0.4264641,0.0,0.0,0.0,0.0,0.1724965190232134,0.0,0.11846225,0.473849,1.0
2024-09-27 22:30:00,val,False,100,0.473849,0.0,0.0,0,False,0,0.4326437957726665,0.4264641,0.0,0.0,0.0,0.0,0.1724965190232134,0.0,0.11846225,0.473849,1.0
2024-09-27 23:30:00,val,False,100,0.473849,0.0005703255963325501,0.0,0,False,0,0.4051191903074536,0.4051191903074536,0.0,0.0,0.0,0.0,0.1724965190232134,0.0,0.11846225,0.473849,1.0
2024-09-28 00:30:00,val,False,100,0.473849,1.226450800895691e-07,0.0,0,False,0,0.3827342246574753,0.3827342246574753,0.0,0.0,0.0,0.0,0.473849,0.0,0.11846225,0.473849,1.0
2024-09-28 01:30:00,val,False,100,0.473849,0.0,0.0,0,False,0,0.3756074965167365,0.3756074965167365,0.0,0.0,0.0,0.0,0.473849,0.0,0.11846225,0.473849,1.0
2024-09-28 02:30:00,val,False,100,0.473849,0.0,0.0,0,False,0,0.3814469935539067,0.3814469935539067,0.0,0.0,0.0,0.0,0.473849,0.0,0.11846225,0.473849,1.0
2024-09-28 03:30:00,val,False,100,0.473849,0.0,0.0,0,False,0,0.3781800398387489,0.3781800398387489,0.0,0.0,0.0,0.0,0.473849,0.0,0.11846225,0.473849,1.0
2024-09-28 04:30:00,val,False,100,0.473849,0.0,0.0,0,False,0,0.378635489383361,0.378635489383361,0.0,0.0,0.0,0.0,0.473849,0.0,0.11846225,0.473849,1.0
2024-09-28 05:30:00,val,False,100,0.473849,0.001980414533764124,0.0016833920973141213,0,False,0,0.37781482901561625,0.37781482901561625,0.0,0.0,0.0,0.0,0.473849,0.0,0.11846225,0.473849,1.0
2024-09-28 06:30:00,val,False,100,0.473849,0.00749513493207097,0.04759156655714661,0,False,0,0.4159804870364473,0.4159804870364473,0.0,0.0,0.0,0.0,0.473849,0.0,0.11846225,0.473849,1.0
2024-09-28 07:30:00,val,True,100,0.473849,0.22807250978320837,0.1300243422192037,0,False,0,0.44548626238269295,0.4264641,0.0,0.008962577854108544,0.008962577854108544,0.008962577854108544,0.473849,0.0,0.11846225,0.473849,1.0
2024-09-28 08:30:00,val,True,100,0.473849,0.1951015692320466,0.2164093849425316,0,False,0,0.4685041993460272,0.4264641,0.0,0.08284120801211754,0.08284120801211754,0.08284120801211754,0.4648864221458915,0.0,0.11846225,0.473849,1.0
2024-09-28 09:30:00,val,True,100,0.473849,0.2742737627543211,0.25337350983691215,0,False,0,0.46830872103329985,0.4264641,0.0,0.0821902360259105,0.0821902360259105,0.0821902360259105,0.38204521413377396,0.0,0.11846225,0.473849,1.0
2024-09-28 10:30:00,val,True,100,0.473849,0.28760550678950547,0.25176383462068436,0,False,0,0.4437324639468636,0.4264641,0.0,0.08544427218005113,0.08544427218005113,0.08544427218005113,0.29985497810786343,0.0,0.11846225,0.473849,1.0
2024-09-28 11:30:00,val,True,100,0.473849,0.25966704284763337,0.22625174556565283,0,False,0,0.39862308906891303,0.39862308906891303,0.0,0.09164069625283205,0.09164069625283205,0.09164069625283205,0.2144107059278123,0.0,0.11846225,0.473849,1.0
2024-09-28 12:30:00,val,True,100,0.473849,0.2259431998117268,0.2081204482989013,0,False,0,0.3874720939529684,0.3874720939529684,0.0,0.09520900211292835,0.09520900211292835,0.09520900211292835,0.12277000967498025,0.0,0.11846225,0.473849,1.0
2024-09-28 13:30:00,val,True,100,0.473849,0.19419598916620015,0.20124440112629532,0,False,0,0.3841135105711557,0.3841135105711557,0.0,0.09464523346138606,0.09464523346138606,0.027561007562051903,0.027561007562051903,0.06708422589933416,0.11846225,0.473849,1.0
2024-09-28 14:30:00,val,True,100,0.473849,0.16957876439487934,0.15951749306213855,0,False,0,0.36725411064143326,0.36725411064143326,0.0,0.05079870798921752,0.05079870798921752,0.0,0.0,0.05079870798921752,0.11846225,0.473849,1.0
2024-09-28 15:30:00,val,True,100,0.473849,0.10895020949605107,0.11302814809682965,0,False,0,0.4043719708448479,0.4043719708448479,0.0,0.04454108327596375,0.04454108327596375,0.0,0.0,0.04454108327596375,0.11846225,0.473849,1.0
2024-09-28 16:30:00,val,True,100,0.473849,0.04827331520871818,0.05005761123560369,0,False,0,0.4415246557884096,0.4264641,0.0,0.044245983658722114,0.044245983658722114,0.0,0.0,0.044245983658722114,0.11846225,0.473849,1.0
2024-09-28 17:30:00,val,True,100,0.473849,0.0003414369131736457,0.00616965104682045,0,False,0,0.49257535245647294,0.4264641,0.06576981554329928,0.03370246184352657,0.09947227738682585,0.0,0.0,0.09947227738682585,0.11846225,0.473849,1.0
2024-09-28 18:30:00,val,False,100,0.473849,0.00011732627694308757,0.0,0,False,0,0.5227437397179744,0.4264641,0.0,0.0,0.0,0.0,0.0,0.0,0.11846225,0.473849,1.0
2024-09-28 19:30:00,val,False,100,0.473849,0.0033045565925836563,0.0,0,False,0,0.554948620715068,0.4264641,0.0,0.0,0.0,0.0,0.0,0.0,0.11846225,0.473849,1.0
2024-09-28 20:30:00,val,False,100,0.473849,0.0028675722037255764,0.0,0,False,0,0.511645558990623,0.4264641,0.0,0.0,0.0,0.0,0.0,0.0,0.11846225,0.473849,1.0
2024-09-28 21:30:00,val,False,100,0.473849,0.0019213002221882343,0.0,0,False,0,0.4946368276414064,0.4264641,0.0,0.0,0.0,0.0,0.0,0.0,0.11846225,0.473849,1.0
2024-09-28 22:30:00,val,False,100,0.473849,4.081115095317364e-05,0.0,0,False,0,0.4367143558172971,0.4264641,0.0,0.0,0.0,0.0,0.0,0.0,0.11846225,0.473849,1.0
2024-09-28 23:30:00,val,False,100,0.473849,0.00018875360222160817,0.0,0,False,0,0.40082502083438437,0.40082502083438437,0.0,0.0,0.0,0.0,0.0,0.0,0.11846225,0.473849,1.0
2024-09-29 00:30:00,val,False,100,0.473849,0.0,0.0,0,False,0,0.37974354401197447,0.37974354401197447,0.0,0.0,0.0,0.0,0.473849,0.0,0.11846225,0.473849,1.0
2024-09-29 01:30:00,val,False,100,0.473849,0.0,0.0,0,False,0,0.3781187004551558,0.3781187004551558,0.0,0.0,0.0,0.0,0.473849,0.0,0.11846225,0.473849,1.0
2024-09-29 02:30:00,val,False,100,0.473849,0.0,0.0,0,False,0,0.3782915761147767,0.3782915761147767,0.0,0.0,0.0,0.0,0.473849,0.0,0.11846225,0.473849,1.0
2024-09-29 03:30:00,val,False,100,0.473849,0.0,0.0,0,False,0,0.38874917904264406,0.38874917904264406,0.0,0.0,0.0,0.0,0.473849,0.0,0.11846225,0.473849,1.0
2024-09-29 04:30:00,val,False,100,0.473849,0.0,0.0,0,False,0,0.3882691660707582,0.3882691660707582,0.0,0.0,0.0,0.0,0.473849,0.0,0.11846225,0.473849,1.0
2024-09-29 05:30:00,val,False,100,0.473849,0.0009247498764544726,0.0017289030794791034,0,False,0,0.3851690521795118,0.3851690521795118,0.0,0.0,0.0,0.0,0.473849,0.0,0.11846225,0.473849,1.0
2024-09-29 06:30:00,val,False,100,0.473849,0.005790657291725278,0.03807670142365992,0,False,0,0.39069520923685797,0.39069520923685797,0.0,0.0,0.0,0.0,0.473849,0.0,0.11846225,0.473849,1.0
2024-09-29 07:30:00,val,True,100,0.473849,0.15155374462252855,0.11937872674323619,0,False,0,0.4287739183325732,0.4264641,0.0,0.01811035709924279,0.01811035709924279,0.01811035709924279,0.473849,0.0,0.11846225,0.473849,1.0
2024-09-29 08:30:00,val,True,100,0.473849,0.18162995158070325,0.19945193639868497,0,False,0,0.45918228837181235,0.4264641,0.0,0.028838901730516682,0.028838901730516682,0.028838901730516682,0.4557386429007572,0.0,0.11846225,0.473849,1.0
2024-09-29 09:30:00,val,True,100,0.473849,0.25391665124738216,0.23027990507158638,0,False,0,0.46958845063308907,0.4264641,0.0,0.030428212480835444,0.030428212480835444,0.030428212480835444,0.42689974117024054,0.0,0.11846225,0.473849,1.0
2024-09-29 10:30:00,val,True,100,0.473849,0.26285651828861234,0.24143069482973217,0,False,0,0.4435002044723298,0.4264641,0.0,0.036023094126871234,0.036023094126871234,0.036023094126871234,0.3964715286894051,0.0,0.11846225,0.473849,1.0
2024-09-29 11:30:00,val,True,100,0.473849,0.25193121908795835,0.2683967241282463,0,False,0,0.3962562833631585,0.3962562833631585,0.0,0.041204511832535186,0.041204511832535186,0.041204511832535186,0.3604484345625339,0.0,0.11846225,0.473849,1.0
2024-09-29 12:30:00,val,True,100,0.473849,0.265152588827014,0.2562927346693277,0,False,0,0.3846927848999609,0.3846927848999609,0.0,0.0425678199592532,0.0425678199592532,0.0425678199592532,0.3192439227299987,0.0,0.11846225,0.473849,1.0
2024-09-29 13:30:00,val,True,100,0.473849,0.2277039278716147,0.20982758855220676,0,False,0,0.3928108988961247,0.3928108988961247,0.0,0.043704320168449606,0.043704320168449606,0.043704320168449606,0.2766761027707455,0.0,0.11846225,0.473849,1.0
2024-09-29 14:30:00,val,True,100,0.473849,0.17156385874694585,0.17150910540172457,0,False,0,0.3892114029979476,0.3892114029979476,0.0,0.03719998468649725,0.03719998468649725,0.03719998468649725,0.2329717826022959,0.0,0.11846225,0.473849,1.0
2024-09-29 15:30:00,val,True,100,0.473849,0.11908927899962664,0.1268204059458971,0,False,0,0.39962628912907694,0.39962628912907694,0.0,0.034453252327706164,0.034453252327706164,0.034453252327706164,0.19577179791579863,0.0,0.11846225,0.473849,1.0
2024-09-29 16:30:00,val,True,100,0.473849,0.056781346707649526,0.05275999943099171,0,False,0,0.445170169311784,0.4264641,0.0,0.028309946070220467,0.028309946070220467,0.028309946070220467,0.16131854558809247,0.0,0.11846225,0.473849,1.0
2024-09-29 17:30:00,val,True,100,0.473849,0.004202358022144064,0.005223086423680069,0,False,0,0.46572456311266847,0.4264641,0.035058105090524386,0.021083668240911273,0.05614177333143566,0.05614177333143566,0.133008599517872,0.0,0.11846225,0.473849,1.0
2024-09-29 18:30:00,val,False,100,0.473849,0.0014062171454131602,0.0,0,False,0,0.5256689151249067,0.4264641,0.0,0.0,0.0,0.0,0.07686682618643634,0.0,0.11846225,0.473849,1.0
2024-09-29 19:30:00,val,False,100,0.473849,0.003261811205148697,0.0,0,False,0,0.5335967644998181,0.4264641,0.0,0.0,0.0,0.0,0.07686682618643634,0.0,0.11846225,0.473849,1.0
2024-09-29 20:30:00,val,False,100,0.473849,0.0026752877553701403,0.0,0,False,0,0.5336174257147729,0.4264641,0.0,0.0,0.0,0.0,0.07686682618643634,0.0,0.11846225,0.473849,1.0
2024-09-29 21:30:00,val,False,100,0.473849,0.0020709471981674435,0.0,0,False,0,0.4810208027882165,0.4264641,0.0,0.0,0.0,0.0,0.07686682618643634,0.0,0.11846225,0.473849,1.0
2024-09-29 22:30:00,val,False,100,0.473849,3.9564178124070164e-05,0.0,0,False,0,0.43304458308216304,0.4264641,0.0,0.0,0.0,0.0,0.07686682618643634,0.0,0.11846225,0.473849,1.0
2024-09-29 23:30:00,val,False,100,0.473849,1.4152023062109947e-05,0.0,0,False,0,0.40637665147757723,0.40637665147757723,0.0,0.0,0.0,0.0,0.07686682618643634,0.0,0.11846225,0.473849,1.0
2024-09-30 00:30:00,val,False,100,0.473849,0.0,0.0,0,False,0,0.3660790934831041,0.3660790934831041,0.0,0.0,0.0,0.0,0.473849,0.0,0.11846225,0.473849,1.0
2024-09-30 01:30:00,val,False,100,0.473849,0.0,0.0,0,False,0,0.3726777123713472,0.3726777123713472,0.0,0.0,0.0,0.0,0.473849,0.0,0.11846225,0.473849,1.0
2024-09-30 02:30:00,val,False,100,0.473849,0.0,0.0,0,False,0,0.36786634770085036,0.36786634770085036,0.0,0.0,0.0,0.0,0.473849,0.0,0.11846225,0.473849,1.0
2024-09-30 03:30:00,val,False,100,0.473849,0.0,0.0,0,False,0,0.37359447549032604,0.37359447549032604,0.0,0.0,0.0,0.0,0.473849,0.0,0.11846225,0.473849,1.0
2024-09-30 04:30:00,val,False,100,0.473849,3.80337855219841e-06,0.0,0,False,0,0.38605710481547184,0.38605710481547184,0.0,0.0,0.0,0.0,0.473849,0.0,0.11846225,0.473849,1.0
2024-09-30 05:30:00,val,False,100,0.473849,0.002195944375500083,0.001313607800881875,0,False,0,0.3928081973993446,0.3928081973993446,0.0,0.0,0.0,0.0,0.473849,0.0,0.11846225,0.473849,1.0
2024-09-30 06:30:00,val,False,100,0.473849,0.007011094136431813,0.03624013036742806,0,False,0,0.4029541801073505,0.4029541801073505,0.0,0.0,0.0,0.0,0.473849,0.0,0.11846225,0.473849,1.0
2024-09-30 07:30:00,val,True,100,0.473849,0.13815256548547744,0.10065412298054993,0,False,0,0.4368992978076408,0.4264641,0.0,0.01827682365534873,0.01827682365534873,0.01827682365534873,0.473849,0.0,0.11846225,0.473849,1.0
2024-09-30 08:30:00,val,True,100,0.473849,0.15520494864529372,0.16796275993874668,0,False,0,0.46982854919277073,0.4264641,0.0,0.0357195523857996,0.0357195523857996,0.0357195523857996,0.4555721763446513,0.0,0.11846225,0.473849,1.0
2024-09-30 09:30:00,val,True,100,0.473849,0.2135365314722955,0.2431522726933658,0,False,0,0.48083815352880677,0.4264641,0.0,0.032572426776149355,0.032572426776149355,0.032572426776149355,0.4198526239588517,0.0,0.11846225,0.473849,1.0
2024-09-30 10:30:00,val,True,100,0.473849,0.28259061533385516,0.28545211704564094,0,False,0,0.43314054787761236,0.4264641,0.0,0.03523491724998577,0.03523491724998577,0.03523491724998577,0.38728019718270235,0.0,0.11846225,0.473849,1.0
2024-09-30 11:30:00,val,True,100,0.473849,0.29852204252642395,0.30193287442958355,0,False,0,0.41143011737822444,0.41143011737822444,0.0,0.03575197215385592,0.03575197215385592,0.03575197215385592,0.35204527993271656,0.0,0.11846225,0.473849,1.0
2024-09-30 12:30:00,val,True,100,0.473849,0.29298174279880523,0.2782235292792916,0,False,0,0.3967928894577355,0.3967928894577355,0.0,0.034324155792945295,0.034324155792945295,0.034324155792945295,0.31629330777886067,0.0,0.11846225,0.473849,1.0
2024-09-30 13:30:00,val,True,100,0.473849,0.24269798095998169,0.23420609107548,0,False,0,0.3788884234389024,0.3788884234389024,0.0,0.03869314578061557,0.03869314578061557,0.03869314578061557,0.2819691519859154,0.0,0.11846225,0.473849,1.0
2024-09-30 14:30:00,val,True,100,0.473849,0.19223883089238405,0.19393105442598463,0,False,0,0.403587828446665,0.403587828446665,0.0,0.021692495479491637,0.021692495479491637,0.021692495479491637,0.24327600620529982,0.0,0.11846225,0.473849,1.0
2024-09-30 15:30:00,val,True,100,0.473849,0.13885449424836038,0.14420794601112605,0,False,0,0.3989149764791124,0.3989149764791124,0.0,0.022616320383029156,0.022616320383029156,0.022616320383029156,0.22158351072580817,0.0,0.11846225,0.473849,1.0
2024-09-30 16:30:00,val,True,100,0.473849,0.07213595211830735,0.0635004326614961,0,False,0,0.4299484941180061,0.4264641,0.0,0.01491293072534776,0.01491293072534776,0.01491293072534776,0.19896719034277902,0.0,0.11846225,0.473849,1.0
2024-09-30 17:30:00,val,True,100,0.473849,0.0038967926935479045,0.006775056374799053,0,False,0,0.4864296713240314,0.4264641,0.056068778630483505,0.016956860621199686,0.07302563925168319,0.07302563925168319,0.18405425961743124,0.0,0.11846225,0.473849,1.0
2024-09-30 18:30:00,val,False,100,0.473849,0.0006320642296820879,0.0,0,False,0,0.5130026874972543,0.4264641,0.0,0.0,0.0,0.0,0.11102862036574805,0.0,0.11846225,0.473849,1.0
2024-09-30 19:30:00,val,False,100,0.473849,0.004292769069597125,0.0,0,False,0,0.5525840487871486,0.4264641,0.0,0.0,0.0,0.0,0.11102862036574805,0.0,0.11846225,0.473849,1.0
2024-09-30 20:30:00,val,False,100,0.473849,0.00415104605935514,0.0,0,False,0,0.5442151491645847,0.4264641,0.0,0.0,0.0,0.0,0.11102862036574805,0.0,0.11846225,0.473849,1.0
2024-09-30 21:30:00,val,False,100,0.473849,0.003182946530431509,0.0,0,False,0,0.4862455694044293,0.4264641,0.0,0.0,0.0,0.0,0.11102862036574805,0.0,0.11846225,0.473849,1.0
2024-09-30 22:30:00,val,False,100,0.473849,0.001432862336590886,0.0,0,False,0,0.4451961126347321,0.4264641,0.0,0.0,0.0,0.0,0.11102862036574805,0.0,0.11846225,0.473849,1.0
2024-09-30 23:30:00,val,False,100,0.473849,0.00033643352617323397,0.0,0,False,0,0.39321714189821005,0.39321714189821005,0.0,0.0,0.0,0.0,0.11102862036574805,0.0,0.11846225,0.473849,1.0
2024-10-01 00:30:00,val,False,100,0.473849,0.0,0.0,0,False,0,0.3853078445934583,0.3853078445934583,0.0,0.0,0.0,0.0,0.473849,0.0,0.11846225,0.473849,1.0
2024-10-01 01:30:00,val,False,100,0.473849,0.0,0.0,0,False,0,0.3750291290321061,0.3750291290321061,0.0,0.0,0.0,0.0,0.473849,0.0,0.11846225,0.473849,1.0
2024-10-01 02:30:00,val,False,100,0.473849,0.0,0.0,0,False,0,0.3838344576789119,0.3838344576789119,0.0,0.0,0.0,0.0,0.473849,0.0,0.11846225,0.473849,1.0
2024-10-01 03:30:00,val,False,100,0.473849,0.0,0.0,0,False,0,0.38030911826238806,0.38030911826238806,0.0,0.0,0.0,0.0,0.473849,0.0,0.11846225,0.473849,1.0
2024-10-01 04:30:00,val,False,100,0.473849,0.0,0.0,0,False,0,0.37696788841866957,0.37696788841866957,0.0,0.0,0.0,0.0,0.473849,0.0,0.11846225,0.473849,1.0
2024-10-01 05:30:00,val,False,100,0.473849,0.002890187540128827,0.0014262657848559174,0,False,0,0.3942988430905295,0.3942988430905295,0.0,0.0,0.0,0.0,0.473849,0.0,0.11846225,0.473849,1.0
2024-10-01 06:30:00,val,False,100,0.473849,0.010963387698754668,0.039352498659200964,0,False,0,0.4045408139928082,0.4045408139928082,0.0,0.0,0.0,0.0,0.473849,0.0,0.11846225,0.473849,1.0
2024-10-01 07:30:00,val,True,100,0.473849,0.16719107328617572,0.12267610233438014,0,False,0,0.45531405523751817,0.4264641,0.0,0.016899274107160734,0.016899274107160734,0.016899274107160734,0.473849,0.0,0.11846225,0.473849,1.0
2024-10-01 08:30:00,val,True,100,0.473849,0.18560014243203402,0.20227279340708254,0,False,0,0.4781967978189497,0.4264641,0.0,0.0391473990444441,0.0391473990444441,0.0391473990444441,0.4569497258928393,0.0,0.11846225,0.473849,1.0
2024-10-01 09:30:00,val,True,100,0.473849,0.254864750367403,0.24293180073222517,0,False,0,0.4692797648689994,0.4264641,0.0,0.03936801959465519,0.03936801959465519,0.03936801959465519,0.4178023268483952,0.0,0.11846225,0.473849,1.0
2024-10-01 10:30:00,val,True,100,0.473849,0.27621929656237365,0.2874017786527276,0,False,0,0.4326450078468472,0.4264641,0.0,0.04154576797177428,0.04154576797177428,0.04154576797177428,0.37843430725374,0.0,0.11846225,0.473849,1.0
2024-10-01 11:30:00,val,True,100,0.473849,0.30094853413254025,0.3046204604369998,0,False,0,0.3940351666137202,0.3940351666137202,0.0,0.0418609513016096,0.0418609513016096,0.0418609513016096,0.3368885392819657,0.0,0.11846225,0.473849,1.0
2024-10-01 12:30:00,val,True,100,0.473849,0.2959860078423619,0.26424613031727073,0,False,0,0.38627679162599543,0.38627679162599543,0.0,0.040216115303591496,0.040216115303591496,0.040216115303591496,0.2950275879803561,0.0,0.11846225,0.473849,1.0
2024-10-01 13:30:00,val,True,100,0.473849,0.23693337420505284,0.23205832871338725,0,False,0,0.37489947862037454,0.37489947862037454,0.0,0.04982005854770807,0.04982005854770807,0.04982005854770807,0.2548114726767646,0.0,0.11846225,0.473849,1.0
2024-10-01 14:30:00,val,True,100,0.473849,0.19291928733560443,0.17619307694149017,0,False,0,0.38972903506113316,0.38972903506113316,0.0,0.03172077603756899,0.03172077603756899,0.03172077603756899,0.20499141412905655,0.0,0.11846225,0.473849,1.0
2024-10-01 15:30:00,val,True,100,0.473849,0.1259397568178475,0.13577102178403735,0,False,0,0.39646565788008853,0.39646565788008853,0.0,0.03354520598624353,0.03354520598624353,0.03354520598624353,0.17327063809148757,0.0,0.11846225,0.473849,1.0
2024-10-01 16:30:00,val,True,100,0.473849,0.06655330923782289,0.05669853017008304,0,False,0,0.4328138291501606,0.4264641,0.0,0.03239065433649596,0.03239065433649596,0.03239065433649596,0.13972543210524405,0.0,0.11846225,0.473849,1.0
2024-10-01 17:30:00,val,True,100,0.473849,0.004423928474992514,0.005699726951890741,0,False,0,0.48098310037987274,0.4264641,0.05009507190488022,0.032752814991745885,0.0828478868966261,0.0828478868966261,0.10733477776874809,0.0,0.11846225,0.473849,1.0
2024-10-01 18:30:00,val,False,100,0.473849,0.0014057815180420876,0.0,0,False,0,0.5190742217657184,0.4264641,0.0,0.0,0.0,0.0,0.024486890872121983,0.0,0.11846225,0.473849,1.0
2024-10-01 19:30:00,val,False,100,0.473849,0.0037969603303968907,0.0,0,False,0,0.5493268190329893,0.4264641,0.0,0.0,0.0,0.0,0.024486890872121983,0.0,0.11846225,0.473849,1.0
2024-10-01 20:30:00,val,False,100,0.473849,0.0037376393376886844,0.0,0,False,0,0.537130869830738,0.4264641,0.0,0.0,0.0,0.0,0.024486890872121983,0.0,0.11846225,0.473849,1.0
2024-10-01 21:30:00,val,False,100,0.473849,0.003382290125399828,0.0,0,False,0,0.47039058067864586,0.4264641,0.0,0.0,0.0,0.0,0.024486890872121983,0.0,0.11846225,0.473849,1.0
2024-10-01 22:30:00,val,False,100,0.473849,0.0015129864125847817,0.0,0,False,0,0.4361037486586272,0.4264641,0.0,0.0,0.0,0.0,0.024486890872121983,0.0,0.11846225,0.473849,1.0
2024-10-01 23:30:00,val,False,100,0.473849,0.0,0.0,0,False,0,0.40051010342311244,0.40051010342311244,0.0,0.0,0.0,0.0,0.024486890872121983,0.0,0.11846225,0.473849,1.0
2024-10-02 00:30:00,val,False,100,0.473849,0.0,0.0,0,False,0,0.3902489827264648,0.3902489827264648,0.0,0.0,0.0,0.0,0.473849,0.0,0.11846225,0.473849,1.0
2024-10-02 01:30:00,val,False,100,0.473849,0.0,0.0,0,False,0,0.3692821063818553,0.3692821063818553,0.0,0.0,0.0,0.0,0.473849,0.0,0.11846225,0.473849,1.0
2024-10-02 02:30:00,val,False,100,0.473849,0.0,0.0,0,False,0,0.37932263961405027,0.37932263961405027,0.0,0.0,0.0,0.0,0.473849,0.0,0.11846225,0.473849,1.0
2024-10-02 03:30:00,val,False,100,0.473849,0.0,0.0,0,False,0,0.3795241209627612,0.3795241209627612,0.0,0.0,0.0,0.0,0.473849,0.0,0.11846225,0.473849,1.0
2024-10-02 04:30:00,val,False,100,0.473849,0.0,0.0,0,False,0,0.3846269627824931,0.3846269627824931,0.0,0.0,0.0,0.0,0.473849,0.0,0.11846225,0.473849,1.0
2024-10-02 05:30:00,val,False,100,0.473849,0.0010846529806852342,0.001943447670474707,0,False,0,0.37543622795387516,0.37543622795387516,0.0,0.0,0.0,0.0,0.473849,0.0,0.11846225,0.473849,1.0
2024-10-02 06:30:00,val,False,100,0.473849,0.006770705884709954,0.04232658097251504,0,False,0,0.4029486130234053,0.4029486130234053,0.0,0.0,0.0,0.0,0.473849,0.0,0.11846225,0.473849,1.0
2024-10-02 07:30:00,val,True,100,0.473849,0.1894844058830738,0.13137692273716628,0,False,0,0.4317535320885293,0.4264641,0.0,0.03256463711257172,0.03256463711257172,0.03256463711257172,0.473849,0.0,0.11846225,0.473849,1.0
2024-10-02 08:30:00,val,True,100,0.473849,0.19745435233390332,0.18481655616533757,0,False,0,0.4781974056800565,0.4264641,0.0,0.05234302351405361,0.05234302351405361,0.05234302351405361,0.4412843628874283,0.0,0.11846225,0.473849,1.0
2024-10-02 09:30:00,val,True,100,0.473849,0.232861455168128,0.2339216819537282,0,False,0,0.4717152795122058,0.4264641,0.0,0.0531018862478812,0.0531018862478812,0.0531018862478812,0.38894133937337466,0.0,0.11846225,0.473849,1.0
2024-10-02 10:30:00,val,True,100,0.473849,0.26652910258477924,0.27605767129415276,0,False,0,0.4360175711119467,0.4264641,0.0,0.05137376895189707,0.05137376895189707,0.05137376895189707,0.33583945312549346,0.0,0.11846225,0.473849,1.0
2024-10-02 11:30:00,val,True,100,0.473849,0.2917803658132553,0.3142541791921854,0,False,0,0.4001485153849613,0.4001485153849613,0.0,0.05133761247965605,0.05133761247965605,0.05133761247965605,0.2844656841735964,0.0,0.11846225,0.473849,1.0
2024-10-02 12:30:00,val,True,100,0.473849,0.3065920230329633,0.2768863407862782,0,False,0,0.38872183118310544,0.38872183118310544,0.0,0.05208787167773717,0.05208787167773717,0.05208787167773717,0.23312807169394037,0.0,0.11846225,0.473849,1.0
2024-10-02 13:30:00,val,True,100,0.473849,0.24396851805001496,0.2515298915914297,0,False,0,0.38159784858529017,0.38159784858529017,0.0,0.0592360219526526,0.0592360219526526,0.0592360219526526,0.1810402000162032,0.0,0.11846225,0.473849,1.0
2024-10-02 14:30:00,val,True,100,0.473849,0.20311481522783636,0.18959167547637223,0,False,0,0.4054617543176503,0.4054617543176503,0.0,0.03057881219294948,0.03057881219294948,0.03057881219294948,0.1218041780635506,0.0,0.11846225,0.473849,1.0
2024-10-02 15:30:00,val,True,100,0.473849,0.13249330070212484,0.132890216983974,0,False,0,0.4015829571010237,0.4015829571010237,0.0,0.030926872492075038,0.030926872492075038,0.030926872492075038,0.09122536587060112,0.0,0.11846225,0.473849,1.0
2024-10-02 16:30:00,val,True,100,0.473849,0.06321148219716549,0.06187793206778169,0,False,0,0.43710487245616264,0.4264641,0.0,0.031023084216515007,0.031023084216515007,0.031023084216515007,0.06029849337852608,0.0,0.11846225,0.473849,1.0
2024-10-02 17:30:00,val,True,100,0.473849,0.0033165694006867708,0.004914686381481355,0,False,0,0.49762677308469583,0.4264641,0.06784610368400905,0.03174419289234823,0.09959029657635728,0.029275409162011073,0.029275409162011073,0.0703148874143462,0.11846225,0.473849,1.0
2024-10-02 18:30:00,val,False,100,0.473849,0.004500492767006159,0.0,0,False,0,0.5307265309722875,0.4264641,0.0,0.0,0.0,0.0,0.0,0.0,0.11846225,0.473849,1.0
2024-10-02 19:30:00,val,False,100,0.473849,0.0075686676596552135,0.0,0,False,0,0.5529553182970471,0.4264641,0.0,0.0,0.0,0.0,0.0,0.0,0.11846225,0.473849,1.0
2024-10-02 20:30:00,val,False,100,0.473849,0.004300540128707886,0.0,0,False,0,0.5325030598368768,0.4264641,0.0,0.0,0.0,0.0,0.0,0.0,0.11846225,0.473849,1.0
2024-10-02 21:30:00,val,False,100,0.473849,0.0014915439319759607,0.0,0,False,0,0.5048896544322898,0.4264641,0.0,0.0,0.0,0.0,0.0,0.0,0.11846225,0.473849,1.0
2024-10-02 22:30:00,val,False,100,0.473849,9.265374679863452e-05,0.0,0,False,0,0.4296569116645705,0.4264641,0.0,0.0,0.0,0.0,0.0,0.0,0.11846225,0.473849,1.0
2024-10-02 23:30:00,val,False,100,0.473849,0.0,0.0,0,False,0,0.40354834506121245,0.40354834506121245,0.0,0.0,0.0,0.0,0.0,0.0,0.11846225,0.473849,1.0
2024-10-03 00:30:00,val,False,100,0.473849,0.0,0.0,0,False,0,0.3783971733874156,0.3783971733874156,0.0,0.0,0.0,0.0,0.473849,0.0,0.11846225,0.473849,1.0
2024-10-03 01:30:00,val,False,100,0.473849,0.0,0.0,0,False,0,0.382402310224461,0.382402310224461,0.0,0.0,0.0,0.0,0.473849,0.0,0.11846225,0.473849,1.0
2024-10-03 02:30:00,val,False,100,0.473849,0.0,0.0,0,False,0,0.3829026081163152,0.3829026081163152,0.0,0.0,0.0,0.0,0.473849,0.0,0.11846225,0.473849,1.0
2024-10-03 03:30:00,val,False,100,0.473849,0.0,0.0,0,False,0,0.3786362488088222,0.3786362488088222,0.0,0.0,0.0,0.0,0.473849,0.0,0.11846225,0.473849,1.0
2024-10-03 04:30:00,val,False,100,0.473849,0.0,0.0,0,False,0,0.38000103053989676,0.38000103053989676,0.0,0.0,0.0,0.0,0.473849,0.0,0.11846225,0.473849,1.0
2024-10-03 05:30:00,val,False,100,0.473849,5.636904835700988e-07,0.001501829364386147,0,False,0,0.3815924496917439,0.3815924496917439,0.0,0.0,0.0,0.0,0.473849,0.0,0.11846225,0.473849,1.0
2024-10-03 06:30:00,val,False,100,0.473849,0.003918612213760614,0.03488095692972094,0,False,0,0.39219481150119995,0.39219481150119995,0.0,0.0,0.0,0.0,0.473849,0.0,0.11846225,0.473849,1.0
2024-10-03 07:30:00,val,True,100,0.473849,0.13667962778812648,0.09583147768934071,0,False,0,0.44103269309999504,0.4264641,0.0,0.028179297442493218,0.028179297442493218,0.028179297442493218,0.473849,0.0,0.11846225,0.473849,1.0
2024-10-03 08:30:00,val,True,100,0.473849,0.1476063718367517,0.15818729252943398,0,False,0,0.4858161273975644,0.4264641,0.0,0.036728216834165675,0.036728216834165675,0.036728216834165675,0.4456697025575068,0.0,0.11846225,0.473849,1.0
2024-10-03 09:30:00,val,True,100,0.473849,0.20231777806583046,0.2045475795958638,0,False,0,0.47960156947038374,0.4264641,0.0,0.03713962364676065,0.03713962364676065,0.03713962364676065,0.40894148572334116,0.0,0.11846225,0.473849,1.0
2024-10-03 10:30:00,val,True,100,0.473849,0.2357149413306713,0.2384481299343705,0,False,0,0.44274319792933325,0.4264641,0.0,0.03457915934356093,0.03457915934356093,0.03457915934356093,0.3718018620765805,0.0,0.11846225,0.473849,1.0
2024-10-03 11:30:00,val,True,100,0.473849,0.25419422018143534,0.26468111671322586,0,False,0,0.4020413782576923,0.4020413782576923,0.0,0.03443862467515636,0.03443862467515636,0.03443862467515636,0.3372227027330196,0.0,0.11846225,0.473849,1.0
2024-10-03 12:30:00,val,True,100,0.473849,0.26175802291718125,0.2814915126824975,0,False,0,0.38507501504261776,0.38507501504261776,0.0,0.03406732561586873,0.03406732561586873,0.03406732561586873,0.3027840780578632,0.0,0.11846225,0.473849,1.0
2024-10-03 13:30:00,val,True,100,0.473849,0.24158725465232134,0.22285225848433377,0,False,0,0.385980200466974,0.385980200466974,0.0,0.034369187042492984,0.034369187042492984,0.034369187042492984,0.2687167524419945,0.0,0.11846225,0.473849,1.0
2024-10-03 14:30:00,val,True,100,0.473849,0.17281080113774538,0.16316060408329963,0,False,0,0.39267294378523626,0.39267294378523626,0.0,0.01697944964347954,0.01697944964347954,0.01697944964347954,0.23434756539950152,0.0,0.11846225,0.473849,1.0
2024-10-03 15:30:00,val,True,100,0.473849,0.11019535279728472,0.10832863709232211,0,False,0,0.4107267513101322,0.4107267513101322,0.0,0.021518840983293562,0.021518840983293562,0.021518840983293562,0.217368115756022,0.0,0.11846225,0.473849,1.0
2024-10-03 16:30:00,val,True,100,0.473849,0.04662168581647426,0.044465196866981686,0,False,0,0.43373756669507446,0.4264641,0.0,0.02226121948584994,0.02226121948584994,0.02226121948584994,0.19584927477272843,0.0,0.11846225,0.473849,1.0
2024-10-03 17:30:00,val,True,100,0.473849,0.00489146652864106,0.004204044886348187,0,False,0,0.47921642444178475,0.4264641,0.04786085791314368,0.02304754213896162,0.0709084000521053,0.0709084000521053,0.17358805528687848,0.0,0.11846225,0.473849,1.0
2024-10-03 18:30:00,val,False,100,0.473849,0.0021957816129922867,0.0,0,False,0,0.5336010350048925,0.4264641,0.0,0.0,0.0,0.0,0.10267965523477318,0.0,0.11846225,0.473849,1.0
2024-10-03 19:30:00,val,False,100,0.473849,0.004708363804608583,0.0,0,False,0,0.5387778668821757,0.4264641,0.0,0.0,0.0,0.0,0.10267965523477318,0.0,0.11846225,0.473849,1.0
2024-10-03 20:30:00,val,False,100,0.473849,0.001546005674779415,0.0,0,False,0,0.5318024437832264,0.4264641,0.0,0.0,0.0,0.0,0.10267965523477318,0.0,0.11846225,0.473849,1.0
2024-10-03 21:30:00,val,False,100,0.473849,0.000371261132389307,0.0,0,False,0,0.4794244564418778,0.4264641,0.0,0.0,0.0,0.0,0.10267965523477318,0.0,0.11846225,0.473849,1.0
2024-10-03 22:30:00,val,False,100,0.473849,6.8342546969652185e-06,0.0,0,False,0,0.44342916999904086,0.4264641,0.0,0.0,0.0,0.0,0.10267965523477318,0.0,0.11846225,0.473849,1.0
2024-10-03 23:30:00,val,False,100,0.473849,0.0007611013988256454,0.0,0,False,0,0.4021588507317679,0.4021588507317679,0.0,0.0,0.0,0.0,0.10267965523477318,0.0,0.11846225,0.473849,1.0
2024-10-04 00:30:00,val,False,100,0.473849,0.0,0.0,0,False,0,0.38186962554733567,0.38186962554733567,0.0,0.0,0.0,0.0,0.473849,0.0,0.11846225,0.473849,1.0
2024-10-04 01:30:00,val,False,100,0.473849,0.0,0.0,0,False,0,0.3712652923590544,0.3712652923590544,0.0,0.0,0.0,0.0,0.473849,0.0,0.11846225,0.473849,1.0
2024-10-04 02:30:00,val,False,100,0.473849,0.0,0.0,0,False,0,0.3824605005070423,0.3824605005070423,0.0,0.0,0.0,0.0,0.473849,0.0,0.11846225,0.473849,1.0
2024-10-04 03:30:00,val,False,100,0.473849,0.0,0.0,0,False,0,0.37325900681095525,0.37325900681095525,0.0,0.0,0.0,0.0,0.473849,0.0,0.11846225,0.473849,1.0
2024-10-04 04:30:00,val,False,100,0.473849,0.0,0.0,0,False,0,0.39262049310689484,0.39262049310689484,0.0,0.0,0.0,0.0,0.473849,0.0,0.11846225,0.473849,1.0
2024-10-04 05:30:00,val,False,100,0.473849,0.0011468069268465043,0.0016590384963733377,0,False,0,0.3852797831597717,0.3852797831597717,0.0,0.0,0.0,0.0,0.473849,0.0,0.11846225,0.473849,1.0
2024-10-04 06:30:00,val,False,100,0.473849,0.0056114827088713645,0.03340502856452763,0,False,0,0.39377868623957685,0.39377868623957685,0.0,0.0,0.0,0.0,0.473849,0.0,0.11846225,0.473849,1.0
2024-10-04 07:30:00,val,True,100,0.473849,0.12289161407712101,0.10270248372884094,0,False,0,0.44351995387134047,0.4264641,0.0,0.023193435536325236,0.023193435536325236,0.023193435536325236,0.473849,0.0,0.11846225,0.473849,1.0
2024-10-04 08:30:00,val,True,100,0.473849,0.157485292460829,0.17226346552795171,0,False,0,0.47416799959698674,0.4264641,0.0,0.02335405412791078,0.02335405412791078,0.02335405412791078,0.4506555644636748,0.0,0.11846225,0.473849,1.0
2024-10-04 09:30:00,val,True,100,0.473849,0.2196669999201596,0.22640663521826268,0,False,0,0.4900614480372435,0.4264641,0.0,0.022230061606948782,0.022230061606948782,0.022230061606948782,0.427301510335764,0.0,0.11846225,0.473849,1.0
2024-10-04 10:30:00,val,True,100,0.473849,0.2619844736982584,0.24018521752792596,0,False,0,0.44410493273816126,0.4264641,0.0,0.019719239860463002,0.019719239860463002,0.019719239860463002,0.40507144872881523,0.0,0.11846225,0.473849,1.0
2024-10-04 11:30:00,val,True,100,0.473849,0.25226171317243573,0.2663104819242954,0,False,0,0.3876605859052299,0.3876605859052299,0.0,0.027848216020471526,0.027848216020471526,0.027848216020471526,0.38535220886835225,0.0,0.11846225,0.473849,1.0
2024-10-04 12:30:00,val,True,100,0.473849,0.2629570903686881,0.26581634143412114,0,False,0,0.3877498059865961,0.3877498059865961,0.0,0.028072494293915607,0.028072494293915607,0.028072494293915607,0.3575039928478807,0.0,0.11846225,0.473849,1.0
2024-10-04 13:30:00,val,True,100,0.473849,0.22976156249573826,0.22983052174192667,0,False,0,0.36542640473533017,0.36542640473533017,0.0,0.02762199885912624,0.02762199885912624,0.02762199885912624,0.3294314985539651,0.0,0.11846225,0.473849,1.0
2024-10-04 14:30:00,val,True,100,0.473849,0.17915330382585526,0.16184956922721863,0,False,0,0.3871857261692246,0.3871857261692246,0.0,0.019262326590655472,0.019262326590655472,0.019262326590655472,0.30180949969483883,0.0,0.11846225,0.473849,1.0
2024-10-04 15:30:00,val,True,100,0.473849,0.1089862939029187,0.09931904643197358,0,False,0,0.39798618796913554,0.39798618796913554,0.0,0.02566438094814919,0.02566438094814919,0.02566438094814919,0.28254717310418337,0.0,0.11846225,0.473849,1.0
2024-10-04 16:30:00,val,True,100,0.473849,0.04300080511717498,0.04516878012227267,0,False,0,0.42327384899242915,0.42327384899242915,0.0,0.02743009809417035,0.02743009809417035,0.02743009809417035,0.25688279215603416,0.0,0.11846225,0.473849,1.0
2024-10-04 17:30:00,val,True,100,0.473849,0.0013527487534489482,0.0040463044857259375,0,False,0,0.4837275074037487,0.4264641,0.05591065865029974,0.019216109914470144,0.07512676856476988,0.07512676856476988,0.2294526940618638,0.0,0.11846225,0.473849,1.0
2024-10-04 18:30:00,val,False,100,0.473849,0.0010299454842209817,0.0,0,False,0,0.530943761321379,0.4264641,0.0,0.0,0.0,0.0,0.15432592549709392,0.0,0.11846225,0.473849,1.0
2024-10-04 19:30:00,val,False,100,0.473849,0.004298787189215422,0.0,0,False,0,0.5378578976154377,0.4264641,0.0,0.0,0.0,0.0,0.15432592549709392,0.0,0.11846225,0.473849,1.0
2024-10-04 20:30:00,val,False,100,0.473849,0.00015294983690977097,0.0,0,False,0,0.5260877308628507,0.4264641,0.0,0.0,0.0,0.0,0.15432592549709392,0.0,0.11846225,0.473849,1.0
2024-10-04 21:30:00,val,False,100,0.473849,5.975240886211394e-06,0.0,0,False,0,0.4818129431941071,0.4264641,0.0,0.0,0.0,0.0,0.15432592549709392,0.0,0.11846225,0.473849,1.0
2024-10-04 22:30:00,val,False,100,0.473849,7.796268098056317e-05,0.0,0,False,0,0.43539434661387527,0.4264641,0.0,0.0,0.0,0.0,0.15432592549709392,0.0,0.11846225,0.473849,1.0
2024-10-04 23:30:00,val,False,100,0.473849,0.0008828267192989588,0.0,0,False,0,0.3934348097304233,0.3934348097304233,0.0,0.0,0.0,0.0,0.15432592549709392,0.0,0.11846225,0.473849,1.0
2024-10-05 00:30:00,val,False,100,0.473849,0.0,0.0,0,False,0,0.38814059408334184,0.38814059408334184,0.0,0.0,0.0,0.0,0.473849,0.0,0.11846225,0.473849,1.0
2024-10-05 01:30:00,val,False,100,0.473849,0.0,0.0,0,False,0,0.3818781776505516,0.3818781776505516,0.0,0.0,0.0,0.0,0.473849,0.0,0.11846225,0.473849,1.0
2024-10-05 02:30:00,val,False,100,0.473849,0.0,0.0,0,False,0,0.37019858934275235,0.37019858934275235,0.0,0.0,0.0,0.0,0.473849,0.0,0.11846225,0.473849,1.0
2024-10-05 03:30:00,val,False,100,0.473849,0.0,0.0,0,False,0,0.38014264209549775,0.38014264209549775,0.0,0.0,0.0,0.0,0.473849,0.0,0.11846225,0.473849,1.0
2024-10-05 04:30:00,val,False,100,0.473849,0.0,0.0,0,False,0,0.392425285163119,0.392425285163119,0.0,0.0,0.0,0.0,0.473849,0.0,0.11846225,0.473849,1.0
2024-10-05 05:30:00,val,False,100,0.473849,0.000590820460781455,0.0014155610869686934,0,False,0,0.38517355222530975,0.38517355222530975,0.0,0.0,0.0,0.0,0.473849,0.0,0.11846225,0.473849,1.0
2024-10-05 06:30:00,val,False,100,0.473849,0.005180515658780933,0.018127579401295633,0,False,0,0.4038883739903047,0.4038883739903047,0.0,0.0,0.0,0.0,0.473849,0.0,0.11846225,0.473849,1.0
2024-10-05 07:30:00,val,True,100,0.473849,0.036613499911189076,0.05498354158100486,0,False,0,0.4328446574011006,0.4264641,0.0,0.01699189782497658,0.01699189782497658,0.01699189782497658,0.473849,0.0,0.11846225,0.473849,1.0
2024-10-05 08:30:00,val,True,100,0.473849,0.09506439041385055,0.10116542168651521,0,False,0,0.47466212118408324,0.4264641,0.0,0.020622899835854077,0.020622899835854077,0.020622899835854077,0.45685710217502346,0.0,0.11846225,0.473849,1.0
2024-10-05 09:30:00,val,True,100,0.473849,0.1332641879057586,0.153596133367002,0,False,0,0.4717751033738694,0.4264641,0.0,0.02013192544295685,0.02013192544295685,0.02013192544295685,0.4362342023391694,0.0,0.11846225,0.473849,1.0
2024-10-05 10:30:00,val,True,100,0.473849,0.19248125791886447,0.21106689205023646,0,False,0,0.42782239983381476,0.4264641,0.0,0.011750993410738805,0.011750993410738805,0.011750993410738805,0.41610227689621254,0.0,0.11846225,0.473849,1.0
2024-10-05 11:30:00,val,True,100,0.473849,0.23259189543527364,0.2648254691719413,0,False,0,0.40299456712582754,0.40299456712582754,0.0,0.0027573591219044284,0.0027573591219044284,0.0027573591219044284,0.4043512834854737,0.0,0.11846225,0.473849,1.0
2024-10-05 12:30:00,val,True,100,0.473849,0.26095001441848276,0.2503723506331742,0,False,0,0.3815966937607662,0.3815966937607662,0.0,0.0011570692559667965,0.0011570692559667965,0.0011570692559667965,0.4015939243635693,0.0,0.11846225,0.473849,1.0
2024-10-05 13:30:00,val,True,100,0.473849,0.2157064126573801,0.21818989185377954,0,False,0,0.386942073266125,0.386942073266125,0.0,0.009988525671108589,0.009988525671108589,0.009988525671108589,0.40043685510760246,0.0,0.11846225,0.473849,1.0
2024-10-05 14:30:00,val,True,100,0.473849,0.16720031020915507,0.16617923202642798,0,False,0,0.378158258035423,0.378158258035423,0.0,0.013483622951382642,0.013483622951382642,0.013483622951382642,0.3904483294364939,0.0,0.11846225,0.473849,1.0
2024-10-05 15:30:00,val,True,100,0.473849,0.10898176736676693,0.10366998800951242,0,False,0,0.40865410770157284,0.40865410770157284,0.0,0.01593209939302482,0.01593209939302482,0.01593209939302482,0.3769647064851112,0.0,0.11846225,0.473849,1.0
2024-10-05 16:30:00,val,True,100,0.473849,0.04285830604359508,0.03966706422362849,0,False,0,0.4328348248921301,0.4264641,0.0,0.02056917935771008,0.02056917935771008,0.02056917935771008,0.3610326070920864,0.0,0.11846225,0.473849,1.0
2024-10-05 17:30:00,val,True,100,0.473849,0.0009878780840467663,0.0028896208511430305,0,False,0,0.46682598323293195,0.4264641,0.03937400514888517,0.022627482605920915,0.06200148775480609,0.06200148775480609,0.3404634277343763,0.0,0.11846225,0.473849,1.0
2024-10-05 18:30:00,val,False,100,0.473849,0.002728360738694668,0.0,0,False,0,0.535428012759898,0.4264641,0.0,0.0,0.0,0.0,0.27846193997957025,0.0,0.11846225,0.473849,1.0
2024-10-05 19:30:00,val,False,100,0.473849,0.0044686800884008405,0.0,0,False,0,0.5551985415685369,0.4264641,0.0,0.0,0.0,0.0,0.27846193997957025,0.0,0.11846225,0.473849,1.0
2024-10-05 20:30:00,val,False,100,0.473849,0.0018898498748987913,0.0,0,False,0,0.5271746959350082,0.4264641,0.0,0.0,0.0,0.0,0.27846193997957025,0.0,0.11846225,0.473849,1.0
2024-10-05 21:30:00,val,False,100,0.473849,0.00024352451565861702,0.0,0,False,0,0.4751453426500523,0.4264641,0.0,0.0,0.0,0.0,0.27846193997957025,0.0,0.11846225,0.473849,1.0
2024-10-05 22:30:00,val,False,100,0.473849,0.00015538011038303376,0.0,0,False,0,0.4395861769443604,0.4264641,0.0,0.0,0.0,0.0,0.27846193997957025,0.0,0.11846225,0.473849,1.0
2024-10-05 23:30:00,val,False,100,0.473849,0.0007743673891574144,0.0,0,False,0,0.4011356617837243,0.4011356617837243,0.0,0.0,0.0,0.0,0.27846193997957025,0.0,0.11846225,0.473849,1.0
2024-10-06 00:30:00,val,False,100,0.473849,0.0,0.0,0,False,0,0.375687467829138,0.375687467829138,0.0,0.0,0.0,0.0,0.473849,0.0,0.11846225,0.473849,1.0
2024-10-06 01:30:00,val,False,100,0.473849,0.0,0.0,0,False,0,0.36905827420013515,0.36905827420013515,0.0,0.0,0.0,0.0,0.473849,0.0,0.11846225,0.473849,1.0
2024-10-06 02:30:00,val,False,100,0.473849,0.0,0.0,0,False,0,0.386072405723946,0.386072405723946,0.0,0.0,0.0,0.0,0.473849,0.0,0.11846225,0.473849,1.0
2024-10-06 03:30:00,val,False,100,0.473849,0.0,0.0,0,False,0,0.375376592466556,0.375376592466556,0.0,0.0,0.0,0.0,0.473849,0.0,0.11846225,0.473849,1.0
2024-10-06 04:30:00,val,False,100,0.473849,0.0,0.0,0,False,0,0.38519236795134776,0.38519236795134776,0.0,0.0,0.0,0.0,0.473849,0.0,0.11846225,0.473849,1.0
2024-10-06 05:30:00,val,False,100,0.473849,0.001248952044919133,0.0018504149672320164,0,False,0,0.39821488891325785,0.39821488891325785,0.0,0.0,0.0,0.0,0.473849,0.0,0.11846225,0.473849,1.0
2024-10-06 06:30:00,val,False,100,0.473849,0.006208516114264727,0.026564322967398912,0,False,0,0.39914474111536663,0.39914474111536663,0.0,0.0,0.0,0.0,0.473849,0.0,0.11846225,0.473849,1.0
2024-10-06 07:30:00,val,True,100,0.473849,0.07065019738003611,0.08243433785001933,0,False,0,0.42424344242748074,0.42424344242748074,0.0,0.010675667841194192,0.010675667841194192,0.010675667841194192,0.473849,0.0,0.11846225,0.473849,1.0
2024-10-06 08:30:00,val,True,100,0.473849,0.13155657934863865,0.143349890861243,0,False,0,0.48580932587015013,0.4264641,0.0,0.008781623834877048,0.008781623834877048,0.008781623834877048,0.46317333215880585,0.0,0.11846225,0.473849,1.0
2024-10-06 09:30:00,val,True,100,0.473849,0.18769708123388887,0.19494764574712514,0,False,0,0.47710434171031046,0.4264641,0.0,0.009618499015371124,0.009618499015371124,0.009618499015371124,0.4543917083239288,0.0,0.11846225,0.473849,1.0
2024-10-06 10:30:00,val,True,100,0.473849,0.2309683532101512,0.21348105166599154,0,False,0,0.43136305361760785,0.4264641,0.0,0.008154382583679433,0.008154382583679433,0.008154382583679433,0.4447732093085577,0.0,0.11846225,0.473849,1.0
2024-10-06 11:30:00,val,True,100,0.473849,0.22779080145409702,0.19123301454669236,0,False,0,0.4136698278663681,0.4136698278663681,0.0,0.016395015435286577,0.016395015435286577,0.016395015435286577,0.43661882672487823,0.0,0.11846225,0.473849,1.0
2024-10-06 12:30:00,val,True,100,0.473849,0.19187039217340945,0.2222166056830883,0,False,0,0.397269665906352,0.397269665906352,0.0,0.0356224689406769,0.0356224689406769,0.0356224689406769,0.42022381128959163,0.0,0.11846225,0.473849,1.0
2024-10-06 13:30:00,val,True,100,0.473849,0.195087491011858,0.20604219779881836,0,False,0,0.3923661106724554,0.3923661106724554,0.0,0.03832404414441429,0.03832404414441429,0.03832404414441429,0.38460134234891474,0.0,0.11846225,0.473849,1.0
2024-10-06 14:30:00,val,True,100,0.473849,0.15993000288015605,0.20039205400890112,0,False,0,0.3765747195964169,0.3765747195964169,0.0,0.03834567875617028,0.03834567875617028,0.03834567875617028,0.3462772982045005,0.0,0.11846225,0.473849,1.0
2024-10-06 15:30:00,val,True,100,0.473849,0.1286115548748076,0.12527535355953873,0,False,0,0.40157137588979497,0.40157137588979497,0.0,0.0416687668350498,0.0416687668350498,0.0416687668350498,0.3079316194483302,0.0,0.11846225,0.473849,1.0
2024-10-06 16:30:00,val,True,100,0.473849,0.05138840524611622,0.05036079626303911,0,False,0,0.43802675983910505,0.4264641,0.0,0.04379233267345455,0.04379233267345455,0.04379233267345455,0.2662628526132804,0.0,0.11846225,0.473849,1.0
2024-10-06 17:30:00,val,True,100,0.473849,0.0,0.0044804643377476605,0,False,0,0.48769246010724415,0.4264641,0.06122836010724414,0.0382316529126361,0.09946001301988024,0.09946001301988024,0.22247051993982586,0.0,0.11846225,0.473849,1.0
2024-10-06 18:30:00,val,False,100,0.473849,0.0,0.0,0,False,0,0.526831936484397,0.4264641,0.0,0.0,0.0,0.0,0.12301050691994563,0.0,0.11846225,0.473849,1.0
2024-10-06 19:30:00,val,False,100,0.473849,0.0031552727065831425,0.0,0,False,0,0.5502462097509234,0.4264641,0.0,0.0,0.0,0.0,0.12301050691994563,0.0,0.11846225,0.473849,1.0
2024-10-06 20:30:00,val,False,100,0.473849,0.002468380022659898,0.0,0,False,0,0.5342124785378172,0.4264641,0.0,0.0,0.0,0.0,0.12301050691994563,0.0,0.11846225,0.473849,1.0
2024-10-06 21:30:00,val,False,100,0.473849,0.0018715228566229343,0.0,0,False,0,0.4645029133478428,0.4264641,0.0,0.0,0.0,0.0,0.12301050691994563,0.0,0.11846225,0.473849,1.0
2024-10-06 22:30:00,val,False,100,0.473849,0.0054452302148342135,0.0,0,False,0,0.43287112963756097,0.4264641,0.0,0.0,0.0,0.0,0.12301050691994563,0.0,0.11846225,0.473849,1.0
2024-10-06 23:30:00,val,False,100,0.473849,0.008234322809383273,0.0,0,False,0,0.4034398908112071,0.4034398908112071,0.0,0.0,0.0,0.0,0.12301050691994563,0.0,0.11846225,0.473849,1.0
2024-10-07 00:30:00,val,False,100,0.473849,0.005289180585846305,0.0,0,False,0,0.3784157128172878,0.3784157128172878,0.0,0.0,0.0,0.0,0.473849,0.0,0.11846225,0.473849,1.0
2024-10-07 01:30:00,val,False,100,0.473849,0.0031955785592943427,0.0,0,False,0,0.38439741088869006,0.38439741088869006,0.0,0.0,0.0,0.0,0.473849,0.0,0.11846225,0.473849,1.0
2024-10-07 02:30:00,val,False,100,0.473849,0.001475528582960367,0.0,0,False,0,0.3778548123632864,0.3778548123632864,0.0,0.0,0.0,0.0,0.473849,0.0,0.11846225,0.473849,1.0
2024-10-07 03:30:00,val,False,100,0.473849,0.000511990879625082,0.0,0,False,0,0.3810884691919551,0.3810884691919551,0.0,0.0,0.0,0.0,0.473849,0.0,0.11846225,0.473849,1.0
2024-10-07 04:30:00,val,False,100,0.473849,0.00011331484884023666,0.0,0,False,0,0.3828661402461889,0.3828661402461889,0.0,0.0,0.0,0.0,0.473849,0.0,0.11846225,0.473849,1.0
2024-10-07 05:30:00,val,False,100,0.473849,0.0025303496476113798,0.0014320295172010591,0,False,0,0.37820321159713405,0.37820321159713405,0.0,0.0,0.0,0.0,0.473849,0.0,0.11846225,0.473849,1.0
2024-10-07 06:30:00,val,False,100,0.473849,0.010801674005120993,0.030080503474272786,0,False,0,0.4020022103475555,0.4020022103475555,0.0,0.0,0.0,0.0,0.473849,0.0,0.11846225,0.473849,1.0
2024-10-07 07:30:00,val,True,100,0.473849,0.10666696804730594,0.08727684288033843,0,False,0,0.42262578618648083,0.42262578618648083,0.0,0.015712607352984263,0.015712607352984263,0.015712607352984263,0.473849,0.0,0.11846225,0.473849,1.0
2024-10-07 08:30:00,val,True,100,0.473849,0.13769789925204218,0.15548390071851015,0,False,0,0.46917711120162553,0.4264641,0.0,0.027484070263460152,0.027484070263460152,0.027484070263460152,0.4581363926470158,0.0,0.11846225,0.473849,1.0
2024-10-07 09:30:00,val,True,100,0.473849,0.19898155501919984,0.2291245196017623,0,False,0,0.46608551260267256,0.4264641,0.0,0.027282558168565136,0.027282558168565136,0.027282558168565136,0.4306523223835556,0.0,0.11846225,0.473849,1.0
2024-10-07 10:30:00,val,True,100,0.473849,0.27236296331465243,0.25832163879442216,0,False,0,0.44356269361114287,0.4264641,0.0,0.023678831709108467,0.023678831709108467,0.023678831709108467,0.4033697642149905,0.0,0.11846225,0.473849,1.0
2024-10-07 11:30:00,val,True,100,0.473849,0.2735079525357485,0.2334706238656044,0,False,0,0.3968266586685803,0.3968266586685803,0.0,0.027916675665951324,0.027916675665951324,0.027916675665951324,0.37969093250588204,0.0,0.11846225,0.473849,1.0
2024-10-07 12:30:00,val,True,100,0.473849,0.22863785581886767,0.232044525436759,0,False,0,0.3838439240667184,0.3838439240667184,0.0,0.04606821586591959,0.04606821586591959,0.04606821586591959,0.3517742568399307,0.0,0.11846225,0.473849,1.0
2024-10-07 13:30:00,val,True,100,0.473849,0.20314957774573564,0.19776309852075577,0,False,0,0.38355871422115956,0.38355871422115956,0.0,0.04614407459811795,0.04614407459811795,0.04614407459811795,0.3057060409740111,0.0,0.11846225,0.473849,1.0
2024-10-07 14:30:00,val,True,100,0.473849,0.1574469183715582,0.1652296580750942,0,False,0,0.38518349318645,0.38518349318645,0.0,0.0420110358555598,0.0420110358555598,0.0420110358555598,0.2595619663758931,0.0,0.11846225,0.473849,1.0
2024-10-07 15:30:00,val,True,100,0.473849,0.10964401477187873,0.10450706177788972,0,False,0,0.40087406331347747,0.40087406331347747,0.0,0.04163336804586685,0.04163336804586685,0.04163336804586685,0.21755093052033334,0.0,0.11846225,0.473849,1.0
2024-10-07 16:30:00,val,True,100,0.473849,0.04077962757957727,0.04334823937216401,0,False,0,0.4418498288809228,0.4264641,0.0,0.03693458532906903,0.03693458532906903,0.03693458532906903,0.1759175624744665,0.0,0.11846225,0.473849,1.0
2024-10-07 17:30:00,val,True,100,0.473849,4.6617219988256694e-05,0.004202986404540134,0,False,0,0.4898229709987725,0.4264641,0.0633122537787842,0.034731774034703566,0.09804402781348777,0.09804402781348777,0.13898297714539748,0.0,0.11846225,0.473849,1.0
2024-10-07 18:30:00,val,False,100,0.473849,0.0005067291256934404,0.0,0,False,0,0.5244545830816512,0.4264641,0.0,0.0,0.0,0.0,0.04093894933190971,0.0,0.11846225,0.473849,1.0
2024-10-07 19:30:00,val,False,100,0.473849,0.004672828604847193,0.0,0,False,0,0.5650190633855481,0.4264641,0.0,0.0,0.0,0.0,0.04093894933190971,0.0,0.11846225,0.473849,1.0
2024-10-07 20:30:00,val,False,100,0.473849,0.004547658045738936,0.0,0,False,0,0.5268620578480715,0.4264641,0.0,0.0,0.0,0.0,0.04093894933190971,0.0,0.11846225,0.473849,1.0
2024-10-07 21:30:00,val,False,100,0.473849,0.004164319191917777,0.0,0,False,0,0.48632555653208953,0.4264641,0.0,0.0,0.0,0.0,0.04093894933190971,0.0,0.11846225,0.473849,1.0
2024-10-07 22:30:00,val,False,100,0.473849,0.0040557703904360535,0.0,0,False,0,0.43235770221506686,0.4264641,0.0,0.0,0.0,0.0,0.04093894933190971,0.0,0.11846225,0.473849,1.0
2024-10-07 23:30:00,val,False,100,0.473849,0.006357239463806152,0.0,0,False,0,0.39932851363844124,0.39932851363844124,0.0,0.0,0.0,0.0,0.04093894933190971,0.0,0.11846225,0.473849,1.0
2024-10-08 00:30:00,val,False,100,0.473849,0.0028869887768924237,0.0,0,False,0,0.3685524092523358,0.3685524092523358,0.0,0.0,0.0,0.0,0.473849,0.0,0.11846225,0.473849,1.0
2024-10-08 01:30:00,val,False,100,0.473849,0.0011590187556892633,0.0,0,False,0,0.377184530162064,0.377184530162064,0.0,0.0,0.0,0.0,0.473849,0.0,0.11846225,0.473849,1.0
2024-10-08 02:30:00,val,False,100,0.473849,3.905111736059188e-05,0.0,0,False,0,0.3783975029982207,0.3783975029982207,0.0,0.0,0.0,0.0,0.473849,0.0,0.11846225,0.473849,1.0
2024-10-08 03:30:00,val,False,100,0.473849,0.0,0.0,0,False,0,0.38344518830035756,0.38344518830035756,0.0,0.0,0.0,0.0,0.473849,0.0,0.11846225,0.473849,1.0
2024-10-08 04:30:00,val,False,100,0.473849,0.0,0.0,0,False,0,0.36385166206733405,0.36385166206733405,0.0,0.0,0.0,0.0,0.473849,0.0,0.11846225,0.473849,1.0
2024-10-08 05:30:00,val,False,100,0.473849,0.001706495939388871,0.0016517725022663363,0,False,0,0.39345086820857417,0.39345086820857417,0.0,0.0,0.0,0.0,0.473849,0.0,0.11846225,0.473849,1.0
2024-10-08 06:30:00,val,False,100,0.473849,0.006205408624902368,0.03151029715654626,0,False,0,0.4037489818818478,0.4037489818818478,0.0,0.0,0.0,0.0,0.473849,0.0,0.11846225,0.473849,1.0
2024-10-08 07:30:00,val,True,100,0.473849,0.1122752125352323,0.0902788806616217,0,False,0,0.4369222288919287,0.4264641,0.0,0.007544594540690944,0.007544594540690944,0.007544594540690944,0.473849,0.0,0.11846225,0.473849,1.0
2024-10-08 08:30:00,val,True,100,0.473849,0.14129250128272175,0.14938236414337158,0,False,0,0.4649184073090787,0.4264641,0.0,0.020558274955247535,0.020558274955247535,0.020558274955247535,0.46630440545930907,0.0,0.11846225,0.473849,1.0
2024-10-08 09:30:00,val,True,100,0.473849,0.19124783110693097,0.22571082075437904,0,False,0,0.4654458286836227,0.4264641,0.0,0.01960640663291645,0.01960640663291645,0.01960640663291645,0.44574613050406153,0.0,0.11846225,0.473849,1.0
2024-10-08 10:30:00,val,True,100,0.473849,0.26736433721226455,0.2561934741927385,0,False,0,0.43487275333155057,0.4264641,0.0,0.0266879868248976,0.0266879868248976,0.0266879868248976,0.42613972387114507,0.0,0.11846225,0.473849,1.0
2024-10-08 11:30:00,val,True,100,0.473849,0.2733793678326011,0.28003793545120953,0,False,0,0.40406906694118816,0.40406906694118816,0.0,0.028889098016682598,0.028889098016682598,0.028889098016682598,0.3994517370462475,0.0,0.11846225,0.473849,1.0
2024-10-08 12:30:00,val,True,100,0.473849,0.2740537640014887,0.2765510636193752,0,False,0,0.38216804165157403,0.38216804165157403,0.0,0.028318525690752556,0.028318525690752556,0.028318525690752556,0.3705626390295649,0.0,0.11846225,0.473849,1.0
2024-10-08 13:30:00,val,True,100,0.473849,0.2386105398761034,0.23863949259102346,0,False,0,0.38343093497814884,0.38343093497814884,0.0,0.028592251343184993,0.028592251343184993,0.028592251343184993,0.34224411333881233,0.0,0.11846225,0.473849,1.0
2024-10-08 14:30:00,val,True,100,0.473849,0.18714503944548966,0.18233120567074418,0,False,0,0.4012756059514057,0.4012756059514057,0.0,0.018230118652460065,0.018230118652460065,0.018230118652460065,0.31365186199562733,0.0,0.11846225,0.473849,1.0
2024-10-08 15:30:00,val,True,100,0.473849,0.12348451819841563,0.11703592500950397,0,False,0,0.40123530414196046,0.40123530414196046,0.0,0.021487160284260953,0.021487160284260953,0.021487160284260953,0.2954217433431673,0.0,0.11846225,0.473849,1.0
2024-10-08 16:30:00,val,True,100,0.473849,0.051242766841076315,0.050574942001916465,0,False,0,0.44757685135917974,0.4264641,0.0,0.012889898543473237,0.012889898543473237,0.012889898543473237,0.27393458305890633,0.0,0.11846225,0.473849,1.0
2024-10-08 17:30:00,val,True,100,0.473849,0.0009666558120809495,0.00363803490220214,0,False,0,0.4894719426225322,0.4264641,0.062041186810451225,0.008329566259382432,0.07037075306983366,0.07037075306983366,0.2610446845154331,0.0,0.11846225,0.473849,1.0
2024-10-08 18:30:00,val,False,100,0.473849,0.0022312803543806077,0.0,0,False,0,0.5294291637942948,0.4264641,0.0,0.0,0.0,0.0,0.19067393144559946,0.0,0.11846225,0.473849,1.0
2024-10-08 19:30:00,val,False,100,0.473849,0.007832514610365033,0.0,0,False,0,0.5372234905359922,0.4264641,0.0,0.0,0.0,0.0,0.19067393144559946,0.0,0.11846225,0.473849,1.0
2024-10-08 20:30:00,val,False,100,0.473849,0.002428121529519558,0.0,0,False,0,0.5201165520282779,0.4264641,0.0,0.0,0.0,0.0,0.19067393144559946,0.0,0.11846225,0.473849,1.0
2024-10-08 21:30:00,val,False,100,0.473849,0.0020762505875229834,0.0,0,False,0,0.47987795983765136,0.4264641,0.0,0.0,0.0,0.0,0.19067393144559946,0.0,0.11846225,0.473849,1.0
2024-10-08 22:30:00,val,False,100,0.473849,0.0007492894762009383,0.0,0,False,0,0.42056588731918076,0.42056588731918076,0.0,0.0,0.0,0.0,0.19067393144559946,0.0,0.11846225,0.473849,1.0
2024-10-08 23:30:00,val,False,100,0.473849,0.002858380041390657,0.0,0,False,0,0.4054055283911593,0.4054055283911593,0.0,0.0,0.0,0.0,0.19067393144559946,0.0,0.11846225,0.473849,1.0
2024-10-09 00:30:00,val,False,100,0.473849,0.0006220251262634992,0.0,0,False,0,0.38492518613103893,0.38492518613103893,0.0,0.0,0.0,0.0,0.473849,0.0,0.11846225,0.473849,1.0
2024-10-09 01:30:00,val,False,100,0.473849,7.409746983647346e-05,0.0,0,False,0,0.36696750505302755,0.36696750505302755,0.0,0.0,0.0,0.0,0.473849,0.0,0.11846225,0.473849,1.0
2024-10-09 02:30:00,val,False,100,0.473849,0.0,0.0,0,False,0,0.37122296975112407,0.37122296975112407,0.0,0.0,0.0,0.0,0.473849,0.0,0.11846225,0.473849,1.0
2024-10-09 03:30:00,val,False,100,0.473849,0.0,0.0,0,False,0,0.38368495760880134,0.38368495760880134,0.0,0.0,0.0,0.0,0.473849,0.0,0.11846225,0.473849,1.0
2024-10-09 04:30:00,val,False,100,0.473849,0.0,0.0,0,False,0,0.3708600347276223,0.3708600347276223,0.0,0.0,0.0,0.0,0.473849,0.0,0.11846225,0.473849,1.0
2024-10-09 05:30:00,val,False,100,0.473849,0.0014183579082340002,0.001629691054062976,0,False,0,0.3718409778756417,0.3718409778756417,0.0,0.0,0.0,0.0,0.473849,0.0,0.11846225,0.473849,1.0
2024-10-09 06:30:00,val,False,100,0.473849,0.005953647872254253,0.04102273362945765,0,False,0,0.4026885484972411,0.4026885484972411,0.0,0.0,0.0,0.0,0.473849,0.0,0.11846225,0.473849,1.0
2024-10-09 07:30:00,val,True,100,0.473849,0.19043942446932197,0.12206829290542007,0,False,0,0.4383909028966569,0.4264641,0.0,0.007321358075461097,0.007321358075461097,0.007321358075461097,0.473849,0.0,0.11846225,0.473849,1.0
2024-10-09 08:30:00,val,True,100,0.473849,0.1830638930195272,0.19349866871985794,0,False,0,0.4796596631707919,0.4264641,0.0,0.05793941034942241,0.05793941034942241,0.05793941034942241,0.46652764192453894,0.0,0.11846225,0.473849,1.0
2024-10-09 09:30:00,val,True,100,0.473849,0.24744365555652975,0.2044297494867444,0,False,0,0.4790413082974495,0.4264641,0.0,0.0583196114772234,0.0583196114772234,0.0583196114772234,0.40858823157511653,0.0,0.11846225,0.473849,1.0
2024-10-09 10:30:00,val,True,100,0.473849,0.23340247544592618,0.24101078091409803,0,False,0,0.43651107033067277,0.4264641,0.0,0.06869674688951562,0.06869674688951562,0.06869674688951562,0.3502686200978931,0.0,0.11846225,0.473849,1.0
2024-10-09 11:30:00,val,True,100,0.473849,0.2590770215854645,0.25980813283127546,0,False,0,0.3965546664494093,0.3965546664494093,0.0,0.06881960841141876,0.06881960841141876,0.06881960841141876,0.2815718732083775,0.0,0.11846225,0.473849,1.0
2024-10-09 12:30:00,val,True,100,0.473849,0.25627326253050564,0.2749714599226713,0,False,0,0.38461456297583635,0.38461456297583635,0.0,0.0687998326656282,0.0687998326656282,0.0687998326656282,0.21275226479695875,0.0,0.11846225,0.473849,1.0
2024-10-09 13:30:00,val,True,100,0.473849,0.23969353607708216,0.22115391462031006,0,False,0,0.37641027108673164,0.37641027108673164,0.0,0.06991788712050057,0.06991788712050057,0.06991788712050057,0.14395243213133055,0.0,0.11846225,0.473849,1.0
2024-10-09 14:30:00,val,True,100,0.473849,0.17394050087711216,0.20238240231791138,0,False,0,0.3775077914919763,0.3775077914919763,0.0,0.04162418248821227,0.04162418248821227,0.04162418248821227,0.07403454501082998,0.0,0.11846225,0.473849,1.0
2024-10-09 15:30:00,val,True,100,0.473849,0.13305512751916052,0.13108519052579998,0,False,0,0.40167892373625147,0.40167892373625147,0.0,0.043934820957592324,0.043934820957592324,0.03241036252261771,0.03241036252261771,0.011524458434974613,0.11846225,0.473849,1.0
2024-10-09 16:30:00,val,True,100,0.473849,0.05384857780493796,0.05377036005880684,0,False,0,0.43854667991160595,0.4264641,0.0,0.021306944077200345,0.021306944077200345,0.0,0.0,0.021306944077200345,0.11846225,0.473849,1.0
2024-10-09 17:30:00,val,True,100,0.473849,0.0005330561006683856,0.004217596928905055,0,False,0,0.4712200578287843,0.4264641,0.04422290172811589,0.022805236748822875,0.06702813847693877,0.0,0.0,0.06702813847693877,0.11846225,0.473849,1.0
2024-10-09 18:30:00,val,False,100,0.473849,0.0002709597609937191,0.0,0,False,0,0.5304017209697297,0.4264641,0.0,0.0,0.0,0.0,0.0,0.0,0.11846225,0.473849,1.0
2024-10-09 19:30:00,val,False,100,0.473849,0.007379237777337432,0.0,0,False,0,0.5539002831807169,0.4264641,0.0,0.0,0.0,0.0,0.0,0.0,0.11846225,0.473849,1.0
2024-10-09 20:30:00,val,False,100,0.473849,0.003993550730377436,0.0,0,False,0,0.5286991990104511,0.4264641,0.0,0.0,0.0,0.0,0.0,0.0,0.11846225,0.473849,1.0
2024-10-09 21:30:00,val,False,100,0.473849,0.0024597779607474805,0.0,0,False,0,0.49165339350365644,0.4264641,0.0,0.0,0.0,0.0,0.0,0.0,0.11846225,0.473849,1.0
2024-10-09 22:30:00,val,False,100,0.473849,0.0006302112249583006,0.0,0,False,0,0.43059013601272117,0.4264641,0.0,0.0,0.0,0.0,0.0,0.0,0.11846225,0.473849,1.0
2024-10-09 23:30:00,val,False,100,0.473849,0.002886634302869439,0.0,0,False,0,0.4011989970676621,0.4011989970676621,0.0,0.0,0.0,0.0,0.0,0.0,0.11846225,0.473849,1.0
2024-10-10 00:30:00,val,False,100,0.473849,0.0008325504679828882,0.0,0,False,0,0.37311541848421625,0.37311541848421625,0.0,0.0,0.0,0.0,0.473849,0.0,0.11846225,0.473849,1.0
2024-10-10 01:30:00,val,False,100,0.473849,0.00024265998844802378,0.0,0,False,0,0.37703122482197304,0.37703122482197304,0.0,0.0,0.0,0.0,0.473849,0.0,0.11846225,0.473849,1.0
2024-10-10 02:30:00,val,False,100,0.473849,6.169064506888389e-06,0.0,0,False,0,0.3727984088835283,0.3727984088835283,0.0,0.0,0.0,0.0,0.473849,0.0,0.11846225,0.473849,1.0
2024-10-10 03:30:00,val,False,100,0.473849,0.0,0.0,0,False,0,0.3751400186787884,0.3751400186787884,0.0,0.0,0.0,0.0,0.473849,0.0,0.11846225,0.473849,1.0
2024-10-10 04:30:00,val,False,100,0.473849,0.0,0.0,0,False,0,0.38368675402238417,0.38368675402238417,0.0,0.0,0.0,0.0,0.473849,0.0,0.11846225,0.473849,1.0
2024-10-10 05:30:00,val,False,100,0.473849,0.001991269905641675,0.001683550842892757,0,False,0,0.3815435835056193,0.3815435835056193,0.0,0.0,0.0,0.0,0.473849,0.0,0.11846225,0.473849,1.0
2024-10-10 06:30:00,val,False,100,0.473849,0.0066363210841417315,0.03409204732932523,0,False,0,0.3951665982523638,0.3951665982523638,0.0,0.0,0.0,0.0,0.473849,0.0,0.11846225,0.473849,1.0
2024-10-10 07:30:00,val,True,100,0.473849,0.14246816642266513,0.09502703045585752,0,False,0,0.43005023785057683,0.4264641,0.0,0.022161513809614272,0.022161513809614272,0.022161513809614272,0.473849,0.0,0.11846225,0.473849,1.0
2024-10-10 08:30:00,val,True,100,0.473849,0.146704838010177,0.15955779672253131,0,False,0,0.47097751211034666,0.4264641,0.0,0.04763429765844313,0.04763429765844313,0.04763429765844313,0.45168748619038573,0.0,0.11846225,0.473849,1.0
2024-10-10 09:30:00,val,True,100,0.473849,0.20353772300690412,0.22190648002919555,0,False,0,0.4752222528976104,0.4264641,0.0,0.04261551232045553,0.04261551232045553,0.04261551232045553,0.4040531885319426,0.0,0.11846225,0.473849,1.0
2024-10-10 10:30:00,val,True,100,0.473849,0.2599486346269548,0.24142246328914166,0,False,0,0.4334790089841205,0.4264641,0.0,0.040902430380102946,0.040902430380102946,0.040902430380102946,0.3614376762114871,0.0,0.11846225,0.473849,1.0
2024-10-10 11:30:00,val,True,100,0.473849,0.25879923817682265,0.22393192610803248,0,False,0,0.39984642745771365,0.39984642745771365,0.0,0.0451328252677613,0.0451328252677613,0.0451328252677613,0.32053524583138415,0.0,0.11846225,0.473849,1.0
2024-10-10 12:30:00,val,True,100,0.473849,0.22213916741219164,0.24624978621611,0,False,0,0.38516825240354363,0.38516825240354363,0.0,0.0551325159976238,0.0551325159976238,0.0551325159976238,0.27540242056362285,0.0,0.11846225,0.473849,1.0
2024-10-10 13:30:00,val,True,100,0.473849,0.21669414477333426,0.21969246331125497,0,False,0,0.3874901771018706,0.3874901771018706,0.0,0.05719433881552687,0.05719433881552687,0.05719433881552687,0.22026990456599904,0.0,0.11846225,0.473849,1.0
2024-10-10 14:30:00,val,True,100,0.473849,0.17122211783224345,0.17448837400028108,0,False,0,0.381184919175836,0.381184919175836,0.0,0.037028844448461204,0.037028844448461204,0.037028844448461204,0.16307556575047216,0.0,0.11846225,0.473849,1.0
2024-10-10 15:30:00,val,True,100,0.473849,0.11259002808405459,0.11118524878297746,0,False,0,0.39687636801549125,0.39687636801549125,0.0,0.03750886755242786,0.03750886755242786,0.03750886755242786,0.12604672130201094,0.0,0.11846225,0.473849,1.0
2024-10-10 16:30:00,val,True,100,0.473849,0.0432900078805089,0.048983813703268764,0,False,0,0.4386304281495447,0.4264641,0.0,0.03747754763812682,0.03747754763812682,0.03747754763812682,0.08853785374958309,0.0,0.11846225,0.473849,1.0
2024-10-10 17:30:00,val,True,100,0.473849,0.0003469587323740125,0.003503562287826149,0,False,0,0.488730911453829,0.4264641,0.061919852721455,0.03168260796403096,0.09360246068548596,0.05106030611145627,0.05106030611145627,0.04254215457402969,0.11846225,0.473849,1.0
2024-10-10 18:30:00,val,False,100,0.473849,0.0030165350173711777,0.0,0,False,0,0.539143618550608,0.4264641,0.0,0.0,0.0,0.0,0.0,0.0,0.11846225,0.473849,1.0
2024-10-10 19:30:00,val,False,100,0.473849,0.006347490265503525,0.0,0,False,0,0.5339095446034633,0.4264641,0.0,0.0,0.0,0.0,0.0,0.0,0.11846225,0.473849,1.0
2024-10-10 20:30:00,val,False,100,0.473849,0.003144557827025652,0.0,0,False,0,0.5318924378219834,0.4264641,0.0,0.0,0.0,0.0,0.0,0.0,0.11846225,0.473849,1.0
2024-10-10 21:30:00,val,False,100,0.473849,0.0023203716253042224,0.0,0,False,0,0.47587014859710813,0.4264641,0.0,0.0,0.0,0.0,0.0,0.0,0.11846225,0.473849,1.0
2024-10-10 22:30:00,val,False,100,0.473849,0.0006835220439136028,0.0,0,False,0,0.43724486980092886,0.4264641,0.0,0.0,0.0,0.0,0.0,0.0,0.11846225,0.473849,1.0
2024-10-10 23:30:00,val,False,100,0.473849,0.002623671421557665,0.0,0,False,0,0.38689422852285243,0.38689422852285243,0.0,0.0,0.0,0.0,0.0,0.0,0.11846225,0.473849,1.0
2024-10-11 00:30:00,val,False,100,0.473849,0.00043048920725286005,0.0,0,False,0,0.3717847972859347,0.3717847972859347,0.0,0.0,0.0,0.0,0.473849,0.0,0.11846225,0.473849,1.0
2024-10-11 01:30:00,val,False,100,0.473849,3.2188617408275605e-05,0.0,0,False,0,0.3850658666153029,0.3850658666153029,0.0,0.0,0.0,0.0,0.473849,0.0,0.11846225,0.473849,1.0
2024-10-11 02:30:00,val,False,100,0.473849,0.0,0.0,0,False,0,0.37915040316616094,0.37915040316616094,0.0,0.0,0.0,0.0,0.473849,0.0,0.11846225,0.473849,1.0
2024-10-11 03:30:00,val,False,100,0.473849,0.0,0.0,0,False,0,0.3815389992704095,0.3815389992704095,0.0,0.0,0.0,0.0,0.473849,0.0,0.11846225,0.473849,1.0
2024-10-11 04:30:00,val,False,100,0.473849,0.0,0.0,0,False,0,0.39316846098893804,0.39316846098893804,0.0,0.0,0.0,0.0,0.473849,0.0,0.11846225,0.473849,1.0
2024-10-11 05:30:00,val,False,100,0.473849,0.0011837600057274104,0.001604738478473373,0,False,0,0.3926432652253074,0.3926432652253074,0.0,0.0,0.0,0.0,0.473849,0.0,0.11846225,0.473849,1.0
2024-10-11 06:30:00,val,False,100,0.473849,0.005747746768668294,0.0316570751860179,0,False,0,0.4039005232574673,0.4039005232574673,0.0,0.0,0.0,0.0,0.473849,0.0,0.11846225,0.473849,1.0
2024-10-11 07:30:00,val,True,100,0.473849,0.12288142137435079,0.08380014157445728,0,False,0,0.4418079659460331,0.4264641,0.0,0.008535530769465505,0.008535530769465505,0.008535530769465505,0.473849,0.0,0.11846225,0.473849,1.0
2024-10-11 08:30:00,val,True,100,0.473849,0.1328470945534706,0.15005859199368954,0,False,0,0.4726112183984944,0.4264641,0.0,0.03256662289034393,0.03256662289034393,0.03256662289034393,0.4653134692305345,0.0,0.11846225,0.473849,1.0
2024-10-11 09:30:00,val,True,100,0.473849,0.19251810121834279,0.18364138228356838,0,False,0,0.4828284723042017,0.4264641,0.0,0.033566162103398495,0.033566162103398495,0.033566162103398495,0.43274684634019056,0.0,0.11846225,0.473849,1.0
2024-10-11 10:30:00,val,True,100,0.473849,0.21737417571654916,0.2070284423919022,0,False,0,0.43277242592373133,0.4264641,0.0,0.03557624194013312,0.03557624194013312,0.03557624194013312,0.3991806842367921,0.0,0.11846225,0.473849,1.0
2024-10-11 11:30:00,val,True,100,0.473849,0.22818965074682235,0.2501496559918523,0,False,0,0.4127065447095361,0.4127065447095361,0.0,0.03725614644885427,0.03725614644885427,0.03725614644885427,0.363604442296659,0.0,0.11846225,0.473849,1.0
2024-10-11 12:30:00,val,True,100,0.473849,0.253290893455565,0.20355064019560815,0,False,0,0.3890573376769068,0.3890573376769068,0.0,0.03914041173594825,0.03914041173594825,0.03914041173594825,0.3263482958478047,0.0,0.11846225,0.473849,1.0
2024-10-11 13:30:00,val,True,100,0.473849,0.17646593315052986,0.19566822994929553,0,False,0,0.3815232321792768,0.3815232321792768,0.0,0.05901004924139229,0.05901004924139229,0.05901004924139229,0.2872078841118565,0.0,0.11846225,0.473849,1.0
2024-10-11 14:30:00,val,True,100,0.473849,0.15159668886435032,0.18772670890045165,0,False,0,0.3808141688486132,0.3808141688486132,0.0,0.047041285321761,0.047041285321761,0.047041285321761,0.2281978348704642,0.0,0.11846225,0.473849,1.0
2024-10-11 15:30:00,val,True,100,0.473849,0.11954300970333814,0.12198337210533022,0,False,0,0.40525355053524015,0.40525355053524015,0.0,0.049600642365454015,0.049600642365454015,0.049600642365454015,0.1811565495487032,0.0,0.11846225,0.473849,1.0
2024-10-11 16:30:00,val,True,100,0.473849,0.04553647771924734,0.04890249187068641,0,False,0,0.4164010056768592,0.4164010056768592,0.0,0.047043548399648444,0.047043548399648444,0.047043548399648444,0.13155590718324917,0.0,0.11846225,0.473849,1.0
2024-10-11 17:30:00,val,True,100,0.473849,5.501260104589164e-05,0.0037096797352081192,0,False,0,0.48134229520484423,0.4264641,0.05482318260379832,0.043578522213983444,0.09840170481778177,0.08451235878360072,0.08451235878360072,0.013889346034181044,0.11846225,0.473849,1.0
2024-10-11 18:30:00,val,False,100,0.473849,1.7357334941625593e-05,0.0,0,False,0,0.5389749757622693,0.4264641,0.0,0.0,0.0,0.0,0.0,0.0,0.11846225,0.473849,1.0
2024-10-11 19:30:00,val,False,100,0.473849,0.0047106393761783836,0.0,0,False,0,0.5409206157220463,0.4264641,0.0,0.0,0.0,0.0,0.0,0.0,0.11846225,0.473849,1.0
2024-10-11 20:30:00,val,False,100,0.473849,0.002420633473262191,0.0,0,False,0,0.5264970360091118,0.4264641,0.0,0.0,0.0,0.0,0.0,0.0,0.11846225,0.473849,1.0
2024-10-11 21:30:00,val,False,100,0.473849,0.0009717090257406235,0.0,0,False,0,0.49774274545424785,0.4264641,0.0,0.0,0.0,0.0,0.0,0.0,0.11846225,0.473849,1.0
2024-10-11 22:30:00,val,False,100,0.473849,0.0008483535007089377,0.0,0,False,0,0.42292327979712574,0.42292327979712574,0.0,0.0,0.0,0.0,0.0,0.0,0.11846225,0.473849,1.0
2024-10-11 23:30:00,val,False,100,0.473849,0.00333974634476006,0.0,0,False,0,0.3990113174269428,0.3990113174269428,0.0,0.0,0.0,0.0,0.0,0.0,0.11846225,0.473849,1.0
2024-10-12 00:30:00,val,False,100,0.473849,0.0013125182995945214,0.0,0,False,0,0.3808884964112067,0.3808884964112067,0.0,0.0,0.0,0.0,0.473849,0.0,0.11846225,0.473849,1.0
2024-10-12 01:30:00,val,False,100,0.473849,0.00045895209449529645,0.0,0,False,0,0.38358969643328955,0.38358969643328955,0.0,0.0,0.0,0.0,0.473849,0.0,0.11846225,0.473849,1.0
2024-10-12 02:30:00,val,False,100,0.473849,2.655241799354553e-05,0.0,0,False,0,0.38045213479539575,0.38045213479539575,0.0,0.0,0.0,0.0,0.473849,0.0,0.11846225,0.473849,1.0
2024-10-12 03:30:00,val,False,100,0.473849,0.0,0.0,0,False,0,0.38792215581105427,0.38792215581105427,0.0,0.0,0.0,0.0,0.473849,0.0,0.11846225,0.473849,1.0
2024-10-12 04:30:00,val,False,100,0.473849,0.0,0.0,0,False,0,0.38731394133039326,0.38731394133039326,0.0,0.0,0.0,0.0,0.473849,0.0,0.11846225,0.473849,1.0
2024-10-12 05:30:00,val,False,100,0.473849,0.0020159337537139655,0.0,0,False,0,0.3737753941650239,0.3737753941650239,0.0,0.0,0.0,0.0,0.473849,0.0,0.11846225,0.473849,1.0
2024-10-12 06:30:00,val,False,100,0.473849,0.006441358542814851,0.039391592736750844,0,False,0,0.4019592725526523,0.4019592725526523,0.0,0.0,0.0,0.0,0.473849,0.0,0.11846225,0.473849,1.0
2024-10-12 07:30:00,val,True,100,0.473849,0.1939048810727,0.09919943652670085,0,False,0,0.42485972543511213,0.42485972543511213,0.0,0.0448279406240809,0.0448279406240809,0.0448279406240809,0.473849,0.0,0.11846225,0.473849,1.0
2024-10-12 08:30:00,val,True,100,0.473849,0.1513073578032851,0.15126928918218613,0,False,0,0.4649450453594968,0.4264641,0.0,0.08045078596705722,0.08045078596705722,0.08045078596705722,0.4290210593759191,0.0,0.11846225,0.473849,1.0
2024-10-12 09:30:00,val,True,100,0.473849,0.19393186401045323,0.20211161854809523,0,False,0,0.46666420216115034,0.4264641,0.0,0.08139261680964391,0.08139261680964391,0.08139261680964391,0.3485702734088619,0.0,0.11846225,0.473849,1.0
2024-10-12 10:30:00,val,True,100,0.473849,0.23528913990420103,0.21813047507643699,0,False,0,0.43222815124840575,0.4264641,0.0,0.07895584199271843,0.07895584199271843,0.07895584199271843,0.267177656599218,0.0,0.11846225,0.473849,1.0
2024-10-12 11:30:00,val,True,100,0.473849,0.23559517349132894,0.23017555891087652,0,False,0,0.4055914461885579,0.4055914461885579,0.0,0.08106930751889971,0.08106930751889971,0.08106930751889971,0.18822181460649956,0.0,0.11846225,0.473849,1.0
2024-10-12 12:30:00,val,True,100,0.473849,0.23115919400554896,0.24174003357318044,0,False,0,0.38142160700271444,0.38142160700271444,0.0,0.08136500469452228,0.08136500469452228,0.08136500469452228,0.10715250708759985,0.0,0.11846225,0.473849,1.0
2024-10-12 13:30:00,val,True,100,0.473849,0.21048342258647085,0.19804780304679273,0,False,0,0.39213654497654565,0.39213654497654565,0.0,0.08161258617755096,0.08161258617755096,0.025787502393077574,0.025787502393077574,0.05582508378447339,0.11846225,0.473849,1.0
2024-10-12 14:30:00,val,True,100,0.473849,0.15196109573486447,0.15407841839683056,0,False,0,0.3727498685556847,0.3727498685556847,0.0,0.02092882949367754,0.02092882949367754,0.0,0.0,0.02092882949367754,0.11846225,0.473849,1.0
2024-10-12 15:30:00,val,True,100,0.473849,0.09883283453199267,0.0970281989699006,0,False,0,0.40616592055096223,0.40616592055096223,0.0,0.02079711570097972,0.02079711570097972,0.0,0.0,0.02079711570097972,0.11846225,0.473849,1.0
2024-10-12 16:30:00,val,True,100,0.473849,0.0350965736656189,0.04401096686561406,0,False,0,0.43485845611806534,0.4264641,0.0,0.020487752533934388,0.020487752533934388,0.0,0.0,0.020487752533934388,0.11846225,0.473849,1.0
2024-10-12 17:30:00,val,True,100,0.473849,3.910503550246358e-05,0.003143913471995067,0,False,0,0.4925581300260203,0.4264641,0.06605492499051781,0.01406193003803065,0.08011685502854846,0.0,0.0,0.08011685502854846,0.11846225,0.473849,1.0
2024-10-12 18:30:00,val,False,100,0.473849,0.001315265221953392,0.0,0,False,0,0.5308936135381803,0.4264641,0.0,0.0,0.0,0.0,0.0,0.0,0.11846225,0.473849,1.0
2024-10-12 19:30:00,val,False,100,0.473849,0.003208213190510869,0.0,0,False,0,0.5539627547476578,0.4264641,0.0,0.0,0.0,0.0,0.0,0.0,0.11846225,0.473849,1.0
2024-10-12 20:30:00,val,False,100,0.473849,0.0010118128088563681,0.0,0,False,0,0.5061744343512258,0.4264641,0.0,0.0,0.0,0.0,0.0,0.0,0.11846225,0.473849,1.0
2024-10-12 21:30:00,val,False,100,0.473849,0.0009289824498295784,0.0,0,False,0,0.46917267466722073,0.4264641,0.0,0.0,0.0,0.0,0.0,0.0,0.11846225,0.473849,1.0
2024-10-12 22:30:00,val,False,100,0.473849,0.0030638905144035815,0.0,0,False,0,0.43150214203712906,0.4264641,0.0,0.0,0.0,0.0,0.0,0.0,0.11846225,0.473849,1.0
2024-10-12 23:30:00,val,False,100,0.473849,0.005201754539340735,0.0,0,False,0,0.39846533759009645,0.39846533759009645,0.0,0.0,0.0,0.0,0.0,0.0,0.11846225,0.473849,1.0
2024-10-13 00:30:00,val,False,100,0.473849,0.001880710724979639,0.0,0,False,0,0.38594947737383567,0.38594947737383567,0.0,0.0,0.0,0.0,0.473849,0.0,0.11846225,0.473849,1.0
2024-10-13 01:30:00,val,False,100,0.473849,0.00030041976957023145,0.0,0,False,0,0.3869918508598237,0.3869918508598237,0.0,0.0,0.0,0.0,0.473849,0.0,0.11846225,0.473849,1.0
2024-10-13 02:30:00,val,False,100,0.473849,0.0,0.0,0,False,0,0.3836008335814952,0.3836008335814952,0.0,0.0,0.0,0.0,0.473849,0.0,0.11846225,0.473849,1.0
2024-10-13 03:30:00,val,False,100,0.473849,0.0,0.0,0,False,0,0.3736872982232226,0.3736872982232226,0.0,0.0,0.0,0.0,0.473849,0.0,0.11846225,0.473849,1.0
2024-10-13 04:30:00,val,False,100,0.473849,0.0,0.0,0,False,0,0.37145846625582213,0.37145846625582213,0.0,0.0,0.0,0.0,0.473849,0.0,0.11846225,0.473849,1.0
2024-10-13 05:30:00,val,False,100,0.473849,0.0009901200732588768,0.0,0,False,0,0.37217531837449525,0.37217531837449525,0.0,0.0,0.0,0.0,0.473849,0.0,0.11846225,0.473849,1.0
2024-10-13 06:30:00,val,False,100,0.473849,0.005091922181144357,0.0366952273661457,0,False,0,0.4094365109980069,0.4094365109980069,0.0,0.0,0.0,0.0,0.473849,0.0,0.11846225,0.473849,1.0
2024-10-13 07:30:00,val,True,100,0.473849,0.17066106644830106,0.09282898031005263,0,False,0,0.4233317065023899,0.4233317065023899,0.0,0.011919962313312443,0.011919962313312443,0.011919962313312443,0.473849,0.0,0.11846225,0.473849,1.0
2024-10-13 08:30:00,val,True,100,0.473849,0.14314139272435009,0.15396871127164363,0,False,0,0.46926649214653043,0.4264641,0.0,0.06652665981107272,0.06652665981107272,0.06652665981107272,0.4619290376866876,0.0,0.11846225,0.473849,1.0
2024-10-13 09:30:00,val,True,100,0.473849,0.19797710829615592,0.15541716906738282,0,False,0,0.47711656262770613,0.4264641,0.0,0.06500679554039014,0.06500679554039014,0.06500679554039014,0.39540237787561483,0.0,0.11846225,0.473849,1.0
2024-10-13 10:30:00,val,True,100,0.473849,0.18364868574020266,0.1639646935906708,0,False,0,0.43810791372949354,0.4264641,0.0,0.07556116515976395,0.07556116515976395,0.07556116515976395,0.3303955823352247,0.0,0.11846225,0.473849,1.0
2024-10-13 11:30:00,val,True,100,0.473849,0.185993607604146,0.19818773306524753,0,False,0,0.4087808879201384,0.4087808879201384,0.0,0.0773310168042531,0.0773310168042531,0.0773310168042531,0.25483441717546074,0.0,0.11846225,0.473849,1.0
2024-10-13 12:30:00,val,True,100,0.473849,0.2106828390418887,0.2389778056346476,0,False,0,0.38293788355425834,0.38293788355425834,0.0,0.0776929367648186,0.0776929367648186,0.0776929367648186,0.17750340037120765,0.0,0.11846225,0.473849,1.0
2024-10-13 13:30:00,val,True,100,0.473849,0.21055825163024663,0.22376182437995076,0,False,0,0.38250835522421744,0.38250835522421744,0.0,0.08062905410530155,0.08062905410530155,0.08062905410530155,0.09981046360638905,0.0,0.11846225,0.473849,1.0
2024-10-13 14:30:00,val,True,100,0.473849,0.17098339936906098,0.19052555275726318,0,False,0,0.3893798820756276,0.3893798820756276,0.0,0.04275731089482982,0.04275731089482982,0.0191814095010875,0.0191814095010875,0.02357590139374232,0.11846225,0.473849,1.0
2024-10-13 15:30:00,val,True,100,0.473849,0.1192665384220481,0.118939170002684,0,False,0,0.408133874189939,0.408133874189939,0.0,0.04281744338548162,0.04281744338548162,0.0,0.0,0.04281744338548162,0.11846225,0.473849,1.0
2024-10-13 16:30:00,val,True,100,0.473849,0.04447435669200122,0.04959971784622967,0,False,0,0.43106725433503595,0.4264641,0.0,0.018858513304170134,0.018858513304170134,0.0,0.0,0.018858513304170134,0.11846225,0.473849,1.0
2024-10-13 17:30:00,val,True,100,0.473849,7.776748202741147e-06,0.0033588981930214794,0,False,0,0.48376142152160106,0.4264641,0.05728954477339831,0.0037212478259458365,0.061010792599344145,0.0,0.0,0.061010792599344145,0.11846225,0.473849,1.0
2024-10-13 18:30:00,val,False,100,0.473849,0.0004874478835016489,0.0,0,False,0,0.5331332256296271,0.4264641,0.0,0.0,0.0,0.0,0.0,0.0,0.11846225,0.473849,1.0
2024-10-13 19:30:00,val,False,100,0.473849,0.00566262245246768,0.0,0,False,0,0.5436175505508727,0.4264641,0.0,0.0,0.0,0.0,0.0,0.0,0.11846225,0.473849,1.0
2024-10-13 20:30:00,val,False,100,0.473849,0.00218880762937665,0.0,0,False,0,0.5297034217847776,0.4264641,0.0,0.0,0.0,0.0,0.0,0.0,0.11846225,0.473849,1.0
2024-10-13 21:30:00,val,False,100,0.473849,0.0011785721524208783,0.0,0,False,0,0.5019931371309397,0.4264641,0.0,0.0,0.0,0.0,0.0,0.0,0.11846225,0.473849,1.0
2024-10-13 22:30:00,val,False,100,0.473849,0.0023021753798872233,0.0,0,False,0,0.435751828186125,0.4264641,0.0,0.0,0.0,0.0,0.0,0.0,0.11846225,0.473849,1.0
2024-10-13 23:30:00,val,False,100,0.473849,0.005290089301273226,0.0,0,False,0,0.3966258072086676,0.3966258072086676,0.0,0.0,0.0,0.0,0.0,0.0,0.11846225,0.473849,1.0
2024-10-14 00:30:00,val,False,100,0.473849,0.0030630825066119433,0.0,0,False,0,0.3699462773526232,0.3699462773526232,0.0,0.0,0.0,0.0,0.473849,0.0,0.11846225,0.473849,1.0
2024-10-14 01:30:00,val,False,100,0.473849,0.0017763649993538856,0.0,0,False,0,0.37669929290158155,0.37669929290158155,0.0,0.0,0.0,0.0,0.473849,0.0,0.11846225,0.473849,1.0
2024-10-14 02:30:00,val,False,100,0.473849,0.0005540504743307829,0.0,0,False,0,0.37610626086732724,0.37610626086732724,0.0,0.0,0.0,0.0,0.473849,0.0,0.11846225,0.473849,1.0
2024-10-14 03:30:00,val,False,100,0.473849,2.891321584582329e-06,0.0,0,False,0,0.3887597727554081,0.3887597727554081,0.0,0.0,0.0,0.0,0.473849,0.0,0.11846225,0.473849,1.0
2024-10-14 04:30:00,val,False,100,0.473849,0.0,0.0,0,False,0,0.3883083471063164,0.3883083471063164,0.0,0.0,0.0,0.0,0.473849,0.0,0.11846225,0.473849,1.0
2024-10-14 05:30:00,val,False,100,0.473849,0.0021258665244728325,0.0,0,False,0,0.39376065785983777,0.39376065785983777,0.0,0.0,0.0,0.0,0.473849,0.0,0.11846225,0.473849,1.0
2024-10-14 06:30:00,val,False,100,0.473849,0.00625583140617609,0.023273775339035317,0,False,0,0.39416860505145296,0.39416860505145296,0.0,0.0,0.0,0.0,0.473849,0.0,0.11846225,0.473849,1.0
2024-10-14 07:30:00,val,True,100,0.473849,0.06190050411242246,0.05185682552360743,0,False,0,0.4564039402284029,0.4264641,0.0,0.00643526025612585,0.00643526025612585,0.00643526025612585,0.473849,0.0,0.11846225,0.473849,1.0
2024-10-14 08:30:00,val,True,100,0.473849,0.09383560983301699,0.064405674694404,0,False,0,0.48092908164653186,0.4264641,0.0,0.011889798345520324,0.011889798345520324,0.011889798345520324,0.4674137397438742,0.0,0.11846225,0.473849,1.0
2024-10-14 09:30:00,val,True,100,0.473849,0.09426064850856364,0.12661327001687883,0,False,0,0.45640510884462726,0.4264641,0.0,0.02912485071550406,0.02912485071550406,0.02912485071550406,0.45552394139835384,0.0,0.11846225,0.473849,1.0
2024-10-14 10:30:00,val,True,100,0.473849,0.16556237381389738,0.14144581049707533,0,False,0,0.4340686346461092,0.4264641,0.0,0.03314348278763727,0.03314348278763727,0.03314348278763727,0.42639909068284976,0.0,0.11846225,0.473849,1.0
2024-10-14 11:30:00,val,True,100,0.473849,0.16970278484404086,0.18570950902482866,0,False,0,0.4005180004269648,0.4005180004269648,0.0,0.04091368778428004,0.04091368778428004,0.04091368778428004,0.39325560789521247,0.0,0.11846225,0.473849,1.0
2024-10-14 12:30:00,val,True,100,0.473849,0.2035093138163984,0.1608903227033019,0,False,0,0.3843263139019418,0.3843263139019418,0.0,0.04117596311655104,0.04117596311655104,0.04117596311655104,0.3523419201109324,0.0,0.11846225,0.473849,1.0
2024-10-14 13:30:00,val,True,100,0.473849,0.13947031794515252,0.15149621757802367,0,False,0,0.3978676317210731,0.3978676317210731,0.0,0.056801193712777406,0.056801193712777406,0.056801193712777406,0.3111659569943814,0.0,0.11846225,0.473849,1.0
2024-10-14 14:30:00,val,True,100,0.473849,0.11621583855530619,0.13414765609139204,0,False,0,0.39903950289439066,0.39903950289439066,0.0,0.0552994786921561,0.0552994786921561,0.0552994786921561,0.25436476328160396,0.0,0.11846225,0.473849,1.0
2024-10-14 15:30:00,val,True,100,0.473849,0.07937531098893284,0.09416342210108042,0,False,0,0.3991438575841169,0.3991438575841169,0.0,0.045427318277698296,0.045427318277698296,0.045427318277698296,0.19906528458944786,0.0,0.11846225,0.473849,1.0
2024-10-14 16:30:00,val,True,100,0.473849,0.028118011419653893,0.04117480284716934,0,False,0,0.44082711208277964,0.4264641,0.0,0.04346559796467641,0.04346559796467641,0.04346559796467641,0.15363796631174956,0.0,0.11846225,0.473849,1.0
2024-10-14 17:30:00,val,True,100,0.473849,0.0,0.0027941553802697237,0,False,0,0.5185741289958842,0.4264641,0.09211002899588416,0.03348746238775337,0.12559749138363752,0.11017236834707314,0.11017236834707314,0.015425123036564375,0.11846225,0.473849,1.0
2024-10-14 18:30:00,val,False,100,0.473849,0.0,0.0,0,False,0,0.5448868940404096,0.4264641,0.0,0.0,0.0,0.0,0.0,0.0,0.11846225,0.473849,1.0
2024-10-14 19:30:00,val,False,100,0.473849,0.0015281100833415984,0.0,0,False,0,0.5472856327495199,0.4264641,0.0,0.0,0.0,0.0,0.0,0.0,0.11846225,0.473849,1.0
2024-10-14 20:30:00,val,False,100,0.473849,0.0032872534330487253,0.0,0,False,0,0.5284258555292779,0.4264641,0.0,0.0,0.0,0.0,0.0,0.0,0.11846225,0.473849,1.0
2024-10-14 21:30:00,val,False,100,0.473849,0.00390295055937767,0.0,0,False,0,0.4964559613778842,0.4264641,0.0,0.0,0.0,0.0,0.0,0.0,0.11846225,0.473849,1.0
2024-10-14 22:30:00,val,False,100,0.473849,0.006558894417583942,0.0,0,False,0,0.44703926338396605,0.4264641,0.0,0.0,0.0,0.0,0.0,0.0,0.11846225,0.473849,1.0
2024-10-14 23:30:00,val,False,100,0.473849,0.007976537988349795,0.0,0,False,0,0.39798558111179533,0.39798558111179533,0.0,0.0,0.0,0.0,0.0,0.0,0.11846225,0.473849,1.0
2024-10-15 00:30:00,val,False,100,0.473849,0.0045112879593223335,0.0,0,False,0,0.3924846625685851,0.3924846625685851,0.0,0.0,0.0,0.0,0.473849,0.0,0.11846225,0.473849,1.0
2024-10-15 01:30:00,val,False,100,0.473849,0.00252232436555624,0.0,0,False,0,0.38944830351041393,0.38944830351041393,0.0,0.0,0.0,0.0,0.473849,0.0,0.11846225,0.473849,1.0
2024-10-15 02:30:00,val,False,100,0.473849,0.000782667039707303,0.0,0,False,0,0.37388217455012984,0.37388217455012984,0.0,0.0,0.0,0.0,0.473849,0.0,0.11846225,0.473849,1.0
2024-10-15 03:30:00,val,False,100,0.473849,5.857315465807914e-06,0.0,0,False,0,0.3706266097675223,0.3706266097675223,0.0,0.0,0.0,0.0,0.473849,0.0,0.11846225,0.473849,1.0
2024-10-15 04:30:00,val,False,100,0.473849,1.757988542318344e-06,0.0,0,False,0,0.38579776998828574,0.38579776998828574,0.0,0.0,0.0,0.0,0.473849,0.0,0.11846225,0.473849,1.0
2024-10-15 05:30:00,val,False,100,0.473849,0.001903142129406333,0.0,0,False,0,0.3807290222360503,0.3807290222360503,0.0,0.0,0.0,0.0,0.473849,0.0,0.11846225,0.473849,1.0
2024-10-15 06:30:00,val,False,100,0.473849,0.006237200306847691,0.02016979146405123,0,False,0,0.40328069353437784,0.40328069353437784,0.0,0.0,0.0,0.0,0.473849,0.0,0.11846225,0.473849,1.0
2024-10-15 07:30:00,val,True,100,0.473849,0.04413075482271612,0.05183647307522595,0,False,0,0.4477093574972391,0.4264641,0.0,0.03469676654773298,0.03469676654773298,0.03469676654773298,0.473849,0.0,0.11846225,0.473849,1.0
2024-10-15 08:30:00,val,True,100,0.473849,0.09332777817609907,0.08502573171706497,0,False,0,0.47358205350134247,0.4264641,0.0,0.0,0.0,0.0,0.43915223345226706,0.0,0.11846225,0.473849,1.0
2024-10-15 09:30:00,val,True,100,0.473849,0.11847542816488445,0.06674718478804827,0,False,0,0.4627164033871878,0.4264641,0.0,0.00783649654515175,0.00783649654515175,0.00783649654515175,0.43915223345226706,0.0,0.11846225,0.473849,1.0
2024-10-15 10:30:00,val,True,100,0.473849,0.0962302367772758,0.08853714621968567,0,False,0,0.435772945397552,0.4264641,0.0,0.04472053420268445,0.04472053420268445,0.04472053420268445,0.43131573690711533,0.0,0.11846225,0.473849,1.0
2024-10-15 11:30:00,val,True,100,0.473849,0.12534270109941065,0.11059224826461077,0,False,0,0.3857968578527663,0.3857968578527663,0.0,0.0457004487086379,0.0457004487086379,0.0457004487086379,0.3865952027044309,0.0,0.11846225,0.473849,1.0
2024-10-15 12:30:00,val,True,100,0.473849,0.1456120985286534,0.11335450189408659,0,False,0,0.3841328609758687,0.3841328609758687,0.0,0.04669626249171659,0.04669626249171659,0.04669626249171659,0.34089475399579294,0.0,0.11846225,0.473849,1.0
2024-10-15 13:30:00,val,True,100,0.473849,0.09473987545734644,0.06269138581614196,0,False,0,0.3899178395032623,0.3899178395032623,0.0,0.05243699988835361,0.05243699988835361,0.05243699988835361,0.29419849150407634,0.0,0.11846225,0.473849,1.0
2024-10-15 14:30:00,val,True,100,0.473849,0.03384404444050789,0.044000495942100884,0,False,0,0.385752729743431,0.385752729743431,0.0,0.05293809496168892,0.05293809496168892,0.05293809496168892,0.24176149161572275,0.0,0.11846225,0.473849,1.0
2024-10-15 15:30:00,val,True,100,0.473849,0.014658864624492824,0.030056090495087204,0,False,0,0.40152408381251964,0.40152408381251964,0.0,0.0572657163343465,0.0572657163343465,0.0572657163343465,0.18882339665403383,0.0,0.11846225,0.473849,1.0
2024-10-15 16:30:00,val,True,100,0.473849,0.0020898414457757026,0.014087637629339471,0,False,0,0.4370629839500175,0.4264641,0.00850904250424181,0.04359016492719595,0.05209920743143776,0.05209920743143776,0.13155768031968734,0.0,0.11846225,0.473849,1.0
2024-10-15 17:30:00,val,True,100,0.473849,0.0,0.0019869401381558418,0,False,0,0.4685422529409347,0.4264641,0.0420781529409347,0.043567105271383064,0.08564525821231776,0.07945847288824959,0.07945847288824959,0.006186785324068175,0.11846225,0.473849,1.0
2024-10-15 18:30:00,val,False,100,0.473849,0.0010311309011280536,0.0,0,False,0,0.540806569330588,0.4264641,0.0,0.0,0.0,0.0,0.0,0.0,0.11846225,0.473849,1.0
2024-10-15 19:30:00,val,False,100,0.473849,0.007439599369466305,0.0,0,False,0,0.5704535209837083,0.4264641,0.0,0.0,0.0,0.0,0.0,0.0,0.11846225,0.473849,1.0
2024-10-15 20:30:00,val,False,100,0.473849,0.009670457134410738,0.0,0,False,0,0.5210965645376175,0.4264641,0.0,0.0,0.0,0.0,0.0,0.0,0.11846225,0.473849,1.0
2024-10-15 21:30:00,val,False,100,0.473849,0.010057137671083212,0.0,0,False,0,0.4753252015308378,0.4264641,0.0,0.0,0.0,0.0,0.0,0.0,0.11846225,0.473849,1.0
2024-10-15 22:30:00,val,False,100,0.473849,0.009829278680995106,0.0,0,False,0,0.44975151915288175,0.4264641,0.0,0.0,0.0,0.0,0.0,0.0,0.11846225,0.473849,1.0
2024-10-15 23:30:00,val,False,100,0.473849,0.005708621183142066,0.0,0,False,0,0.4008563836069023,0.4008563836069023,0.0,0.0,0.0,0.0,0.0,0.0,0.11846225,0.473849,1.0
2024-10-16 00:30:00,val,False,100,0.473849,0.0022093214620947836,0.0,0,False,0,0.3856228893561702,0.3856228893561702,0.0,0.0,0.0,0.0,0.473849,0.0,0.11846225,0.473849,1.0
2024-10-16 01:30:00,val,False,100,0.473849,0.0005300986936241388,0.0,0,False,0,0.3837446536442558,0.3837446536442558,0.0,0.0,0.0,0.0,0.473849,0.0,0.11846225,0.473849,1.0
2024-10-16 02:30:00,val,False,100,0.473849,3.126215264201164e-06,0.0,0,False,0,0.39621827000298526,0.39621827000298526,0.0,0.0,0.0,0.0,0.473849,0.0,0.11846225,0.473849,1.0
2024-10-16 03:30:00,val,False,100,0.473849,0.0,0.0,0,False,0,0.3764619881353255,0.3764619881353255,0.0,0.0,0.0,0.0,0.473849,0.0,0.11846225,0.473849,1.0
2024-10-16 04:30:00,val,False,100,0.473849,0.0,0.0,0,False,0,0.38708756910015835,0.38708756910015835,0.0,0.0,0.0,0.0,0.473849,0.0,0.11846225,0.473849,1.0
2024-10-16 05:30:00,val,False,100,0.473849,0.0011868990649729968,0.0,0,False,0,0.395819066258533,0.395819066258533,0.0,0.0,0.0,0.0,0.473849,0.0,0.11846225,0.473849,1.0
2024-10-16 06:30:00,val,False,100,0.473849,0.005272792192533612,0.018673786309732123,0,False,0,0.4148203131478346,0.4148203131478346,0.0,0.0,0.0,0.0,0.473849,0.0,0.11846225,0.473849,1.0
2024-10-16 07:30:00,val,True,100,0.473849,0.041159494287595154,0.05051372960600257,0,False,0,0.4311949682554956,0.4264641,0.0,0.040564640683808786,0.040564640683808786,0.040564640683808786,0.473849,0.0,0.11846225,0.473849,1.0
2024-10-16 08:30:00,val,True,100,0.473849,0.09257004703089594,0.08697092529895901,0,False,0,0.46876826129114907,0.4264641,0.0,0.026204080504496723,0.026204080504496723,0.026204080504496723,0.43328435931619125,0.0,0.11846225,0.473849,1.0
2024-10-16 09:30:00,val,True,100,0.473849,0.12031379491256178,0.1248847919947058,0,False,0,0.4563001844638805,0.4264641,0.0,0.005409920008575268,0.005409920008575268,0.005409920008575268,0.4070802788116945,0.0,0.11846225,0.473849,1.0
2024-10-16 10:30:00,val,True,100,0.473849,0.16218329172360896,0.15113784864136576,0,False,0,0.4471688057366752,0.4264641,0.0,0.00619308104745057,0.00619308104745057,0.00619308104745057,0.40167035880311924,0.0,0.11846225,0.473849,1.0
2024-10-16 11:30:00,val,True,100,0.473849,0.1752261851578057,0.19920613772150875,0,False,0,0.40672722169473324,0.40672722169473324,0.0,0.012621258999842795,0.012621258999842795,0.012621258999842795,0.39547727775566865,0.0,0.11846225,0.473849,1.0
2024-10-16 12:30:00,val,True,100,0.473849,0.21163656086856125,0.16773319334080816,0,False,0,0.3879345874063341,0.3879345874063341,0.0,0.016279514558873186,0.016279514558873186,0.016279514558873186,0.38285601875582587,0.0,0.11846225,0.473849,1.0
2024-10-16 13:30:00,val,True,100,0.473849,0.14848790142002702,0.1290927686998993,0,False,0,0.3789433611382247,0.3789433611382247,0.0,0.04184668139321442,0.04184668139321442,0.04184668139321442,0.3665765041969527,0.0,0.11846225,0.473849,1.0
2024-10-16 14:30:00,val,True,100,0.473849,0.09958804119113088,0.11308728367047012,0,False,0,0.38892298868239006,0.38892298868239006,0.0,0.046165781020592295,0.046165781020592295,0.046165781020592295,0.3247298228037383,0.0,0.11846225,0.473849,1.0
2024-10-16 15:30:00,val,True,100,0.473849,0.06859579105796665,0.06746687301748991,0,False,0,0.40341745677265645,0.40341745677265645,0.0,0.04587393766837956,0.04587393766837956,0.04587393766837956,0.278564041783146,0.0,0.11846225,0.473849,1.0
2024-10-16 16:30:00,val,True,100,0.473849,0.01850683432739228,0.027513106640640647,0,False,0,0.4454579894663087,0.4264641,0.00048705513891642016,0.04624250358232457,0.04672955872124099,0.04672955872124099,0.23269010411476643,0.0,0.11846225,0.473849,1.0
2024-10-16 17:30:00,val,True,100,0.473849,1.3180316388607025e-06,0.0033457334482326698,0,False,0,0.5011366864276536,0.4264641,0.07467126839601476,0.04387861826650409,0.11854988666251885,0.11846225,0.18596054539352544,8.763666251884739e-05,0.11846225,0.473849,1.0
2024-10-16 18:30:00,val,False,100,0.473849,0.0,0.0,0,False,0,0.5142497245323798,0.4264641,0.0,0.0,0.0,0.0,0.06749829539352543,0.0,0.11846225,0.473849,1.0
2024-10-16 19:30:00,val,False,100,0.473849,0.0006690485624074936,0.0,0,False,0,0.5747559456440129,0.4264641,0.0,0.0,0.0,0.0,0.06749829539352543,0.0,0.11846225,0.473849,1.0
2024-10-16 20:30:00,val,False,100,0.473849,0.001500825271293521,0.0,0,False,0,0.519047181187136,0.4264641,0.0,0.0,0.0,0.0,0.06749829539352543,0.0,0.11846225,0.473849,1.0
2024-10-16 21:30:00,val,False,100,0.473849,0.004112917932704091,0.0,0,False,0,0.47243588884361043,0.4264641,0.0,0.0,0.0,0.0,0.06749829539352543,0.0,0.11846225,0.473849,1.0
2024-10-16 22:30:00,val,False,100,0.473849,0.00592069056327641,0.0,0,False,0,0.44520249639496007,0.4264641,0.0,0.0,0.0,0.0,0.06749829539352543,0.0,0.11846225,0.473849,1.0
2024-10-16 23:30:00,val,False,100,0.473849,0.005084473967716098,0.0,0,False,0,0.4106735862614773,0.4106735862614773,0.0,0.0,0.0,0.0,0.06749829539352543,0.0,0.11846225,0.473849,1.0
2024-10-17 00:30:00,val,False,100,0.473849,0.001823052881002426,0.0,0,False,0,0.37637241703569463,0.37637241703569463,0.0,0.0,0.0,0.0,0.473849,0.0,0.11846225,0.473849,1.0
2024-10-17 01:30:00,val,False,100,0.473849,0.00011431050099432469,0.0,0,False,0,0.3799439430387914,0.3799439430387914,0.0,0.0,0.0,0.0,0.473849,0.0,0.11846225,0.473849,1.0
2024-10-17 02:30:00,val,False,100,0.473849,0.0,0.0,0,False,0,0.38447978388924253,0.38447978388924253,0.0,0.0,0.0,0.0,0.473849,0.0,0.11846225,0.473849,1.0
2024-10-17 03:30:00,val,False,100,0.473849,0.0,0.0,0,False,0,0.36729544327872393,0.36729544327872393,0.0,0.0,0.0,0.0,0.473849,0.0,0.11846225,0.473849,1.0
2024-10-17 04:30:00,val,False,100,0.473849,0.0,0.0,0,False,0,0.3812519394872944,0.3812519394872944,0.0,0.0,0.0,0.0,0.473849,0.0,0.11846225,0.473849,1.0
2024-10-17 05:30:00,val,False,100,0.473849,0.0004833756484538317,0.0,0,False,0,0.3888932095212365,0.3888932095212365,0.0,0.0,0.0,0.0,0.473849,0.0,0.11846225,0.473849,1.0
2024-10-17 06:30:00,val,False,100,0.473849,0.004163347581773997,0.03283432379778102,0,False,0,0.4148760128390166,0.4148760128390166,0.0,0.0,0.0,0.0,0.473849,0.0,0.11846225,0.473849,1.0
2024-10-17 07:30:00,val,True,100,0.473849,0.1556577183341086,0.08509496367174386,0,False,0,0.44227059430194926,0.4264641,0.0,0.04194807551590625,0.04194807551590625,0.04194807551590625,0.473849,0.0,0.11846225,0.473849,1.0
2024-10-17 08:30:00,val,True,100,0.473849,0.13230973955368996,0.14307528304097056,0,False,0,0.4651608497552211,0.4264641,0.0,0.06247912067951358,0.06247912067951358,0.06247912067951358,0.4319009244840938,0.0,0.11846225,0.473849,1.0
2024-10-17 09:30:00,val,True,100,0.473849,0.18518190905284881,0.15440008091786503,0,False,0,0.4726206079340833,0.4264641,0.0,0.05871596182461778,0.05871596182461778,0.05871596182461778,0.36942180380458023,0.0,0.11846225,0.473849,1.0
2024-10-17 10:30:00,val,True,100,0.473849,0.18546226957836748,0.20369183364111185,0,False,0,0.441652550394643,0.4264641,0.0,0.0656890323713831,0.0656890323713831,0.0656890323713831,0.3107058419799624,0.0,0.11846225,0.473849,1.0
2024-10-17 11:30:00,val,True,100,0.473849,0.22805358582183718,0.21274463891246914,0,False,0,0.39779224113565287,0.39779224113565287,0.0,0.06634490427377768,0.06634490427377768,0.06634490427377768,0.24501680960857933,0.0,0.11846225,0.473849,1.0
2024-10-17 12:30:00,val,True,100,0.473849,0.2196193859000206,0.2172607124596238,0,False,0,0.3930141913133297,0.3930141913133297,0.0,0.06828551860005365,0.06828551860005365,0.06828551860005365,0.17867190533480165,0.0,0.11846225,0.473849,1.0
2024-10-17 13:30:00,val,True,100,0.473849,0.1916973413939476,0.16330756810739636,0,False,0,0.38035631699494915,0.38035631699494915,0.0,0.06837449190195849,0.06837449190195849,0.06837449190195849,0.110386386734748,0.0,0.11846225,0.473849,1.0
2024-10-17 14:30:00,val,True,100,0.473849,0.12498302667194605,0.17775565106096863,0,False,0,0.39714625078217225,0.39714625078217225,0.0,0.0413619662083614,0.0413619662083614,0.0413619662083614,0.04201189483278951,0.0,0.11846225,0.473849,1.0
2024-10-17 15:30:00,val,True,100,0.473849,0.11671896330854296,0.10741440742957592,0,False,0,0.39244972351085344,0.39244972351085344,0.0,0.05353107703083433,0.05353107703083433,0.0006499286244281144,0.0006499286244281144,0.05288114840640622,0.11846225,0.473849,1.0
2024-10-17 16:30:00,val,True,100,0.473849,0.03693628654866666,0.04570346711327881,0,False,0,0.44106320348163935,0.4264641,0.0,0.045116609397300715,0.045116609397300715,0.0,0.0,0.045116609397300715,0.11846225,0.473849,1.0
2024-10-17 17:30:00,val,True,100,0.473849,0.0008316111724581569,0.0034155574316402345,0,False,0,0.5031744924745851,0.4264641,0.07587878130212695,0.04542361885200811,0.12130240015413507,0.0,0.0,0.12130240015413507,0.11846225,0.473849,1.0
2024-10-17 18:30:00,val,False,100,0.473849,0.0,0.0,0,False,0,0.5152994872916692,0.4264641,0.0,0.0,0.0,0.0,0.0,0.0,0.11846225,0.473849,1.0
2024-10-17 19:30:00,val,False,100,0.473849,0.004991480367913842,0.0,0,False,0,0.5477260633390758,0.4264641,0.0,0.0,0.0,0.0,0.0,0.0,0.11846225,0.473849,1.0
2024-10-17 20:30:00,val,False,100,0.473849,0.003266321348980069,0.0,0,False,0,0.5318473610698223,0.4264641,0.0,0.0,0.0,0.0,0.0,0.0,0.11846225,0.473849,1.0
2024-10-17 21:30:00,val,False,100,0.473849,0.0017049214133769274,0.0,0,False,0,0.4776630341789799,0.4264641,0.0,0.0,0.0,0.0,0.0,0.0,0.11846225,0.473849,1.0
2024-10-17 22:30:00,val,False,100,0.473849,0.00030928909656405447,0.0,0,False,0,0.42830464608442254,0.4264641,0.0,0.0,0.0,0.0,0.0,0.0,0.11846225,0.473849,1.0
2024-10-17 23:30:00,val,False,100,0.473849,0.0015483274864554405,0.0,0,False,0,0.4141726665727512,0.4141726665727512,0.0,0.0,0.0,0.0,0.0,0.0,0.11846225,0.473849,1.0
2024-10-18 00:30:00,val,False,100,0.473849,0.00028381216721236704,0.0,0,False,0,0.3910498617781646,0.3910498617781646,0.0,0.0,0.0,0.0,0.473849,0.0,0.11846225,0.473849,1.0
2024-10-18 01:30:00,val,False,100,0.473849,0.0,0.0,0,False,0,0.37840618566418527,0.37840618566418527,0.0,0.0,0.0,0.0,0.473849,0.0,0.11846225,0.473849,1.0
2024-10-18 02:30:00,val,False,100,0.473849,0.0,0.0,0,False,0,0.37735219089055444,0.37735219089055444,0.0,0.0,0.0,0.0,0.473849,0.0,0.11846225,0.473849,1.0
2024-10-18 03:30:00,val,False,100,0.473849,0.0,0.0,0,False,0,0.3738693963845106,0.3738693963845106,0.0,0.0,0.0,0.0,0.473849,0.0,0.11846225,0.473849,1.0
2024-10-18 04:30:00,val,False,100,0.473849,0.0,0.0,0,False,0,0.38577774432513956,0.38577774432513956,0.0,0.0,0.0,0.0,0.473849,0.0,0.11846225,0.473849,1.0
2024-10-18 05:30:00,val,False,100,0.473849,0.0010700197233706713,0.0,0,False,0,0.381280944664949,0.381280944664949,0.0,0.0,0.0,0.0,0.473849,0.0,0.11846225,0.473849,1.0
2024-10-18 06:30:00,val,False,100,0.473849,0.0052695174903422595,0.044899540397338566,0,False,0,0.41298278586456727,0.41298278586456727,0.0,0.0,0.0,0.0,0.473849,0.0,0.11846225,0.473849,1.0
2024-10-18 07:30:00,val,True,100,0.473849,0.2670652374072075,0.11738457610556483,0,False,0,0.43593381742364024,0.4264641,0.0,0.04055154413093003,0.04055154413093003,0.04055154413093003,0.473849,0.0,0.11846225,0.473849,1.0
2024-10-18 08:30:00,val,True,100,0.473849,0.17723637917542456,0.1916940725338459,0,False,0,0.4625126243312439,0.4264641,0.0,0.13362728419915978,0.13362728419915978,0.11846225,0.43329745586907,0.01516503419915978,0.11846225,0.473849,1.0
2024-10-18 09:30:00,val,True,100,0.473849,0.24863586412385105,0.21257505300471186,0,False,0,0.478101908940287,0.4264641,0.0,0.12851906581050704,0.12851906581050704,0.11846225,0.31483520586907,0.010056815810507033,0.11846225,0.473849,1.0
2024-10-18 10:30:00,val,True,100,0.473849,0.24840126706057786,0.2648097890341878,0,False,0,0.4429392097954398,0.4264641,0.0,0.1304263670339118,0.1304263670339118,0.11846225,0.19637295586907,0.0119641170339118,0.11846225,0.473849,1.0
2024-10-18 11:30:00,val,True,100,0.473849,0.28063450421899555,0.279178841811657,0,False,0,0.387633511353192,0.387633511353192,0.0,0.13009542607077249,0.13009542607077249,0.07791070586907,0.07791070586907,0.05218472020170249,0.11846225,0.473849,1.0
2024-10-18 12:30:00,val,True,100,0.473849,0.27577242344623804,0.2550476422456503,0,False,0,0.39101802243551087,0.39101802243551087,0.0,0.13030764823306118,0.13030764823306118,0.0,0.0,0.13030764823306118,0.11846225,0.473849,1.0
2024-10-18 13:30:00,val,True,100,0.473849,0.22381638686189056,0.21201447157165407,0,False,0,0.40280646767792994,0.40280646767792994,0.0,0.13193968380227114,0.13193968380227114,0.0,0.0,0.13193968380227114,0.11846225,0.473849,1.0
2024-10-18 14:30:00,val,True,100,0.473849,0.16967831324228644,0.15569015242537856,0,False,0,0.38338990012784285,0.38338990012784285,0.0,0.04018885426061961,0.04018885426061961,0.0,0.0,0.04018885426061961,0.11846225,0.473849,1.0
2024-10-18 15:30:00,val,True,100,0.473849,0.10662522531557084,0.0935476644115746,0,False,0,0.3932963457336337,0.3932963457336337,0.0,0.04045510688364435,0.04045510688364435,0.0,0.0,0.04045510688364435,0.11846225,0.473849,1.0
2024-10-18 16:30:00,val,True,100,0.473849,0.04159898555304855,0.03463188987384364,0,False,0,0.43314212944826885,0.4264641,0.0,0.02919601825775706,0.02919601825775706,0.0,0.0,0.02919601825775706,0.11846225,0.473849,1.0
2024-10-18 17:30:00,val,True,100,0.473849,0.0022315047386437655,0.0028044673150585606,0,False,0,0.4896769172013287,0.4264641,0.06098131246268494,0.022125442458060883,0.08310675492074582,0.0,0.0,0.08310675492074582,0.11846225,0.473849,1.0
2024-10-18 18:30:00,val,False,100,0.473849,0.004035321408271789,0.0,0,False,0,0.5194591529842432,0.4264641,0.0,0.0,0.0,0.0,0.0,0.0,0.11846225,0.473849,1.0
2024-10-18 19:30:00,val,False,100,0.473849,0.004358267784997821,0.0,0,False,0,0.5661936256387202,0.4264641,0.0,0.0,0.0,0.0,0.0,0.0,0.11846225,0.473849,1.0
2024-10-18 20:30:00,val,False,100,0.473849,0.002570703345492482,0.0,0,False,0,0.5249212326625607,0.4264641,0.0,0.0,0.0,0.0,0.0,0.0,0.11846225,0.473849,1.0
2024-10-18 21:30:00,val,False,100,0.473849,0.0006304664217978716,0.0,0,False,0,0.48494269064767354,0.4264641,0.0,0.0,0.0,0.0,0.0,0.0,0.11846225,0.473849,1.0
2024-10-18 22:30:00,val,False,100,0.473849,0.0021685453775525092,0.0,0,False,0,0.43969074941553055,0.4264641,0.0,0.0,0.0,0.0,0.0,0.0,0.11846225,0.473849,1.0
2024-10-18 23:30:00,val,False,100,0.473849,0.0029629881631582974,0.0,0,False,0,0.3975782145458965,0.3975782145458965,0.0,0.0,0.0,0.0,0.0,0.0,0.11846225,0.473849,1.0
2024-10-19 00:30:00,val,False,100,0.473849,0.000807168343693018,0.0,0,False,0,0.39193219603599433,0.39193219603599433,0.0,0.0,0.0,0.0,0.473849,0.0,0.11846225,0.473849,1.0
2024-10-19 01:30:00,val,False,100,0.473849,0.00027263322034478185,0.0,0,False,0,0.375937657481716,0.375937657481716,0.0,0.0,0.0,0.0,0.473849,0.0,0.11846225,0.473849,1.0
2024-10-19 02:30:00,val,False,100,0.473849,3.0486441671848294e-05,0.0,0,False,0,0.3835051511609881,0.3835051511609881,0.0,0.0,0.0,0.0,0.473849,0.0,0.11846225,0.473849,1.0
2024-10-19 03:30:00,val,False,100,0.473849,0.0,0.0,0,False,0,0.3740986909229568,0.3740986909229568,0.0,0.0,0.0,0.0,0.473849,0.0,0.11846225,0.473849,1.0
2024-10-19 04:30:00,val,False,100,0.473849,0.0,0.0,0,False,0,0.3793482672503054,0.3793482672503054,0.0,0.0,0.0,0.0,0.473849,0.0,0.11846225,0.473849,1.0
2024-10-19 05:30:00,val,False,100,0.473849,0.001882738154888153,0.0,0,False,0,0.3769630357201136,0.3769630357201136,0.0,0.0,0.0,0.0,0.473849,0.0,0.11846225,0.473849,1.0
2024-10-19 06:30:00,val,False,100,0.473849,0.00635474101780355,0.019111510539360343,0,False,0,0.3991142272648598,0.3991142272648598,0.0,0.0,0.0,0.0,0.473849,0.0,0.11846225,0.473849,1.0
2024-10-19 07:30:00,val,True,100,0.473849,0.04827671662473679,0.05337827702668309,0,False,0,0.4290695364953923,0.4264641,0.0,0.022828305844756834,0.022828305844756834,0.022828305844756834,0.473849,0.0,0.11846225,0.473849,1.0
2024-10-19 08:30:00,val,True,100,0.473849,0.0957930143546164,0.09804615352478623,0,False,0,0.4637318284556871,0.4264641,0.0,0.019688003419463983,0.019688003419463983,0.019688003419463983,0.4510206941552432,0.0,0.11846225,0.473849,1.0
2024-10-19 09:30:00,val,True,100,0.473849,0.13259563430188595,0.11422370711754262,0,False,0,0.46918434234469536,0.4264641,0.0,0.01777598180488725,0.01777598180488725,0.01777598180488725,0.43133269073577923,0.0,0.11846225,0.473849,1.0
2024-10-19 10:30:00,val,True,100,0.473849,0.15052433977147936,0.10656581846126914,0,False,0,0.4238044127555385,0.4238044127555385,0.0,0.02039881951919453,0.02039881951919453,0.02039881951919453,0.41355670893089197,0.0,0.11846225,0.473849,1.0
2024-10-19 11:30:00,val,True,100,0.473849,0.13585267890670896,0.12030597971250116,0,False,0,0.39613782271949666,0.39613782271949666,0.0,0.04075477775543351,0.04075477775543351,0.04075477775543351,0.39315788941169744,0.0,0.11846225,0.473849,1.0
2024-10-19 12:30:00,val,True,100,0.473849,0.14504320759606362,0.13472690978983046,0,False,0,0.38984442551271903,0.38984442551271903,0.0,0.042232369659425756,0.042232369659425756,0.042232369659425756,0.3524031116562639,0.0,0.11846225,0.473849,1.0
2024-10-19 13:30:00,val,True,100,0.473849,0.1060006137059331,0.16321700191485883,0,False,0,0.3898266386266643,0.3898266386266643,0.0,0.04252663393026257,0.04252663393026257,0.04252663393026257,0.31017074199683814,0.0,0.11846225,0.473849,1.0
2024-10-19 14:30:00,val,True,100,0.473849,0.11464133232171833,0.16596784818023444,0,False,0,0.389839034404389,0.389839034404389,0.0,0.06061204421349961,0.06061204421349961,0.06061204421349961,0.26764410806657557,0.0,0.11846225,0.473849,1.0
2024-10-19 15:30:00,val,True,100,0.473849,0.1008870824175775,0.10228363997547328,0,False,0,0.40764003016998784,0.40764003016998784,0.0,0.06425617503181451,0.06425617503181451,0.06425617503181451,0.20703206385307596,0.0,0.11846225,0.473849,1.0
2024-10-19 16:30:00,val,True,100,0.473849,0.03086744745219499,0.04134708183944225,0,False,0,0.42204362680951446,0.42204362680951446,0.0,0.05878758071934231,0.05878758071934231,0.05878758071934231,0.14277588882126147,0.0,0.11846225,0.473849,1.0
2024-10-19 17:30:00,val,True,100,0.473849,0.0,0.0024321146824258615,0,False,0,0.4914326112822037,0.4264641,0.06496851128220371,0.03561637094112808,0.10058488222333178,0.08398830810191915,0.08398830810191915,0.016596574121412633,0.11846225,0.473849,1.0
2024-10-19 18:30:00,val,False,100,0.473849,0.0,0.0,0,False,0,0.5531420769755434,0.4264641,0.0,0.0,0.0,0.0,0.0,0.0,0.11846225,0.473849,1.0
2024-10-19 19:30:00,val,False,100,0.473849,0.00468611183270812,0.0,0,False,0,0.5518883498480528,0.4264641,0.0,0.0,0.0,0.0,0.0,0.0,0.11846225,0.473849,1.0
2024-10-19 20:30:00,val,False,100,0.473849,0.0022508935560882092,0.0,0,False,0,0.5122263636789011,0.4264641,0.0,0.0,0.0,0.0,0.0,0.0,0.11846225,0.473849,1.0
2024-10-19 21:30:00,val,False,100,0.473849,0.0010329931426495314,0.0,0,False,0,0.4801247532803501,0.4264641,0.0,0.0,0.0,0.0,0.0,0.0,0.11846225,0.473849,1.0
2024-10-19 22:30:00,val,False,100,0.473849,0.0026065776134431362,0.0,0,False,0,0.4447973610715463,0.4264641,0.0,0.0,0.0,0.0,0.0,0.0,0.11846225,0.473849,1.0
2024-10-19 23:30:00,val,False,100,0.473849,0.004383756119072438,0.0,0,False,0,0.40460230718899887,0.40460230718899887,0.0,0.0,0.0,0.0,0.0,0.0,0.11846225,0.473849,1.0
2024-10-20 00:30:00,val,False,100,0.473849,0.0020046516181975605,0.0,0,False,0,0.3789481777986624,0.3789481777986624,0.0,0.0,0.0,0.0,0.473849,0.0,0.11846225,0.473849,1.0
2024-10-20 01:30:00,val,False,100,0.473849,0.0007737559682279825,0.0,0,False,0,0.38778614288299257,0.38778614288299257,0.0,0.0,0.0,0.0,0.473849,0.0,0.11846225,0.473849,1.0
2024-10-20 02:30:00,val,False,100,0.473849,0.00013028263162076473,0.0,0,False,0,0.3772162597753524,0.3772162597753524,0.0,0.0,0.0,0.0,0.473849,0.0,0.11846225,0.473849,1.0
2024-10-20 03:30:00,val,False,100,0.473849,0.0,0.0,0,False,0,0.3830256861641605,0.3830256861641605,0.0,0.0,0.0,0.0,0.473849,0.0,0.11846225,0.473849,1.0
2024-10-20 04:30:00,val,False,100,0.473849,0.0,0.0,0,False,0,0.3782997419127371,0.3782997419127371,0.0,0.0,0.0,0.0,0.473849,0.0,0.11846225,0.473849,1.0
2024-10-20 05:30:00,val,False,100,0.473849,0.0016991969534754753,0.0,0,False,0,0.381134628298608,0.381134628298608,0.0,0.0,0.0,0.0,0.473849,0.0,0.11846225,0.473849,1.0
2024-10-20 06:30:00,val,False,100,0.473849,0.005848425127267838,0.025369846006542445,0,False,0,0.4024622804003886,0.4024622804003886,0.0,0.0,0.0,0.0,0.473849,0.0,0.11846225,0.473849,1.0
2024-10-20 07:30:00,val,True,100,0.473849,0.10324729097898304,0.06765773643195629,0,False,0,0.4491445635054557,0.4264641,0.0,0.027892857391323852,0.027892857391323852,0.027892857391323852,0.473849,0.0,0.11846225,0.473849,1.0
2024-10-20 08:30:00,val,True,100,0.473849,0.11200737247879804,0.11533905052769183,0,False,0,0.45950577069378545,0.4264641,0.0,0.04254646904761863,0.04254646904761863,0.04254646904761863,0.44595614260867616,0.0,0.11846225,0.473849,1.0
2024-10-20 09:30:00,val,True,100,0.473849,0.15204736617094278,0.1763616838658452,0,False,0,0.46176273312227406,0.4264641,0.0,0.04004529729834502,0.04004529729834502,0.04004529729834502,0.40340967356105756,0.0,0.11846225,0.473849,1.0
2024-10-20 10:30:00,val,True,100,0.473849,0.21874472312641144,0.23595584042337536,0,False,0,0.43469719268425594,0.4264641,0.0,0.031670052934282066,0.031670052934282066,0.031670052934282066,0.36336437626271256,0.0,0.11846225,0.473849,1.0
2024-10-20 11:30:00,val,True,100,0.473849,0.26061727760735154,0.2405862227409184,0,False,0,0.41283120042896865,0.41283120042896865,0.0,0.03079737485351777,0.03079737485351777,0.03079737485351777,0.3316943233284305,0.0,0.11846225,0.473849,1.0
2024-10-20 12:30:00,val,True,100,0.473849,0.24392090467399358,0.2555222619802058,0,False,0,0.38281281099471187,0.38281281099471187,0.0,0.03861254798910517,0.03861254798910517,0.03861254798910517,0.3008969484749128,0.0,0.11846225,0.473849,1.0
2024-10-20 13:30:00,val,True,100,0.473849,0.22459733260563017,0.2067019613992274,0,False,0,0.37831361770527605,0.37831361770527605,0.0,0.03808926534062046,0.03808926534062046,0.03808926534062046,0.2622844004858076,0.0,0.11846225,0.473849,1.0
2024-10-20 14:30:00,val,True,100,0.473849,0.1599719050780833,0.19436762956044076,0,False,0,0.3966682553335281,0.3966682553335281,0.0,0.027217263686999976,0.027217263686999976,0.027217263686999976,0.22419513514518713,0.0,0.11846225,0.473849,1.0
2024-10-20 15:30:00,val,True,100,0.473849,0.1257728211954534,0.11937796614791453,0,False,0,0.4089057154332432,0.4089057154332432,0.0,0.028635874715559825,0.028635874715559825,0.028635874715559825,0.19697787145818715,0.0,0.11846225,0.473849,1.0
2024-10-20 16:30:00,val,True,100,0.473849,0.04753473727291077,0.043153950577124955,0,False,0,0.4316177005618562,0.4264641,0.0,0.03225903636036269,0.03225903636036269,0.03225903636036269,0.16834199674262734,0.0,0.11846225,0.473849,1.0
2024-10-20 17:30:00,val,True,100,0.473849,0.002478381896755658,0.002287070990138047,0,False,0,0.4950796045084468,0.4264641,0.06613712261169112,0.03414433000299945,0.10028145261469057,0.10028145261469057,0.13608296038226464,0.0,0.11846225,0.473849,1.0
2024-10-20 18:30:00,val,False,100,0.473849,0.0007652331451177598,0.0,0,False,0,0.51460193019039,0.4264641,0.0,0.0,0.0,0.0,0.03580150776757407,0.0,0.11846225,0.473849,1.0
2024-10-20 19:30:00,val,False,100,0.473849,0.006258288709431886,0.0,0,False,0,0.5208443390273177,0.4264641,0.0,0.0,0.0,0.0,0.03580150776757407,0.0,0.11846225,0.473849,1.0
2024-10-20 20:30:00,val,False,100,0.473849,0.00394618327434361,0.0,0,False,0,0.5504530402488467,0.4264641,0.0,0.0,0.0,0.0,0.03580150776757407,0.0,0.11846225,0.473849,1.0
2024-10-20 21:30:00,val,False,100,0.473849,0.004592542549952864,0.0,0,False,0,0.47599726303019607,0.4264641,0.0,0.0,0.0,0.0,0.03580150776757407,0.0,0.11846225,0.473849,1.0
2024-10-20 22:30:00,val,False,100,0.473849,0.003629921513527632,0.0,0,False,0,0.4483414381300938,0.4264641,0.0,0.0,0.0,0.0,0.03580150776757407,0.0,0.11846225,0.473849,1.0
2024-10-20 23:30:00,val,False,100,0.473849,0.005270436503633857,0.0,0,False,0,0.39917030763906414,0.39917030763906414,0.0,0.0,0.0,0.0,0.03580150776757407,0.0,0.11846225,0.473849,1.0
2024-10-21 00:30:00,val,False,100,0.473849,0.0018539445666521787,0.0,0,False,0,0.3710585977182469,0.3710585977182469,0.0,0.0,0.0,0.0,0.473849,0.0,0.11846225,0.473849,1.0
2024-10-21 01:30:00,val,False,100,0.473849,0.00033400070717930794,0.0,0,False,0,0.388534868897281,0.388534868897281,0.0,0.0,0.0,0.0,0.473849,0.0,0.11846225,0.473849,1.0
2024-10-21 02:30:00,val,False,100,0.473849,0.0,0.0,0,False,0,0.37613608993603775,0.37613608993603775,0.0,0.0,0.0,0.0,0.473849,0.0,0.11846225,0.473849,1.0
2024-10-21 03:30:00,val,False,100,0.473849,0.0,0.0,0,False,0,0.3852555346955459,0.3852555346955459,0.0,0.0,0.0,0.0,0.473849,0.0,0.11846225,0.473849,1.0
2024-10-21 04:30:00,val,False,100,0.473849,0.0,0.0,0,False,0,0.3980359579863911,0.3980359579863911,0.0,0.0,0.0,0.0,0.473849,0.0,0.11846225,0.473849,1.0
2024-10-21 05:30:00,val,False,100,0.473849,0.0008955167270898819,0.0,0,False,0,0.38995974692077234,0.38995974692077234,0.0,0.0,0.0,0.0,0.473849,0.0,0.11846225,0.473849,1.0
2024-10-21 06:30:00,val,False,100,0.473849,0.004577802826762199,0.025851071909837424,0,False,0,0.39105962388889515,0.39105962388889515,0.0,0.0,0.0,0.0,0.473849,0.0,0.11846225,0.473849,1.0
2024-10-21 07:30:00,val,True,100,0.473849,0.1132393356424123,0.0687711950326264,0,False,0,0.4422688315898106,0.4264641,0.0,0.02701621984396199,0.02701621984396199,0.02701621984396199,0.473849,0.0,0.11846225,0.473849,1.0
2024-10-21 08:30:00,val,True,100,0.473849,0.1133411617705673,0.11275741338846088,0,False,0,0.47019698997023257,0.4264641,0.0,0.0486705306983883,0.0486705306983883,0.0486705306983883,0.446832780156038,0.0,0.11846225,0.473849,1.0
2024-10-21 09:30:00,val,True,100,0.473849,0.1483616262539327,0.19993516084465385,0,False,0,0.46525342349920573,0.4264641,0.0,0.04484356896585145,0.04484356896585145,0.04484356896585145,0.3981622494576497,0.0,0.11846225,0.473849,1.0
2024-10-21 10:30:00,val,True,100,0.473849,0.24341967818400265,0.28030236774599554,0,False,0,0.42928492671836954,0.4264641,0.0,0.051141166367802464,0.051141166367802464,0.051141166367802464,0.35331868049179826,0.0,0.11846225,0.473849,1.0
2024-10-21 11:30:00,val,True,100,0.473849,0.3045781679885983,0.28383340450429917,0,False,0,0.4072421998482555,0.4072421998482555,0.0,0.04938435442929252,0.04938435442929252,0.04938435442929252,0.3021775141239958,0.0,0.11846225,0.473849,1.0
2024-10-21 12:30:00,val,True,100,0.473849,0.2822123093355298,0.26949348235297205,0,False,0,0.37946710188481775,0.37946710188481775,0.0,0.05484609004284635,0.05484609004284635,0.05484609004284635,0.2527931596947033,0.0,0.11846225,0.473849,1.0
2024-10-21 13:30:00,val,True,100,0.473849,0.23342547264906763,0.21171710379338265,0,False,0,0.37024084947978564,0.37024084947978564,0.0,0.05798389873706294,0.05798389873706294,0.05798389873706294,0.19794706965185693,0.0,0.11846225,0.473849,1.0
2024-10-21 14:30:00,val,True,100,0.473849,0.16405293392300604,0.18943374705651403,0,False,0,0.37958801420877963,0.37958801420877963,0.0,0.04607165251671687,0.04607165251671687,0.04607165251671687,0.139963170914794,0.0,0.11846225,0.473849,1.0
2024-10-21 15:30:00,val,True,100,0.473849,0.1263757707372904,0.11650613492585718,0,False,0,0.4039685166195887,0.4039685166195887,0.0,0.04303287604033037,0.04303287604033037,0.04303287604033037,0.09389151839807712,0.0,0.11846225,0.473849,1.0
2024-10-21 16:30:00,val,True,100,0.473849,0.04935313677600771,0.04281316336049885,0,False,0,0.4238213146533575,0.4238213146533575,0.0,0.04184021598657359,0.04184021598657359,0.04184021598657359,0.05085864235774675,0.0,0.11846225,0.473849,1.0
2024-10-21 17:30:00,val,True,100,0.473849,0.002620740497163497,0.0023574669876188854,0,False,0,0.4803535430419013,0.4264641,0.0512687025447378,0.03611358145976586,0.08738228400450367,0.009018426371173165,0.009018426371173165,0.07836385763333051,0.11846225,0.473849,1.0
2024-10-21 18:30:00,val,False,100,0.473849,0.0032545212711542846,0.0,0,False,0,0.5337912529100399,0.4264641,0.0,0.0,0.0,0.0,0.0,0.0,0.11846225,0.473849,1.0
2024-10-21 19:30:00,val,False,100,0.473849,0.007009583587527275,0.0,0,False,0,0.5507538777483484,0.4264641,0.0,0.0,0.0,0.0,0.0,0.0,0.11846225,0.473849,1.0
2024-10-21 20:30:00,val,False,100,0.473849,0.003963985761076212,0.0,0,False,0,0.5261481292994584,0.4264641,0.0,0.0,0.0,0.0,0.0,0.0,0.11846225,0.473849,1.0
2024-10-21 21:30:00,val,False,100,0.473849,0.004172694824084639,0.0,0,False,0,0.4865470767271926,0.4264641,0.0,0.0,0.0,0.0,0.0,0.0,0.11846225,0.473849,1.0
2024-10-21 22:30:00,val,False,100,0.473849,0.0027982625283300877,0.0,0,False,0,0.408802948487063,0.408802948487063,0.0,0.0,0.0,0.0,0.0,0.0,0.11846225,0.473849,1.0
2024-10-21 23:30:00,val,False,100,0.473849,0.005207133077830076,0.0,0,False,0,0.3992078958240781,0.3992078958240781,0.0,0.0,0.0,0.0,0.0,0.0,0.11846225,0.473849,1.0
2024-10-22 00:30:00,val,False,100,0.473849,0.002018660069614649,0.0,0,False,0,0.37690479922980835,0.37690479922980835,0.0,0.0,0.0,0.0,0.473849,0.0,0.11846225,0.473849,1.0
2024-10-22 01:30:00,val,False,100,0.473849,0.0004484883856624365,0.0,0,False,0,0.3649640009539308,0.3649640009539308,0.0,0.0,0.0,0.0,0.473849,0.0,0.11846225,0.473849,1.0
2024-10-22 02:30:00,val,False,100,0.473849,0.0,0.0,0,False,0,0.3970974962132237,0.3970974962132237,0.0,0.0,0.0,0.0,0.473849,0.0,0.11846225,0.473849,1.0
2024-10-22 03:30:00,val,False,100,0.473849,0.0,0.0,0,False,0,0.38302573483763497,0.38302573483763497,0.0,0.0,0.0,0.0,0.473849,0.0,0.11846225,0.473849,1.0
2024-10-22 04:30:00,val,False,100,0.473849,0.0,0.0,0,False,0,0.37949616387527574,0.37949616387527574,0.0,0.0,0.0,0.0,0.473849,0.0,0.11846225,0.473849,1.0
2024-10-22 05:30:00,val,False,100,0.473849,0.0006093221336454153,0.0,0,False,0,0.3685650422887541,0.3685650422887541,0.0,0.0,0.0,0.0,0.473849,0.0,0.11846225,0.473849,1.0
2024-10-22 06:30:00,val,False,100,0.473849,0.003904846871033311,0.03902258856826275,0,False,0,0.39848928564530983,0.39848928564530983,0.0,0.0,0.0,0.0,0.473849,0.0,0.11846225,0.473849,1.0
2024-10-22 07:30:00,val,True,100,0.473849,0.24563647684970497,0.11342685291716456,0,False,0,0.43574238677956806,0.4264641,0.0,0.030882469567188174,0.030882469567188174,0.030882469567188174,0.473849,0.0,0.11846225,0.473849,1.0
2024-10-22 08:30:00,val,True,100,0.473849,0.1714227459322512,0.19264638522320987,0,False,0,0.4607131094677225,0.4264641,0.0,0.11495451946317944,0.11495451946317944,0.11495451946317944,0.44296653043281187,0.0,0.11846225,0.473849,1.0
2024-10-22 09:30:00,val,True,100,0.473849,0.247471547062397,0.2541339091771841,0,False,0,0.4758047416480958,0.4264641,0.0,0.11287455121559416,0.11287455121559416,0.11287455121559416,0.3280120109696324,0.0,0.11846225,0.473849,1.0
2024-10-22 10:30:00,val,True,100,0.473849,0.29661374031025173,0.2647539488185644,0,False,0,0.43617036095703904,0.4264641,0.0,0.11226155234575458,0.11226155234575458,0.11226155234575458,0.21513745975403825,0.0,0.11846225,0.473849,1.0
2024-10-22 11:30:00,val,True,100,0.473849,0.27906623549997805,0.229714940066576,0,False,0,0.4096328197908194,0.4096328197908194,0.0,0.11577995976836963,0.11577995976836963,0.10287590740828367,0.10287590740828367,0.01290405236008596,0.11846225,0.473849,1.0
2024-10-22 12:30:00,val,True,100,0.473849,0.23048576694059372,0.20229980217075347,0,False,0,0.37550092536540086,0.37550092536540086,0.0,0.1230528664676011,0.1230528664676011,0.0,0.0,0.1230528664676011,0.11846225,0.473849,1.0
2024-10-22 13:30:00,val,True,100,0.473849,0.18362149750974774,0.13980008991229534,0,False,0,0.3761388602581695,0.3761388602581695,0.0,0.12452290782709624,0.12452290782709624,0.0,0.0,0.12452290782709624,0.11846225,0.473849,1.0
2024-10-22 14:30:00,val,True,100,0.473849,0.11284604791736602,0.10991697079457342,0,False,0,0.3787681217466508,0.3787681217466508,0.0,0.06765672753195326,0.06765672753195326,0.0,0.0,0.06765672753195326,0.11846225,0.473849,1.0
2024-10-22 15:30:00,val,True,100,0.473849,0.07451089992913604,0.06566814030338824,0,False,0,0.4120397543014426,0.4120397543014426,0.0,0.061650260445151525,0.061650260445151525,0.0,0.0,0.061650260445151525,0.11846225,0.473849,1.0
2024-10-22 16:30:00,val,True,100,0.473849,0.029719163593888282,0.026421414754875003,0,False,0,0.43101648424026906,0.4264641,0.0,0.05796299588356817,0.05796299588356817,0.0,0.0,0.05796299588356817,0.11846225,0.473849,1.0
2024-10-22 17:30:00,val,True,100,0.473849,0.004946515729452483,0.001875304053671476,0,False,0,0.4726915062916773,0.4264641,0.04128089056222478,0.05681353746047738,0.09809442802270216,0.0,0.0,0.09809442802270216,0.11846225,0.473849,1.0
2024-10-22 18:30:00,val,False,100,0.473849,0.0024000397440493105,0.0,0,False,0,0.5228137125861293,0.4264641,0.0,0.0,0.0,0.0,0.0,0.0,0.11846225,0.473849,1.0
2024-10-22 19:30:00,val,False,100,0.473849,0.002679028049722314,0.0,0,False,0,0.559666572920598,0.4264641,0.0,0.0,0.0,0.0,0.0,0.0,0.11846225,0.473849,1.0
2024-10-22 20:30:00,val,False,100,0.473849,0.0036271860233694315,0.0,0,False,0,0.5192704641439364,0.4264641,0.0,0.0,0.0,0.0,0.0,0.0,0.11846225,0.473849,1.0
2024-10-22 21:30:00,val,False,100,0.473849,0.0025541123867332937,0.0,0,False,0,0.47770577234491735,0.4264641,0.0,0.0,0.0,0.0,0.0,0.0,0.11846225,0.473849,1.0
2024-10-22 22:30:00,val,False,100,0.473849,0.0020788925042897464,0.0,0,False,0,0.43207616380613295,0.4264641,0.0,0.0,0.0,0.0,0.0,0.0,0.11846225,0.473849,1.0
2024-10-22 23:30:00,val,False,100,0.473849,0.0019903183557093145,0.0,0,False,0,0.405941727585648,0.405941727585648,0.0,0.0,0.0,0.0,0.0,0.0,0.11846225,0.473849,1.0
2024-10-23 00:30:00,val,False,100,0.473849,0.000767451370447874,0.0,0,False,0,0.38715955971134214,0.38715955971134214,0.0,0.0,0.0,0.0,0.473849,0.0,0.11846225,0.473849,1.0
2024-10-23 01:30:00,val,False,100,0.473849,8.413755248486996e-05,0.0,0,False,0,0.3843886756946254,0.3843886756946254,0.0,0.0,0.0,0.0,0.473849,0.0,0.11846225,0.473849,1.0
2024-10-23 02:30:00,val,False,100,0.473849,0.0,0.0,0,False,0,0.3777083386010818,0.3777083386010818,0.0,0.0,0.0,0.0,0.473849,0.0,0.11846225,0.473849,1.0
2024-10-23 03:30:00,val,False,100,0.473849,0.0,0.0,0,False,0,0.38312358925540535,0.38312358925540535,0.0,0.0,0.0,0.0,0.473849,0.0,0.11846225,0.473849,1.0
2024-10-23 04:30:00,val,False,100,0.473849,0.0,0.0,0,False,0,0.37581158069201415,0.37581158069201415,0.0,0.0,0.0,0.0,0.473849,0.0,0.11846225,0.473849,1.0
2024-10-23 05:30:00,val,False,100,0.473849,0.0006493058232367038,0.0,0,False,0,0.3937113350810024,0.3937113350810024,0.0,0.0,0.0,0.0,0.473849,0.0,0.11846225,0.473849,1.0
2024-10-23 06:30:00,val,False,100,0.473849,0.004319439335227012,0.03983082090348005,0,False,0,0.3988925218609313,0.3988925218609313,0.0,0.0,0.0,0.0,0.473849,0.0,0.11846225,0.473849,1.0
2024-10-23 07:30:00,val,True,100,0.473849,0.2641550070002079,0.11646549695698917,0,False,0,0.43119604278694235,0.4264641,0.0,0.043203078005954014,0.043203078005954014,0.043203078005954014,0.473849,0.0,0.11846225,0.473849,1.0
2024-10-23 08:30:00,val,True,100,0.473849,0.17386206163147092,0.20328773359373212,0,False,0,0.4718078684955443,0.4264641,0.0,0.12947152945812312,0.12947152945812312,0.11846225,0.430645921994046,0.01100927945812312,0.11846225,0.473849,1.0
2024-10-23 09:30:00,val,True,100,0.473849,0.26164938846242425,0.23503231024113297,0,False,0,0.47932912736943356,0.4264641,0.0,0.12593895344351128,0.12593895344351128,0.11846225,0.312183671994046,0.007476703443511271,0.11846225,0.473849,1.0
2024-10-23 10:30:00,val,True,100,0.473849,0.272963108482182,0.2543075835328102,0,False,0,0.44341457506116094,0.4264641,0.0,0.12864558227592188,0.12864558227592188,0.11846225,0.19372142199404602,0.010183332275921872,0.11846225,0.473849,1.0
2024-10-23 11:30:00,val,True,100,0.473849,0.27101060514587166,0.26154063210445644,0,False,0,0.41200818667016365,0.41200818667016365,0.0,0.12956244021587637,0.12956244021587637,0.07525917199404601,0.07525917199404601,0.05430326822183036,0.11846225,0.473849,1.0
2024-10-23 12:30:00,val,True,100,0.473849,0.26372011005306245,0.2200585575389266,0,False,0,0.38710142893488547,0.38710142893488547,0.0,0.1298479044611715,0.1298479044611715,0.0,0.0,0.1298479044611715,0.11846225,0.473849,1.0
2024-10-23 13:30:00,val,True,100,0.473849,0.19642273909667135,0.17688907700937986,0,False,0,0.39177728688702657,0.39177728688702657,0.0,0.13454562093961117,0.13454562093961117,0.0,0.0,0.13454562093961117,0.11846225,0.473849,1.0
2024-10-23 14:30:00,val,True,100,0.473849,0.14319979267558455,0.1226001791844368,0,False,0,0.37232550867638514,0.37232550867638514,0.0,0.05500364569383507,0.05500364569383507,0.0,0.0,0.05500364569383507,0.11846225,0.473849,1.0
2024-10-23 15:30:00,val,True,100,0.473849,0.08012387970532477,0.07752997812849283,0,False,0,0.4005321052896894,0.4005321052896894,0.0,0.04198246125749222,0.04198246125749222,0.0,0.0,0.04198246125749222,0.11846225,0.473849,1.0
2024-10-23 16:30:00,val,True,100,0.473849,0.034978893714144824,0.029455854316584765,0,False,0,0.4504993446158223,0.4264641,0.0,0.042008754438687304,0.042008754438687304,0.0,0.0,0.042008754438687304,0.11846225,0.473849,1.0
2024-10-23 17:30:00,val,True,100,0.473849,0.0053805274540465325,0.001873831484093258,0,False,0,0.4854171427306765,0.4264641,0.05357251527662994,0.04158191870533405,0.09515443398196399,0.0,0.0,0.09515443398196399,0.11846225,0.473849,1.0
2024-10-23 18:30:00,val,False,100,0.473849,0.0039013220980763435,0.0,0,False,0,0.536744505380312,0.4264641,0.0,0.0,0.0,0.0,0.0,0.0,0.11846225,0.473849,1.0
2024-10-23 19:30:00,val,False,100,0.473849,0.00400369428949058,0.0,0,False,0,0.5346768197318986,0.4264641,0.0,0.0,0.0,0.0,0.0,0.0,0.11846225,0.473849,1.0
2024-10-23 20:30:00,val,False,100,0.473849,0.006729239177823067,0.0,0,False,0,0.5230494465470691,0.4264641,0.0,0.0,0.0,0.0,0.0,0.0,0.11846225,0.473849,1.0
2024-10-23 21:30:00,val,False,100,0.473849,0.006212596845239401,0.0,0,False,0,0.4745948139847476,0.4264641,0.0,0.0,0.0,0.0,0.0,0.0,0.11846225,0.473849,1.0
2024-10-23 22:30:00,val,False,100,0.473849,0.006492276028349996,0.0,0,False,0,0.4325374031951875,0.4264641,0.0,0.0,0.0,0.0,0.0,0.0,0.11846225,0.473849,1.0
2024-10-23 23:30:00,val,False,100,0.473849,0.007608500783592462,0.0,0,False,0,0.4216689316432741,0.4216689316432741,0.0,0.0,0.0,0.0,0.0,0.0,0.11846225,0.473849,1.0
2024-10-24 00:30:00,val,False,100,0.473849,0.004302814678460359,0.0,0,False,0,0.38650951187620525,0.38650951187620525,0.0,0.0,0.0,0.0,0.473849,0.0,0.11846225,0.473849,1.0
2024-10-24 01:30:00,val,False,100,0.473849,0.0026203836126476527,0.0,0,False,0,0.37686292977160873,0.37686292977160873,0.0,0.0,0.0,0.0,0.473849,0.0,0.11846225,0.473849,1.0
2024-10-24 02:30:00,val,False,100,0.473849,0.00131314601162076,0.0,0,False,0,0.38197089375678495,0.38197089375678495,0.0,0.0,0.0,0.0,0.473849,0.0,0.11846225,0.473849,1.0
2024-10-24 03:30:00,val,False,100,0.473849,0.0002737469616979361,0.0,0,False,0,0.39157739041116146,0.39157739041116146,0.0,0.0,0.0,0.0,0.473849,0.0,0.11846225,0.473849,1.0
2024-10-24 04:30:00,val,False,100,0.473849,1.6886668801307679e-06,0.0,0,False,0,0.3758457588782907,0.3758457588782907,0.0,0.0,0.0,0.0,0.473849,0.0,0.11846225,0.473849,1.0
2024-10-24 05:30:00,val,False,100,0.473849,0.001947098741531372,0.0,0,False,0,0.38580151580299915,0.38580151580299915,0.0,0.0,0.0,0.0,0.473849,0.0,0.11846225,0.473849,1.0
2024-10-24 06:30:00,val,False,100,0.473849,0.006237021563127637,0.016787264787444845,0,False,0,0.40926468894728874,0.40926468894728874,0.0,0.0,0.0,0.0,0.473849,0.0,0.11846225,0.473849,1.0
2024-10-24 07:30:00,val,True,100,0.473849,0.045367281343251464,0.04551926152961701,0,False,0,0.4368901176849133,0.4264641,0.0,0.041851352856720446,0.041851352856720446,0.041851352856720446,0.473849,0.0,0.11846225,0.473849,1.0
2024-10-24 08:30:00,val,True,100,0.473849,0.09054159453938901,0.07812899111959339,0,False,0,0.47534306082174144,0.4264641,0.0,0.023524920733388174,0.023524920733388174,0.023524920733388174,0.4319976471432796,0.0,0.11846225,0.473849,1.0
2024-10-24 09:30:00,val,True,100,0.473849,0.11132815812456608,0.09787328364747763,0,False,0,0.46568005875103624,0.4264641,0.0,0.02011596851904042,0.02011596851904042,0.02011596851904042,0.4084727264098914,0.0,0.11846225,0.473849,1.0
2024-10-24 10:30:00,val,True,100,0.473849,0.13072730158050358,0.139442837721467,0,False,0,0.4332766818693723,0.4264641,0.0,0.015300938793424404,0.015300938793424404,0.015300938793424404,0.388356757890851,0.0,0.11846225,0.473849,1.0
2024-10-24 11:30:00,val,True,100,0.473849,0.17105799629437923,0.190517285928756,0,False,0,0.40432669549421296,0.40432669549421296,0.0,0.01792136282615728,0.01792136282615728,0.01792136282615728,0.3730558190974266,0.0,0.11846225,0.473849,1.0
2024-10-24 12:30:00,val,True,100,0.473849,0.20336234274867176,0.21160898081842064,0,False,0,0.37833548489904784,0.37833548489904784,0.0,0.02100477462286734,0.02100477462286734,0.02100477462286734,0.35513445627126927,0.0,0.11846225,0.473849,1.0
2024-10-24 13:30:00,val,True,100,0.473849,0.18411018759429454,0.20845484293067454,0,False,0,0.3805813700273126,0.3805813700273126,0.0,0.019518375791644508,0.019518375791644508,0.019518375791644508,0.33412968164840195,0.0,0.11846225,0.473849,1.0
2024-10-24 14:30:00,val,True,100,0.473849,0.16551372447571158,0.18136334408915042,0,False,0,0.38737509584622176,0.38737509584622176,0.0,0.02016406647249023,0.02016406647249023,0.02016406647249023,0.31461130585675745,0.0,0.11846225,0.473849,1.0
2024-10-24 15:30:00,val,True,100,0.473849,0.11735429392769933,0.11341177658493817,0,False,0,0.3992070938043714,0.3992070938043714,0.0,0.011327537248297005,0.011327537248297005,0.011327537248297005,0.2944472393842672,0.0,0.11846225,0.473849,1.0
2024-10-24 16:30:00,val,True,100,0.473849,0.041982401145152747,0.043563343495056035,0,False,0,0.42982227265649875,0.4264641,0.0,0.004366157090403189,0.004366157090403189,0.004366157090403189,0.2831197021359702,0.0,0.11846225,0.473849,1.0
2024-10-24 17:30:00,val,True,100,0.473849,4.00395741686225e-07,0.0029050410330107696,0,False,0,0.491965562991854,0.4264641,0.06550106259611231,0.006985434631002199,0.0724864972271145,0.0724864972271145,0.27875354504556704,0.0,0.11846225,0.473849,1.0
2024-10-24 18:30:00,val,False,100,0.473849,0.0008338922400027514,0.0,0,False,0,0.5328590663135438,0.4264641,0.0,0.0,0.0,0.0,0.20626704781845254,0.0,0.11846225,0.473849,1.0
2024-10-24 19:30:00,val,False,100,0.473849,0.007284022955819964,0.0,0,False,0,0.5482293678864733,0.4264641,0.0,0.0,0.0,0.0,0.20626704781845254,0.0,0.11846225,0.473849,1.0
2024-10-24 20:30:00,val,False,100,0.473849,0.0035551149549931287,0.0,0,False,0,0.5140669686231202,0.4264641,0.0,0.0,0.0,0.0,0.20626704781845254,0.0,0.11846225,0.473849,1.0
2024-10-24 21:30:00,val,False,100,0.473849,0.0014878890054225921,0.0,0,False,0,0.4638471155765241,0.4264641,0.0,0.0,0.0,0.0,0.20626704781845254,0.0,0.11846225,0.473849,1.0
2024-10-24 22:30:00,val,False,100,0.473849,0.0027176592866331338,0.0,0,False,0,0.4457497226899331,0.4264641,0.0,0.0,0.0,0.0,0.20626704781845254,0.0,0.11846225,0.473849,1.0
2024-10-24 23:30:00,val,False,100,0.473849,0.006094550094544887,0.0,0,False,0,0.3894288880555939,0.3894288880555939,0.0,0.0,0.0,0.0,0.20626704781845254,0.0,0.11846225,0.473849,1.0
2024-10-25 00:30:00,val,False,100,0.473849,0.0036075275383740664,0.0,0,False,0,0.3861185642252017,0.3861185642252017,0.0,0.0,0.0,0.0,0.473849,0.0,0.11846225,0.473849,1.0
2024-10-25 01:30:00,val,False,100,0.473849,0.0016875399018526076,0.0,0,False,0,0.3767850764600194,0.3767850764600194,0.0,0.0,0.0,0.0,0.473849,0.0,0.11846225,0.473849,1.0
2024-10-25 02:30:00,val,False,100,0.473849,0.00018329502747952938,0.0,0,False,0,0.37995080902190426,0.37995080902190426,0.0,0.0,0.0,0.0,0.473849,0.0,0.11846225,0.473849,1.0
2024-10-25 03:30:00,val,False,100,0.473849,6.955561935901642e-06,0.0,0,False,0,0.3953137383654376,0.3953137383654376,0.0,0.0,0.0,0.0,0.473849,0.0,0.11846225,0.473849,1.0
2024-10-25 04:30:00,val,False,100,0.473849,0.0,0.0,0,False,0,0.3841897151143745,0.3841897151143745,0.0,0.0,0.0,0.0,0.473849,0.0,0.11846225,0.473849,1.0
2024-10-25 05:30:00,val,False,100,0.473849,0.0008693934291005135,0.0,0,False,0,0.40058735961290637,0.40058735961290637,0.0,0.0,0.0,0.0,0.473849,0.0,0.11846225,0.473849,1.0
2024-10-25 06:30:00,val,False,100,0.473849,0.005030798292353749,0.03584582097577676,0,False,0,0.4053401060854097,0.4053401060854097,0.0,0.0,0.0,0.0,0.473849,0.0,0.11846225,0.473849,1.0
2024-10-25 07:30:00,val,True,100,0.473849,0.24786836012893915,0.09618563375170529,0,False,0,0.451563913099456,0.4264641,0.0,0.00890534407668278,0.00890534407668278,0.00890534407668278,0.473849,0.0,0.11846225,0.473849,1.0
2024-10-25 08:30:00,val,True,100,0.473849,0.14805472821995616,0.1586334617408514,0,False,0,0.47161959246169854,0.4264641,0.0,0.12716711778980241,0.12716711778980241,0.11846225,0.4649436559233172,0.008704867789802409,0.11846225,0.473849,1.0
2024-10-25 09:30:00,val,True,100,0.473849,0.20505851524984836,0.20965851081609727,0,False,0,0.48210145192140497,0.4264641,0.0,0.12688808835936036,0.12688808835936036,0.11846225,0.3464814059233172,0.008425838359360352,0.11846225,0.473849,1.0
2024-10-25 10:30:00,val,True,100,0.473849,0.24843668330940605,0.25430512291538715,0,False,0,0.45147717319747244,0.4264641,0.0,0.1269140430141775,0.1269140430141775,0.11846225,0.22801915592331723,0.008451793014177492,0.11846225,0.473849,1.0
2024-10-25 11:30:00,val,True,100,0.473849,0.27682421264129875,0.25723645443069937,0,False,0,0.3802981564628389,0.3802981564628389,0.0,0.12643378528570204,0.12643378528570204,0.10955690592331722,0.10955690592331722,0.016876879362384814,0.11846225,0.473849,1.0
2024-10-25 12:30:00,val,True,100,0.473849,0.2569334857563376,0.25083184871178865,0,False,0,0.38376059748455305,0.38376059748455305,0.0,0.12845304355492496,0.12845304355492496,0.0,0.0,0.12845304355492496,0.11846225,0.473849,1.0
2024-10-25 13:30:00,val,True,100,0.473849,0.21976780332314969,0.2121429812503755,0,False,0,0.38553900213922465,0.38553900213922465,0.0,0.12883619815704334,0.12883619815704334,0.0,0.0,0.12883619815704334,0.11846225,0.473849,1.0
2024-10-25 14:30:00,val,True,100,0.473849,0.16602501215308904,0.1717482470163405,0,False,0,0.3757425525561473,0.3757425525561473,0.0,0.02038261557297275,0.02038261557297275,0.0,0.0,0.02038261557297275,0.11846225,0.473849,1.0
2024-10-25 15:30:00,val,True,100,0.473849,0.11110479874686896,0.10571091211490333,0,False,0,0.3988196679885265,0.3988196679885265,0.0,0.01960445029269206,0.01960445029269206,0.0,0.0,0.01960445029269206,0.11846225,0.473849,1.0
2024-10-25 16:30:00,val,True,100,0.473849,0.04115665199300647,0.04030954133815318,0,False,0,0.4320362916778127,0.4264641,0.0,0.02017208727617871,0.02017208727617871,0.0,0.0,0.02017208727617871,0.11846225,0.473849,1.0
2024-10-25 17:30:00,val,True,100,0.473849,0.002039170101357624,0.0024191624584703605,0,False,0,0.4795826728600919,0.4264641,0.05107940275873424,0.019417158308157604,0.07049656106689184,0.0,0.0,0.07049656106689184,0.11846225,0.473849,1.0
2024-10-25 18:30:00,val,False,100,0.473849,0.003462935166850686,0.0,0,False,0,0.5248120449861312,0.4264641,0.0,0.0,0.0,0.0,0.0,0.0,0.11846225,0.473849,1.0
2024-10-25 19:30:00,val,False,100,0.473849,0.00825661439730227,0.0,0,False,0,0.5533261887266829,0.4264641,0.0,0.0,0.0,0.0,0.0,0.0,0.11846225,0.473849,1.0
2024-10-25 20:30:00,val,False,100,0.473849,0.007164953468352556,0.0,0,False,0,0.5371543549867429,0.4264641,0.0,0.0,0.0,0.0,0.0,0.0,0.11846225,0.473849,1.0
2024-10-25 21:30:00,val,False,100,0.473849,0.00547325827921927,0.0,0,False,0,0.4649724811800185,0.4264641,0.0,0.0,0.0,0.0,0.0,0.0,0.11846225,0.473849,1.0
2024-10-25 22:30:00,val,False,100,0.473849,0.006442116178572178,0.0,0,False,0,0.4511267183355284,0.4264641,0.0,0.0,0.0,0.0,0.0,0.0,0.11846225,0.473849,1.0
2024-10-25 23:30:00,val,False,100,0.473849,0.010117301665753127,0.0,0,False,0,0.40920174771118595,0.40920174771118595,0.0,0.0,0.0,0.0,0.0,0.0,0.11846225,0.473849,1.0
2024-10-26 00:30:00,val,False,100,0.473849,0.006872762443006038,0.0,0,False,0,0.3698152501135334,0.3698152501135334,0.0,0.0,0.0,0.0,0.473849,0.0,0.11846225,0.473849,1.0
2024-10-26 01:30:00,val,False,100,0.473849,0.005550389971911907,0.0,0,False,0,0.3769875765731652,0.3769875765731652,0.0,0.0,0.0,0.0,0.473849,0.0,0.11846225,0.473849,1.0
2024-10-26 02:30:00,val,False,100,0.473849,0.004641082759425044,0.0,0,False,0,0.3928528336533747,0.3928528336533747,0.0,0.0,0.0,0.0,0.473849,0.0,0.11846225,0.473849,1.0
2024-10-26 03:30:00,val,False,100,0.473849,0.0037778816871941088,0.0,0,False,0,0.39716818984129637,0.39716818984129637,0.0,0.0,0.0,0.0,0.473849,0.0,0.11846225,0.473849,1.0
2024-10-26 04:30:00,val,False,100,0.473849,0.002889524764254689,0.0,0,False,0,0.39174698859219104,0.39174698859219104,0.0,0.0,0.0,0.0,0.473849,0.0,0.11846225,0.473849,1.0
2024-10-26 05:30:00,val,False,100,0.473849,0.00528841060167551,0.0,0,False,0,0.39536084239471814,0.39536084239471814,0.0,0.0,0.0,0.0,0.473849,0.0,0.11846225,0.473849,1.0
2024-10-26 06:30:00,val,False,100,0.473849,0.011867145747050643,0.031143435173027218,0,False,0,0.39643778605037433,0.39643778605037433,0.0,0.0,0.0,0.0,0.473849,0.0,0.11846225,0.473849,1.0
2024-10-26 07:30:00,val,True,100,0.473849,0.21505333625644446,0.09072534456969797,0,False,0,0.4435693019267026,0.4264641,0.0,0.010569218787163211,0.010569218787163211,0.010569218787163211,0.473849,0.0,0.11846225,0.473849,1.0
2024-10-26 08:30:00,val,True,100,0.473849,0.1399983532949388,0.14944508334961534,0,False,0,0.47580219305715665,0.4264641,0.0,0.10481615905398918,0.10481615905398918,0.10481615905398918,0.4632797812128368,0.0,0.11846225,0.473849,1.0
2024-10-26 09:30:00,val,True,100,0.473849,0.19421240612596274,0.24074953869843482,0,False,0,0.4526556657239701,0.4264641,0.0,0.10433611335244121,0.10433611335244121,0.10433611335244121,0.35846362215884764,0.0,0.11846225,0.473849,1.0
2024-10-26 10:30:00,val,True,100,0.473849,0.28688474840313194,0.28965680670809746,0,False,0,0.45234168369150307,0.4264641,0.0,0.10778212620816092,0.10778212620816092,0.10778212620816092,0.25412750880640644,0.0,0.11846225,0.473849,1.0
2024-10-26 11:30:00,val,True,100,0.473849,0.3093024715996385,0.2946044389413595,0,False,0,0.40787917300152227,0.40787917300152227,0.0,0.1069004507113478,0.1069004507113478,0.1069004507113478,0.14634538259824553,0.0,0.11846225,0.473849,1.0
2024-10-26 12:30:00,val,True,100,0.473849,0.28868123833072185,0.2702980253010392,0,False,0,0.39775467965063777,0.39775467965063777,0.0,0.1088653500145028,0.1088653500145028,0.03944493188689774,0.03944493188689774,0.06942041812760506,0.11846225,0.473849,1.0
2024-10-26 13:30:00,val,True,100,0.473849,0.2350539031485617,0.23031680542871355,0,False,0,0.3824290209445608,0.3824290209445608,0.0,0.11136602092858952,0.11136602092858952,0.0,0.0,0.11136602092858952,0.11846225,0.473849,1.0
2024-10-26 14:30:00,val,True,100,0.473849,0.18239412984070183,0.16857695582464338,0,False,0,0.3904984314974002,0.3904984314974002,0.0,0.03519756254636878,0.03519756254636878,0.0,0.0,0.03519756254636878,0.11846225,0.473849,1.0
2024-10-26 15:30:00,val,True,100,0.473849,0.11480954534247517,0.10053771150776744,0,False,0,0.40242881667885144,0.40242881667885144,0.0,0.04027205455580831,0.04027205455580831,0.0,0.0,0.04027205455580831,0.11846225,0.473849,1.0
2024-10-26 16:30:00,val,True,100,0.473849,0.043939218924164775,0.03498527933508903,0,False,0,0.44056878020039303,0.4264641,0.0,0.023564784466904763,0.023564784466904763,0.0,0.0,0.023564784466904763,0.11846225,0.473849,1.0
2024-10-26 17:30:00,val,True,100,0.473849,0.0034448639067299665,0.002382705571090062,0,False,0,0.4658583029996925,0.4264641,0.035949339092962516,0.02043878470933144,0.05638812380229395,0.0,0.0,0.05638812380229395,0.11846225,0.473849,1.0
2024-10-26 18:30:00,val,False,100,0.473849,0.005937338969275356,0.0,0,False,0,0.5294555426639533,0.4264641,0.0,0.0,0.0,0.0,0.0,0.0,0.11846225,0.473849,1.0
2024-10-26 19:30:00,val,False,100,0.473849,0.008520287197053432,0.0,0,False,0,0.5539032371249686,0.4264641,0.0,0.0,0.0,0.0,0.0,0.0,0.11846225,0.473849,1.0
2024-10-26 20:30:00,val,False,100,0.473849,0.007798185745805502,0.0,0,False,0,0.5456155825198086,0.4264641,0.0,0.0,0.0,0.0,0.0,0.0,0.11846225,0.473849,1.0
2024-10-26 21:30:00,val,False,100,0.473849,0.007695680372729897,0.0,0,False,0,0.4668184192979054,0.4264641,0.0,0.0,0.0,0.0,0.0,0.0,0.11846225,0.473849,1.0
2024-10-26 22:30:00,val,False,100,0.473849,0.011441558294937015,0.0,0,False,0,0.43428604118487285,0.4264641,0.0,0.0,0.0,0.0,0.0,0.0,0.11846225,0.473849,1.0
2024-10-26 23:30:00,val,False,100,0.473849,0.012500550481885671,0.0,0,False,0,0.40944930572818716,0.40944930572818716,0.0,0.0,0.0,0.0,0.0,0.0,0.11846225,0.473849,1.0
2024-10-27 00:30:00,val,False,100,0.473849,0.009930834047242999,0.0,0,False,0,0.37917976484502075,0.37917976484502075,0.0,0.0,0.0,0.0,0.473849,0.0,0.11846225,0.473849,1.0
2024-10-27 01:30:00,val,False,100,0.473849,0.0077727639921456575,0.0,0,False,0,0.3859858180403869,0.3859858180403869,0.0,0.0,0.0,0.0,0.473849,0.0,0.11846225,0.473849,1.0
2024-10-27 02:30:00,val,False,100,0.473849,0.006234674562051892,0.0,0,False,0,0.3914332467233813,0.3914332467233813,0.0,0.0,0.0,0.0,0.473849,0.0,0.11846225,0.473849,1.0
2024-10-27 03:30:00,val,False,100,0.473849,0.005078277277097106,0.0,0,False,0,0.3751487557313235,0.3751487557313235,0.0,0.0,0.0,0.0,0.473849,0.0,0.11846225,0.473849,1.0
2024-10-27 04:30:00,val,False,100,0.473849,0.004115116718903184,0.0,0,False,0,0.3935927871714984,0.3935927871714984,0.0,0.0,0.0,0.0,0.473849,0.0,0.11846225,0.473849,1.0
2024-10-27 05:30:00,val,False,100,0.473849,0.007743057329237461,0.0,0,False,0,0.38032809803531736,0.38032809803531736,0.0,0.0,0.0,0.0,0.473849,0.0,0.11846225,0.473849,1.0
2024-10-27 06:30:00,val,False,100,0.473849,0.012411528330549598,0.034411451640039684,0,False,0,0.41009694272884056,0.41009694272884056,0.0,0.0,0.0,0.0,0.473849,0.0,0.11846225,0.473849,1.0
2024-10-27 07:30:00,val,True,100,0.473849,0.259016260179013,0.11190186675478518,0,False,0,0.4194807895186883,0.4194807895186883,0.0,0.020902735442875724,0.020902735442875724,0.020902735442875724,0.473849,0.0,0.11846225,0.473849,1.0
2024-10-27 08:30:00,val,True,100,0.473849,0.16750934136775136,0.1930449595016837,0,False,0,0.4719986357854172,0.4264641,0.0,0.12507515083262272,0.12507515083262272,0.11846225,0.4529462645571243,0.006612900832622712,0.11846225,0.473849,1.0
2024-10-27 09:30:00,val,True,100,0.473849,0.24949297113323213,0.25731583280682563,0,False,0,0.4840337293449785,0.4264641,0.0,0.1267227222664219,0.1267227222664219,0.11846225,0.3344840145571243,0.00826047226642189,0.11846225,0.473849,1.0
2024-10-27 10:30:00,val,True,100,0.473849,0.3013843075072765,0.2862684928840399,0,False,0,0.443594339336387,0.4264641,0.0,0.12563583756410082,0.12563583756410082,0.11846225,0.2160217645571243,0.007173587564100817,0.11846225,0.473849,1.0
2024-10-27 11:30:00,val,True,100,0.473849,0.30127434216582777,0.2886032957149148,0,False,0,0.40329721935565827,0.40329721935565827,0.0,0.1257391872176723,0.1257391872176723,0.09755951455712429,0.09755951455712429,0.028179672660548008,0.11846225,0.473849,1.0
2024-10-27 12:30:00,val,True,100,0.473849,0.287465723449409,0.24996710304257275,0,False,0,0.3902941416365461,0.3902941416365461,0.0,0.12611048772681227,0.12611048772681227,0.0,0.0,0.12611048772681227,0.11846225,0.473849,1.0
2024-10-27 13:30:00,val,True,100,0.473849,0.22185220010626316,0.19266985942709447,0,False,0,0.3881727318805592,0.3881727318805592,0.0,0.13072344520642853,0.13072344520642853,0.0,0.0,0.13072344520642853,0.11846225,0.473849,1.0
2024-10-27 14:30:00,val,True,100,0.473849,0.15867042883867025,0.1597414369069338,0,False,0,0.3841463941592047,0.3841463941592047,0.0,0.04867356419766117,0.04867356419766117,0.0,0.0,0.04867356419766117,0.11846225,0.473849,1.0
2024-10-27 15:30:00,val,True,100,0.473849,0.11157469220787286,0.09794969429093599,0,False,0,0.40522507713104206,0.40522507713104206,0.0,0.042644125573533344,0.042644125573533344,0.0,0.0,0.042644125573533344,0.11846225,0.473849,1.0
2024-10-27 16:30:00,val,True,100,0.473849,0.0419160446684882,0.03489663204807043,0,False,0,0.4458729037703874,0.4264641,0.0,0.04020506369895789,0.04020506369895789,0.0,0.0,0.04020506369895789,0.11846225,0.473849,1.0
2024-10-27 17:30:00,val,True,100,0.473849,0.00269494064419996,0.002344053022209395,0,False,0,0.46385959053834647,0.4264641,0.0347005498941465,0.04001910992339951,0.074719659817546,0.0,0.0,0.074719659817546,0.11846225,0.473849,1.0
2024-10-27 18:30:00,val,False,100,0.473849,0.0026367407724559306,0.0,0,False,0,0.5402556416409082,0.4264641,0.0,0.0,0.0,0.0,0.0,0.0,0.11846225,0.473849,1.0
2024-10-27 19:30:00,val,False,100,0.473849,0.0060982774949371816,0.0,0,False,0,0.5741916803108562,0.4264641,0.0,0.0,0.0,0.0,0.0,0.0,0.11846225,0.473849,1.0
2024-10-27 20:30:00,val,False,100,0.473849,0.005282782702788711,0.0,0,False,0,0.5252611459119785,0.4264641,0.0,0.0,0.0,0.0,0.0,0.0,0.11846225,0.473849,1.0
2024-10-27 21:30:00,val,False,100,0.473849,0.005945774682596326,0.0,0,False,0,0.48628174813668246,0.4264641,0.0,0.0,0.0,0.0,0.0,0.0,0.11846225,0.473849,1.0
2024-10-27 22:30:00,val,False,100,0.473849,0.010569575275063515,0.0,0,False,0,0.4348213131631905,0.4264641,0.0,0.0,0.0,0.0,0.0,0.0,0.11846225,0.473849,1.0
2024-10-27 23:30:00,val,False,100,0.473849,0.013110571055799722,0.0,0,False,0,0.39553413436238094,0.39553413436238094,0.0,0.0,0.0,0.0,0.0,0.0,0.11846225,0.473849,1.0
2024-10-28 00:30:00,val,False,100,0.473849,0.010116932670697569,0.0,0,False,0,0.3894578448569278,0.3894578448569278,0.0,0.0,0.0,0.0,0.473849,0.0,0.11846225,0.473849,1.0
2024-10-28 01:30:00,val,False,100,0.473849,0.007547813408344984,0.0,0,False,0,0.3726565210102647,0.3726565210102647,0.0,0.0,0.0,0.0,0.473849,0.0,0.11846225,0.473849,1.0
2024-10-28 02:30:00,val,False,100,0.473849,0.005944743731871247,0.0,0,False,0,0.3758868350789125,0.3758868350789125,0.0,0.0,0.0,0.0,0.473849,0.0,0.11846225,0.473849,1.0
2024-10-28 03:30:00,val,False,100,0.473849,0.0046267594464421274,0.0,0,False,0,0.390695522153751,0.390695522153751,0.0,0.0,0.0,0.0,0.473849,0.0,0.11846225,0.473849,1.0
2024-10-28 04:30:00,val,False,100,0.473849,0.003235631827145815,0.0,0,False,0,0.3746713019216083,0.3746713019216083,0.0,0.0,0.0,0.0,0.473849,0.0,0.11846225,0.473849,1.0
2024-10-28 05:30:00,val,False,100,0.473849,0.005706186222851276,0.0,0,False,0,0.37634162898236356,0.37634162898236356,0.0,0.0,0.0,0.0,0.473849,0.0,0.11846225,0.473849,1.0
2024-10-28 06:30:00,val,False,100,0.473849,0.011589019184604287,0.03436682446642965,0,False,0,0.41221214931779715,0.41221214931779715,0.0,0.0,0.0,0.0,0.473849,0.0,0.11846225,0.473849,1.0
2024-10-28 07:30:00,val,True,100,0.473849,0.2711113370038271,0.10877859794415533,0,False,0,0.4381000524727646,0.4264641,0.0,0.040377677019252024,0.040377677019252024,0.040377677019252024,0.473849,0.0,0.11846225,0.473849,1.0
2024-10-28 08:30:00,val,True,100,0.473849,0.16571606021997332,0.19096706915798783,0,False,0,0.4597003506848677,0.4264641,0.0,0.13923994300177475,0.13923994300177475,0.11846225,0.433471322980748,0.020777693001774747,0.11846225,0.473849,1.0
2024-10-28 09:30:00,val,True,100,0.473849,0.2464391627010703,0.2530460957202315,0,False,0,0.47233405025277675,0.4264641,0.0,0.13801102286827302,0.13801102286827302,0.11846225,0.315009072980748,0.019548772868273015,0.11846225,0.473849,1.0
2024-10-28 10:30:00,val,True,100,0.473849,0.296213496997416,0.29247920989209414,0,False,0,0.42858747436169436,0.4264641,0.0,0.13787691073133077,0.13787691073133077,0.11846225,0.196546822980748,0.01941466073133076,0.11846225,0.473849,1.0
2024-10-28 11:30:00,val,True,100,0.473849,0.3088705239291191,0.29462633984452485,0,False,0,0.41041022197779214,0.41041022197779214,0.0,0.13697396655703073,0.13697396655703073,0.07808457298074799,0.07808457298074799,0.05888939357628274,0.11846225,0.473849,1.0
2024-10-28 12:30:00,val,True,100,0.473849,0.2915074331201911,0.2755156110441685,0,False,0,0.3819976574119638,0.3819976574119638,0.0,0.1377093257408022,0.1377093257408022,0.0,0.0,0.1377093257408022,0.11846225,0.473849,1.0
2024-10-28 13:30:00,val,True,100,0.473849,0.24382816084742545,0.2207205309908092,0,False,0,0.38735184368179115,0.38735184368179115,0.0,0.13896384045692617,0.13896384045692617,0.0,0.0,0.13896384045692617,0.11846225,0.473849,1.0
2024-10-28 14:30:00,val,True,100,0.473849,0.17852435009244083,0.18083468287825585,0,False,0,0.39220886207325667,0.39220886207325667,0.0,0.03345953595041201,0.03345953595041201,0.0,0.0,0.03345953595041201,0.11846225,0.473849,1.0
2024-10-28 15:30:00,val,True,100,0.473849,0.12412757083268464,0.10904251694880426,0,False,0,0.40565124021119814,0.40565124021119814,0.0,0.027052507301701473,0.027052507301701473,0.0,0.0,0.027052507301701473,0.11846225,0.473849,1.0
2024-10-28 16:30:00,val,True,100,0.473849,0.04762026250843704,0.037832746074501426,0,False,0,0.4227327551335372,0.4227327551335372,0.0,0.026828429317030257,0.026828429317030257,0.0,0.0,0.026828429317030257,0.11846225,0.473849,1.0
2024-10-28 17:30:00,val,False,100,0.473849,0.0031731555204689505,0.001926551503385097,0,False,0,0.4846126028022273,0.4264641,0.0,0.0,0.0,0.0,0.0,0.0,0.11846225,0.473849,1.0
2024-10-28 18:30:00,val,False,100,0.473849,0.004928444165140391,0.0,0,False,0,0.5292315365212771,0.4264641,0.0,0.0,0.0,0.0,0.0,0.0,0.11846225,0.473849,1.0
2024-10-28 19:30:00,val,False,100,0.473849,0.00849311840929091,0.0,0,False,0,0.5417234740988687,0.4264641,0.0,0.0,0.0,0.0,0.0,0.0,0.11846225,0.473849,1.0
2024-10-28 20:30:00,val,False,100,0.473849,0.005192381143420934,0.0,0,False,0,0.5125989963542374,0.4264641,0.0,0.0,0.0,0.0,0.0,0.0,0.11846225,0.473849,1.0
2024-10-28 21:30:00,val,False,100,0.473849,0.003962761912092567,0.0,0,False,0,0.465881148471272,0.4264641,0.0,0.0,0.0,0.0,0.0,0.0,0.11846225,0.473849,1.0
2024-10-28 22:30:00,val,False,100,0.473849,0.00527625422437489,0.0,0,False,0,0.4278949975439508,0.4264641,0.0,0.0,0.0,0.0,0.0,0.0,0.11846225,0.473849,1.0
2024-10-28 23:30:00,val,False,100,0.473849,0.00763207711969316,0.0,0,False,0,0.42068714012541364,0.42068714012541364,0.0,0.0,0.0,0.0,0.0,0.0,0.11846225,0.473849,1.0
2024-10-29 00:30:00,val,False,100,0.473849,0.006194841296181083,0.0,0,False,0,0.37290112881824145,0.37290112881824145,0.0,0.0,0.0,0.0,0.473849,0.0,0.11846225,0.473849,1.0
2024-10-29 01:30:00,val,False,100,0.473849,0.005112557810515166,0.0,0,False,0,0.385201319076739,0.385201319076739,0.0,0.0,0.0,0.0,0.473849,0.0,0.11846225,0.473849,1.0
2024-10-29 02:30:00,val,False,100,0.473849,0.004512235161542893,0.0,0,False,0,0.39390324362089485,0.39390324362089485,0.0,0.0,0.0,0.0,0.473849,0.0,0.11846225,0.473849,1.0
2024-10-29 03:30:00,val,False,100,0.473849,0.0036820338319242,0.0,0,False,0,0.37789708533735006,0.37789708533735006,0.0,0.0,0.0,0.0,0.473849,0.0,0.11846225,0.473849,1.0
2024-10-29 04:30:00,val,False,100,0.473849,0.0025978952216655017,0.0,0,False,0,0.3870921373280569,0.3870921373280569,0.0,0.0,0.0,0.0,0.473849,0.0,0.11846225,0.473849,1.0
2024-10-29 05:30:00,val,False,100,0.473849,0.0050789462144076826,0.0,0,False,0,0.3936681393795429,0.3936681393795429,0.0,0.0,0.0,0.0,0.473849,0.0,0.11846225,0.473849,1.0
2024-10-29 06:30:00,val,False,100,0.473849,0.009803320133641363,0.04273008485461771,0,False,0,0.40569422680189626,0.40569422680189626,0.0,0.0,0.0,0.0,0.473849,0.0,0.11846225,0.473849,1.0
2024-10-29 07:30:00,val,True,100,0.473849,0.35199441722363234,0.1279844404991269,0,False,0,0.44267719487258744,0.4264641,0.0,0.026627513629400378,0.026627513629400378,0.026627513629400378,0.473849,0.0,0.11846225,0.473849,1.0
2024-10-29 08:30:00,val,True,100,0.473849,0.1923478604927957,0.20662562245193122,0,False,0,0.4609351731855406,0.4264641,0.0,0.19043502918889937,0.19043502918889937,0.11846225,0.44722148637059966,0.07197277918889937,0.11846225,0.473849,1.0
2024-10-29 09:30:00,val,True,100,0.473849,0.2669033915717602,0.2609682702977657,0,False,0,0.46199493721911133,0.4264641,0.0,0.19037571459927757,0.19037571459927757,0.11846225,0.3287592363705997,0.07191346459927757,0.11846225,0.473849,1.0
2024-10-29 10:30:00,val,True,100,0.473849,0.3015866585496068,0.28311366116178033,0,False,0,0.42679935176762246,0.4264641,0.0,0.1891774281325268,0.1891774281325268,0.11846225,0.21029698637059968,0.0707151781325268,0.11846225,0.473849,1.0
2024-10-29 11:30:00,val,True,100,0.473849,0.29792774228817226,0.27573826726949213,0,False,0,0.4090999405800447,0.4090999405800447,0.0,0.19011027667925925,0.19011027667925925,0.09183473637059968,0.09183473637059968,0.09827554030865958,0.11846225,0.473849,1.0
2024-10-29 12:30:00,val,True,100,0.473849,0.27424952800261976,0.2516086592746675,0,False,0,0.3720981492952209,0.3720981492952209,0.0,0.19063559006964315,0.19063559006964315,0.0,0.0,0.19063559006964315,0.11846225,0.473849,1.0
2024-10-29 13:30:00,val,True,100,0.473849,0.22650418520775437,0.22057618242761493,0,False,0,0.3857540529523759,0.3857540529523759,0.0,0.19138236941454648,0.19138236941454648,0.0,0.0,0.19138236941454648,0.11846225,0.473849,1.0
2024-10-29 14:30:00,val,True,100,0.473849,0.17843891294318437,0.20148169372496008,0,False,0,0.3843722865589838,0.3843722865589838,0.0,0.0334394889902753,0.0334394889902753,0.0,0.0,0.0334394889902753,0.11846225,0.473849,1.0
2024-10-29 15:30:00,val,True,100,0.473849,0.1337966686193645,0.12456947850771248,0,False,0,0.3832278515251468,0.3832278515251468,0.0,0.03712714640950484,0.03712714640950484,0.0,0.0,0.03712714640950484,0.11846225,0.473849,1.0
2024-10-29 16:30:00,val,True,100,0.473849,0.05150221291957051,0.04627307466902584,0,False,0,0.43270395359380626,0.4264641,0.0,0.03758922558227302,0.03758922558227302,0.0,0.0,0.03758922558227302,0.11846225,0.473849,1.0
2024-10-29 17:30:00,val,False,100,0.473849,0.0030526619206862524,0.002162808734070866,0,False,0,0.5063099549781881,0.4264641,0.0,0.0,0.0,0.0,0.0,0.0,0.11846225,0.473849,1.0
2024-10-29 18:30:00,val,False,100,0.473849,0.0017728990412801504,0.0,0,False,0,0.5547860588314093,0.4264641,0.0,0.0,0.0,0.0,0.0,0.0,0.11846225,0.473849,1.0
2024-10-29 19:30:00,val,False,100,0.473849,0.009851404814079404,0.0,0,False,0,0.5582622432332182,0.4264641,0.0,0.0,0.0,0.0,0.0,0.0,0.11846225,0.473849,1.0
2024-10-29 20:30:00,val,False,100,0.473849,0.0051697490542978045,0.0,0,False,0,0.5237262184283445,0.4264641,0.0,0.0,0.0,0.0,0.0,0.0,0.11846225,0.473849,1.0
2024-10-29 21:30:00,val,False,100,0.473849,0.0037950936726033687,0.0,0,False,0,0.48360621146565175,0.4264641,0.0,0.0,0.0,0.0,0.0,0.0,0.11846225,0.473849,1.0
2024-10-29 22:30:00,val,False,100,0.473849,0.002520620099723339,0.0,0,False,0,0.4353158247480794,0.4264641,0.0,0.0,0.0,0.0,0.0,0.0,0.11846225,0.473849,1.0
2024-10-29 23:30:00,val,False,100,0.473849,0.002580890450075269,0.0,0,False,0,0.39757879447195527,0.39757879447195527,0.0,0.0,0.0,0.0,0.0,0.0,0.11846225,0.473849,1.0
2024-10-30 00:30:00,val,False,100,0.473849,0.0028133022275269033,0.0,0,False,0,0.3835656037088255,0.3835656037088255,0.0,0.0,0.0,0.0,0.473849,0.0,0.11846225,0.473849,1.0
2024-10-30 01:30:00,val,False,100,0.473849,0.0014311129797250032,0.0,0,False,0,0.39517277891716435,0.39517277891716435,0.0,0.0,0.0,0.0,0.473849,0.0,0.11846225,0.473849,1.0
2024-10-30 02:30:00,val,False,100,0.473849,0.000374886634349823,0.0,0,False,0,0.3822293984206971,0.3822293984206971,0.0,0.0,0.0,0.0,0.473849,0.0,0.11846225,0.473849,1.0
2024-10-30 03:30:00,val,False,100,0.473849,1.195118135213852e-05,0.0,0,False,0,0.3940797826504783,0.3940797826504783,0.0,0.0,0.0,0.0,0.473849,0.0,0.11846225,0.473849,1.0
2024-10-30 04:30:00,val,False,100,0.473849,0.0,0.0,0,False,0,0.37931599786934533,0.37931599786934533,0.0,0.0,0.0,0.0,0.473849,0.0,0.11846225,0.473849,1.0
2024-10-30 05:30:00,val,False,100,0.473849,0.0010473453833460809,0.0,0,False,0,0.3784169628685397,0.3784169628685397,0.0,0.0,0.0,0.0,0.473849,0.0,0.11846225,0.473849,1.0
2024-10-30 06:30:00,val,False,100,0.473849,0.004448528834477067,0.030239261011932046,0,False,0,0.3979577039516111,0.3979577039516111,0.0,0.0,0.0,0.0,0.473849,0.0,0.11846225,0.473849,1.0
2024-10-30 07:30:00,val,True,100,0.473849,0.24704706996402143,0.08287494424794614,0,False,0,0.4388597083373174,0.4264641,0.0,0.03442586927003867,0.03442586927003867,0.03442586927003867,0.473849,0.0,0.11846225,0.473849,1.0
2024-10-30 08:30:00,val,True,100,0.473849,0.13092499296556412,0.13391934861385824,0,False,0,0.455482121290531,0.4264641,0.0,0.141011819543524,0.141011819543524,0.11846225,0.43942313072996136,0.02254956954352398,0.11846225,0.473849,1.0
2024-10-30 09:30:00,val,True,100,0.473849,0.17315914699578286,0.19766123355084658,0,False,0,0.4670220733901232,0.4264641,0.0,0.13907011386090967,0.13907011386090967,0.11846225,0.3209608807299614,0.020607863860909667,0.11846225,0.473849,1.0
2024-10-30 10:30:00,val,True,100,0.473849,0.24187124345594643,0.26623382506090404,0,False,0,0.447163753474776,0.4264641,0.0,0.1387469402430051,0.1387469402430051,0.11846225,0.20249863072996138,0.020284690243005096,0.11846225,0.473849,1.0
2024-10-30 11:30:00,val,True,100,0.473849,0.29210857333260776,0.285123229842484,0,False,0,0.41140185872091284,0.41140185872091284,0.0,0.1388000387279647,0.1388000387279647,0.08403638072996138,0.08403638072996138,0.054763657998003326,0.11846225,0.473849,1.0
2024-10-30 12:30:00,val,True,100,0.473849,0.2863091889665127,0.2600952864861488,0,False,0,0.3868380801015917,0.3868380801015917,0.0,0.13855864133350868,0.13855864133350868,0.0,0.0,0.13855864133350868,0.11846225,0.473849,1.0
2024-10-30 13:30:00,val,True,100,0.473849,0.22927020958024263,0.22447416809549928,0,False,0,0.3841811607881866,0.3841811607881866,0.0,0.14140058521844764,0.14140058521844764,0.0,0.0,0.14140058521844764,0.11846225,0.473849,1.0
2024-10-30 14:30:00,val,True,100,0.473849,0.17580521108675004,0.17225927303656935,0,False,0,0.38414619187701626,0.38414619187701626,0.0,0.030003828945695712,0.030003828945695712,0.0,0.0,0.030003828945695712,0.11846225,0.473849,1.0
2024-10-30 15:30:00,val,True,100,0.473849,0.11166173862740397,0.10157881132109463,0,False,0,0.4010585477498045,0.4010585477498045,0.0,0.03131667843151358,0.03131667843151358,0.0,0.0,0.03131667843151358,0.11846225,0.473849,1.0
2024-10-30 16:30:00,val,True,100,0.473849,0.04183316625674069,0.03544949405692145,0,False,0,0.42704531632225895,0.4264641,0.0,0.031499877374683516,0.031499877374683516,0.0,0.0,0.031499877374683516,0.11846225,0.473849,1.0
2024-10-30 17:30:00,val,False,100,0.473849,0.0032632350905453787,0.00161836645523693,0,False,0,0.47171821953742793,0.4264641,0.0,0.0,0.0,0.0,0.0,0.0,0.11846225,0.473849,1.0
2024-10-30 18:30:00,val,False,100,0.473849,0.006104683436274528,0.0,0,False,0,0.5351640565952849,0.4264641,0.0,0.0,0.0,0.0,0.0,0.0,0.11846225,0.473849,1.0
2024-10-30 19:30:00,val,False,100,0.473849,0.009716385962098837,0.0,0,False,0,0.5455870109098173,0.4264641,0.0,0.0,0.0,0.0,0.0,0.0,0.11846225,0.473849,1.0
2024-10-30 20:30:00,val,False,100,0.473849,0.007451855096951127,0.0,0,False,0,0.5302674632742149,0.4264641,0.0,0.0,0.0,0.0,0.0,0.0,0.11846225,0.473849,1.0
2024-10-30 21:30:00,val,False,100,0.473849,0.0059893207055032255,0.0,0,False,0,0.49833422870841343,0.4264641,0.0,0.0,0.0,0.0,0.0,0.0,0.11846225,0.473849,1.0
2024-10-30 22:30:00,val,False,100,0.473849,0.004910563330456614,0.0,0,False,0,0.43419187894639993,0.4264641,0.0,0.0,0.0,0.0,0.0,0.0,0.11846225,0.473849,1.0
2024-10-30 23:30:00,val,False,100,0.473849,0.0058379533574283125,0.0,0,False,0,0.3793773404511525,0.3793773404511525,0.0,0.0,0.0,0.0,0.0,0.0,0.11846225,0.473849,1.0
2024-10-31 00:30:00,val,False,100,0.473849,0.002267104154497385,0.0,0,False,0,0.372226914469275,0.372226914469275,0.0,0.0,0.0,0.0,0.473849,0.0,0.11846225,0.473849,1.0
2024-10-31 01:30:00,val,False,100,0.473849,0.00024079188178479673,0.0,0,False,0,0.3733454993209646,0.3733454993209646,0.0,0.0,0.0,0.0,0.473849,0.0,0.11846225,0.473849,1.0
2024-10-31 02:30:00,val,False,100,0.473849,0.0,0.0,0,False,0,0.3824565199873375,0.3824565199873375,0.0,0.0,0.0,0.0,0.473849,0.0,0.11846225,0.473849,1.0
2024-10-31 03:30:00,val,False,100,0.473849,0.0,0.0,0,False,0,0.3810174534417947,0.3810174534417947,0.0,0.0,0.0,0.0,0.473849,0.0,0.11846225,0.473849,1.0
2024-10-31 04:30:00,val,False,100,0.473849,0.0,0.0,0,False,0,0.3740373335459267,0.3740373335459267,0.0,0.0,0.0,0.0,0.473849,0.0,0.11846225,0.473849,1.0
2024-10-31 05:30:00,val,False,100,0.473849,0.00023461989633738993,0.0,0,False,0,0.3979033671057036,0.3979033671057036,0.0,0.0,0.0,0.0,0.473849,0.0,0.11846225,0.473849,1.0
2024-10-31 06:30:00,val,False,100,0.473849,0.0033357690986692903,0.026724864674206823,0,False,0,0.3930917032069924,0.3930917032069924,0.0,0.0,0.0,0.0,0.473849,0.0,0.11846225,0.473849,1.0
2024-10-31 07:30:00,val,True,100,0.473849,0.21991291093683243,0.08006618874582648,0,False,0,0.4302562759553568,0.4264641,0.0,0.02349136085676956,0.02349136085676956,0.02349136085676956,0.473849,0.0,0.11846225,0.473849,1.0
2024-10-31 08:30:00,val,True,100,0.473849,0.12945670262098313,0.1358405305841267,0,False,0,0.4602859849175541,0.4264641,0.0,0.11993156277254242,0.11993156277254242,0.11846225,0.45035763914323046,0.0014693127725424193,0.11846225,0.473849,1.0
2024-10-31 09:30:00,val,True,100,0.473849,0.1788254288918972,0.1927169942638576,0,False,0,0.47199042578741646,0.4264641,0.0,0.11825767848126637,0.11825767848126637,0.11825767848126637,0.33189538914323047,0.0,0.11846225,0.473849,1.0
2024-10-31 10:30:00,val,True,100,0.473849,0.23551891661164165,0.222840135016948,0,False,0,0.4411966717424539,0.4264641,0.0,0.11832043448256768,0.11832043448256768,0.11832043448256768,0.2136377106619641,0.0,0.11846225,0.473849,1.0
2024-10-31 11:30:00,val,True,100,0.473849,0.24474182072910666,0.2384586016191244,0,False,0,0.404669325212259,0.404669325212259,0.0,0.11901166360110706,0.11901166360110706,0.09531727617939642,0.09531727617939642,0.023694387421710636,0.11846225,0.473849,1.0
2024-10-31 12:30:00,val,True,100,0.473849,0.2482151915000081,0.2119719173298776,0,False,0,0.38344598363068594,0.38344598363068594,0.0,0.11873308984446873,0.11873308984446873,0.0,0.0,0.11873308984446873,0.11846225,0.473849,1.0
2024-10-31 13:30:00,val,True,100,0.473849,0.19032998832365872,0.16775548452201486,0,False,0,0.3862168938998124,0.3862168938998124,0.0,0.12279513605550188,0.12279513605550188,0.0,0.0,0.12279513605550188,0.11846225,0.473849,1.0
2024-10-31 14:30:00,val,True,100,0.473849,0.13312424622499944,0.122300985605821,0,False,0,0.3936134919116184,0.3936134919116184,0.0,0.03996729014189288,0.03996729014189288,0.0,0.0,0.03996729014189288,0.11846225,0.473849,1.0
2024-10-31 15:30:00,val,True,100,0.473849,0.07933507155039907,0.07524388575583696,0,False,0,0.3948069813583462,0.3948069813583462,0.0,0.04000732314397055,0.04000732314397055,0.0,0.0,0.04000732314397055,0.11846225,0.473849,1.0
2024-10-31 16:30:00,val,True,100,0.473849,0.0279321382035017,0.02718628443922475,0,False,0,0.4402386494100467,0.4264641,0.0,0.03525921784610817,0.03525921784610817,0.0,0.0,0.03525921784610817,0.11846225,0.473849,1.0
2024-10-31 17:30:00,val,False,100,0.473849,0.0022067228362341413,0.0018323014728430498,0,False,0,0.4856469300239073,0.4264641,0.0,0.0,0.0,0.0,0.0,0.0,0.11846225,0.473849,1.0
2024-10-31 18:30:00,val,False,100,0.473849,0.0018981736045479774,0.0,0,False,0,0.5208064549207586,0.4264641,0.0,0.0,0.0,0.0,0.0,0.0,0.11846225,0.473849,1.0
2024-10-31 19:30:00,val,False,100,0.473849,0.0034675237522125246,0.0,0,False,0,0.5493299237732008,0.4264641,0.0,0.0,0.0,0.0,0.0,0.0,0.11846225,0.473849,1.0
2024-10-31 20:30:00,val,False,100,0.473849,0.00633260066972673,0.0,0,False,0,0.5391053354365762,0.4264641,0.0,0.0,0.0,0.0,0.0,0.0,0.11846225,0.473849,1.0
2024-10-31 21:30:00,val,False,100,0.473849,0.006075993256852031,0.0,0,False,0,0.4927526818712339,0.4264641,0.0,0.0,0.0,0.0,0.0,0.0,0.11846225,0.473849,1.0
2024-10-31 22:30:00,val,False,100,0.473849,0.008208266174003482,0.0,0,False,0,0.42243129910687166,0.42243129910687166,0.0,0.0,0.0,0.0,0.0,0.0,0.11846225,0.473849,1.0
2024-10-31 23:30:00,val,False,100,0.473849,0.009248288755372166,0.0,0,False,0,0.3990141221530384,0.3990141221530384,0.0,0.0,0.0,0.0,0.0,0.0,0.11846225,0.473849,1.0
2024-11-01 00:30:00,val,False,100,0.473849,0.006418750218391419,0.0,0,False,0,0.3796268035732103,0.3796268035732103,0.0,0.0,0.0,0.0,0.473849,0.0,0.11846225,0.473849,1.0
2024-11-01 01:30:00,val,False,100,0.473849,0.004069537913501262,0.0,0,False,0,0.37396110593914667,0.37396110593914667,0.0,0.0,0.0,0.0,0.473849,0.0,0.11846225,0.473849,1.0
2024-11-01 02:30:00,val,False,100,0.473849,0.002542354764595628,0.0,0,False,0,0.3765951224392333,0.3765951224392333,0.0,0.0,0.0,0.0,0.473849,0.0,0.11846225,0.473849,1.0
2024-11-01 03:30:00,val,False,100,0.473849,0.0008372231548577547,0.0,0,False,0,0.37873896124717615,0.37873896124717615,0.0,0.0,0.0,0.0,0.473849,0.0,0.11846225,0.473849,1.0
2024-11-01 04:30:00,val,False,100,0.473849,0.00017751762296259403,0.0,0,False,0,0.39112082075432564,0.39112082075432564,0.0,0.0,0.0,0.0,0.473849,0.0,0.11846225,0.473849,1.0
2024-11-01 05:30:00,val,False,100,0.473849,0.0020790286527723073,0.0,0,False,0,0.3951370417002322,0.3951370417002322,0.0,0.0,0.0,0.0,0.473849,0.0,0.11846225,0.473849,1.0
2024-11-01 06:30:00,val,False,100,0.473849,0.006056159406378866,0.026766816054522993,0,False,0,0.393763260839395,0.393763260839395,0.0,0.0,0.0,0.0,0.473849,0.0,0.11846225,0.473849,1.0
2024-11-01 07:30:00,val,True,100,0.473849,0.018005980860084293,0.07629318085837364,0,False,0,0.4448613535755813,0.4264641,0.00039127271549701387,0.035650925869366364,0.03604219858486338,0.03604219858486338,0.473849,0.0,0.11846225,0.473849,1.0
2024-11-01 08:30:00,val,True,100,0.473849,0.1033096770875603,0.14415740360817314,0,False,0,0.4582550926090757,0.4264641,0.0,0.05630822951554322,0.05630822951554322,0.05630822951554322,0.4378068014151366,0.0,0.11846225,0.473849,1.0
2024-11-01 09:30:00,val,True,100,0.473849,0.17930099006384612,0.20725012788164615,0,False,0,0.45202843074609783,0.4264641,0.0,0.0423403605375726,0.0423403605375726,0.0423403605375726,0.3814985718995934,0.0,0.11846225,0.473849,1.0
2024-11-01 10:30:00,val,True,100,0.473849,0.23313930362290144,0.21869986008298398,0,False,0,0.44325960124171715,0.4264641,0.0,0.027440116194924768,0.027440116194924768,0.027440116194924768,0.3391582113620208,0.0,0.11846225,0.473849,1.0
2024-11-01 11:30:00,val,True,100,0.473849,0.23223241188007593,0.22144729084300996,0,False,0,0.4073807836440848,0.4073807836440848,0.0,0.0293387079970628,0.0293387079970628,0.0293387079970628,0.31171809516709603,0.0,0.11846225,0.473849,1.0
2024-11-01 12:30:00,val,True,100,0.473849,0.21642452891612052,0.24513624065452813,0,False,0,0.3874713806482732,0.3874713806482732,0.0,0.03232013728810344,0.03232013728810344,0.03232013728810344,0.28237938717003325,0.0,0.11846225,0.473849,1.0
2024-11-01 13:30:00,val,True,100,0.473849,0.22210541867998243,0.20164614393809438,0,False,0,0.37981467656911955,0.37981467656911955,0.0,0.025653267408476885,0.025653267408476885,0.025653267408476885,0.2500592498819298,0.0,0.11846225,0.473849,1.0
2024-11-01 14:30:00,val,True,100,0.473849,0.15914425922352074,0.16505086211553216,0,False,0,0.380736939888291,0.380736939888291,0.0,0.03531319195279631,0.03531319195279631,0.03531319195279631,0.2244059824734529,0.0,0.11846225,0.473849,1.0
2024-11-01 15:30:00,val,True,100,0.473849,0.10779802026374638,0.09790714705780149,0,False,0,0.40283204006826717,0.40283204006826717,0.0,0.03274149641975006,0.03274149641975006,0.03274149641975006,0.18909279052065658,0.0,0.11846225,0.473849,1.0
2024-11-01 16:30:00,val,True,100,0.473849,0.03772696418213099,0.033936187579046935,0,False,0,0.4462958957052193,0.4264641,0.0,0.033166575400324604,0.033166575400324604,0.033166575400324604,0.15635129410090653,0.0,0.11846225,0.473849,1.0
2024-11-01 17:30:00,val,False,100,0.473849,0.0007600969883231446,0.0017894256178808572,0,False,0,0.48242769226765236,0.4264641,0.0,0.0,0.0,0.0,0.12318471870058192,0.0,0.11846225,0.473849,1.0
2024-11-01 18:30:00,val,False,100,0.473849,0.003150962334498763,0.0,0,False,0,0.5200805069671869,0.4264641,0.0,0.0,0.0,0.0,0.12318471870058192,0.0,0.11846225,0.473849,1.0
2024-11-01 19:30:00,val,False,100,0.473849,0.00896047532698512,0.0,0,False,0,0.5411919877121423,0.4264641,0.0,0.0,0.0,0.0,0.12318471870058192,0.0,0.11846225,0.473849,1.0
2024-11-01 20:30:00,val,False,100,0.473849,0.008283524933710694,0.0,0,False,0,0.5449339161757764,0.4264641,0.0,0.0,0.0,0.0,0.12318471870058192,0.0,0.11846225,0.473849,1.0
2024-11-01 21:30:00,val,False,100,0.473849,0.006289225424915552,0.0,0,False,0,0.4985202571216648,0.4264641,0.0,0.0,0.0,0.0,0.12318471870058192,0.0,0.11846225,0.473849,1.0
2024-11-01 22:30:00,val,False,100,0.473849,0.0064174508697241546,0.0,0,False,0,0.4416522226811012,0.4264641,0.0,0.0,0.0,0.0,0.12318471870058192,0.0,0.11846225,0.473849,1.0
2024-11-01 23:30:00,val,False,100,0.473849,0.007610980128198862,0.0,0,False,0,0.3885921859848766,0.3885921859848766,0.0,0.0,0.0,0.0,0.12318471870058192,0.0,0.11846225,0.473849,1.0
2024-11-02 00:30:00,val,False,100,0.473849,0.0051405330832600595,0.0,0,False,0,0.37778727357490055,0.37778727357490055,0.0,0.0,0.0,0.0,0.473849,0.0,0.11846225,0.473849,1.0
2024-11-02 01:30:00,val,False,100,0.473849,0.00314556247189641,0.0,0,False,0,0.36422953236652184,0.36422953236652184,0.0,0.0,0.0,0.0,0.473849,0.0,0.11846225,0.473849,1.0
2024-11-02 02:30:00,val,False,100,0.473849,0.0019072770592570305,0.0,0,False,0,0.37702354294246265,0.37702354294246265,0.0,0.0,0.0,0.0,0.473849,0.0,0.11846225,0.473849,1.0
2024-11-02 03:30:00,val,False,100,0.473849,0.000588936982512474,0.0,0,False,0,0.38725358806116883,0.38725358806116883,0.0,0.0,0.0,0.0,0.473849,0.0,0.11846225,0.473849,1.0
2024-11-02 04:30:00,val,False,100,0.473849,0.00019217073839902877,0.0,0,False,0,0.37223111529352787,0.37223111529352787,0.0,0.0,0.0,0.0,0.473849,0.0,0.11846225,0.473849,1.0
2024-11-02 05:30:00,val,False,100,0.473849,0.0018596283452659845,0.0,0,False,0,0.39293110751418453,0.39293110751418453,0.0,0.0,0.0,0.0,0.473849,0.0,0.11846225,0.473849,1.0
2024-11-02 06:30:00,val,False,100,0.473849,0.0060240440370887514,0.026426562824465333,0,False,0,0.4009903034508515,0.4009903034508515,0.0,0.0,0.0,0.0,0.473849,0.0,0.11846225,0.473849,1.0
2024-11-02 07:30:00,val,True,100,0.473849,0.018352167372360825,0.08018452134916186,0,False,0,0.43048358878307336,0.4264641,0.0,0.030099591085714084,0.030099591085714084,0.030099591085714084,0.473849,0.0,0.11846225,0.473849,1.0
2024-11-02 08:30:00,val,True,100,0.473849,0.11051200555378199,0.16183993399065733,0,False,0,0.4646201426447582,0.4264641,0.0,0.03932222314524271,0.03932222314524271,0.03932222314524271,0.44374940891428594,0.0,0.11846225,0.473849,1.0
2024-11-02 09:30:00,val,True,100,0.473849,0.20099148357212543,0.21377942456153035,0,False,0,0.47628864505117346,0.4264641,0.0,0.04197060342950152,0.04197060342950152,0.04197060342950152,0.40442718576904324,0.0,0.11846225,0.473849,1.0
2024-11-02 10:30:00,val,True,100,0.473849,0.23999647719979286,0.2159204931347072,0,False,0,0.4296568520714312,0.4264641,0.0,0.02932514730786819,0.02932514730786819,0.02932514730786819,0.3624565823395417,0.0,0.11846225,0.473849,1.0
2024-11-02 11:30:00,val,True,100,0.473849,0.22787700010839104,0.24612468224224449,0,False,0,0.4015972919514993,0.4015972919514993,0.0,0.042361238181722,0.042361238181722,0.042361238181722,0.33313143503167353,0.0,0.11846225,0.473849,1.0
2024-11-02 12:30:00,val,True,100,0.473849,0.2420566532931626,0.23796865198764205,0,False,0,0.38747034734056196,0.38747034734056196,0.0,0.03412856676035228,0.03412856676035228,0.03412856676035228,0.29077019684995153,0.0,0.11846225,0.473849,1.0
2024-11-02 13:30:00,val,True,100,0.473849,0.21415776139897108,0.22154091848021745,0,False,0,0.3826518165035094,0.3826518165035094,0.0,0.03424808906399332,0.03424808906399332,0.03424808906399332,0.2566416300895993,0.0,0.11846225,0.473849,1.0
2024-11-02 14:30:00,val,True,100,0.473849,0.17495930967590212,0.19345023282831908,0,False,0,0.3857808591026336,0.3857808591026336,0.0,0.031020855167877434,0.031020855167877434,0.031020855167877434,0.22239354102560596,0.0,0.11846225,0.473849,1.0
2024-11-02 15:30:00,val,True,100,0.473849,0.12490707344923913,0.12064591042977571,0,False,0,0.40222764996685806,0.40222764996685806,0.0,0.022252561298207935,0.022252561298207935,0.022252561298207935,0.19137268585772854,0.0,0.11846225,0.473849,1.0
2024-11-02 16:30:00,val,True,100,0.473849,0.05029002917474508,0.04194637871780246,0,False,0,0.44415681432639476,0.4264641,0.0,0.02478764489499609,0.02478764489499609,0.02478764489499609,0.1691201245595206,0.0,0.11846225,0.473849,1.0
2024-11-02 17:30:00,val,False,100,0.473849,0.0022606035877158863,0.0022685098183946976,0,False,0,0.4832235884405494,0.4264641,0.0,0.0,0.0,0.0,0.1443324796645245,0.0,0.11846225,0.473849,1.0
2024-11-02 18:30:00,val,False,100,0.473849,0.0006058400854468346,0.0,0,False,0,0.5317876806077071,0.4264641,0.0,0.0,0.0,0.0,0.1443324796645245,0.0,0.11846225,0.473849,1.0
2024-11-02 19:30:00,val,False,100,0.473849,0.010771292295008898,0.0,0,False,0,0.5419374315616249,0.4264641,0.0,0.0,0.0,0.0,0.1443324796645245,0.0,0.11846225,0.473849,1.0
2024-11-02 20:30:00,val,False,100,0.473849,0.009534204102739691,0.0,0,False,0,0.5233402650119374,0.4264641,0.0,0.0,0.0,0.0,0.1443324796645245,0.0,0.11846225,0.473849,1.0
2024-11-02 21:30:00,val,False,100,0.473849,0.009217656953230501,0.0,0,False,0,0.4722189311377402,0.4264641,0.0,0.0,0.0,0.0,0.1443324796645245,0.0,0.11846225,0.473849,1.0
2024-11-02 22:30:00,val,False,100,0.473849,0.009449676214918493,0.0,0,False,0,0.4277205005598346,0.4264641,0.0,0.0,0.0,0.0,0.1443324796645245,0.0,0.11846225,0.473849,1.0
2024-11-02 23:30:00,val,False,100,0.473849,0.012638243305966258,0.0,0,False,0,0.41474171025528156,0.41474171025528156,0.0,0.0,0.0,0.0,0.1443324796645245,0.0,0.11846225,0.473849,1.0
2024-11-03 00:30:00,val,False,100,0.473849,0.009256207759961485,0.0,0,False,0,0.38937077485595945,0.38937077485595945,0.0,0.0,0.0,0.0,0.473849,0.0,0.11846225,0.473849,1.0
2024-11-03 01:30:00,val,False,100,0.473849,0.006440823861330747,0.0,0,False,0,0.37628331864028375,0.37628331864028375,0.0,0.0,0.0,0.0,0.473849,0.0,0.11846225,0.473849,1.0
2024-11-03 02:30:00,val,False,100,0.473849,0.004344861151874066,0.0,0,False,0,0.3793395717171173,0.3793395717171173,0.0,0.0,0.0,0.0,0.473849,0.0,0.11846225,0.473849,1.0
2024-11-03 03:30:00,val,False,100,0.473849,0.002771515168219805,0.0,0,False,0,0.3801082043501836,0.3801082043501836,0.0,0.0,0.0,0.0,0.473849,0.0,0.11846225,0.473849,1.0
2024-11-03 04:30:00,val,False,100,0.473849,0.0008821154672205447,0.0,0,False,0,0.4004124509580665,0.4004124509580665,0.0,0.0,0.0,0.0,0.473849,0.0,0.11846225,0.473849,1.0
2024-11-03 05:30:00,val,False,100,0.473849,0.002905185352489352,0.0,0,False,0,0.3946242297751863,0.3946242297751863,0.0,0.0,0.0,0.0,0.473849,0.0,0.11846225,0.473849,1.0
2024-11-03 06:30:00,val,False,100,0.473849,0.007163309322372079,0.0384480451900512,0,False,0,0.40769055493240974,0.40769055493240974,0.0,0.0,0.0,0.0,0.473849,0.0,0.11846225,0.473849,1.0
2024-11-03 07:30:00,val,True,100,0.473849,0.02182281445299089,0.12093594743382931,0,False,0,0.4449804960968828,0.4264641,0.0,0.015008454499119528,0.015008454499119528,0.015008454499119528,0.473849,0.0,0.11846225,0.473849,1.0
2024-11-03 08:30:00,val,True,100,0.473849,0.16151916987767814,0.1952819759529829,0,False,0,0.4598439700190493,0.4264641,0.0,0.04924821106107806,0.04924821106107806,0.04924821106107806,0.4588405455008805,0.0,0.11846225,0.473849,1.0
2024-11-03 09:30:00,val,True,100,0.473849,0.2434974211513698,0.2522494950319827,0,False,0,0.4734117016440313,0.4264641,0.0,0.040973610939040755,0.040973610939040755,0.040973610939040755,0.4095923344398024,0.0,0.11846225,0.473849,1.0
2024-11-03 10:30:00,val,True,100,0.473849,0.2907748188803196,0.27328816643309595,0,False,0,0.4135980092998226,0.4135980092998226,0.0,0.040559202065507005,0.040559202065507005,0.040559202065507005,0.36861872350076164,0.0,0.11846225,0.473849,1.0
2024-11-03 11:30:00,val,True,100,0.473849,0.2854466370615959,0.24752392237812282,0,False,0,0.39119334766931646,0.39119334766931646,0.0,0.052578188837228826,0.052578188837228826,0.052578188837228826,0.32805952143525463,0.0,0.11846225,0.473849,1.0
2024-11-03 12:30:00,val,True,100,0.473849,0.24149002836927771,0.22788862840023635,0,False,0,0.385313584012123,0.385313584012123,0.0,0.06707205400810211,0.06707205400810211,0.06707205400810211,0.2754813325980258,0.0,0.11846225,0.473849,1.0
2024-11-03 13:30:00,val,True,100,0.473849,0.2080996945579052,0.20775161991256474,0,False,0,0.3906038303230129,0.3906038303230129,0.0,0.06877969820801197,0.06877969820801197,0.06877969820801197,0.2084092785899237,0.0,0.11846225,0.473849,1.0
2024-11-03 14:30:00,val,True,100,0.473849,0.1689040845347345,0.13301201412418484,0,False,0,0.39365125218069563,0.39365125218069563,0.0,0.04493512407675829,0.04493512407675829,0.04493512407675829,0.13962958038191173,0.0,0.11846225,0.473849,1.0
2024-11-03 15:30:00,val,True,100,0.473849,0.08855650003014505,0.09168156293614209,0,False,0,0.40728015373464116,0.40728015373464116,0.0,0.04678396810483362,0.04678396810483362,0.04678396810483362,0.09469445630515344,0.0,0.11846225,0.473849,1.0
2024-11-03 16:30:00,val,True,100,0.473849,0.039168263925150035,0.03341164750703052,0,False,0,0.43407457921392484,0.4264641,0.0,0.045403731010932785,0.045403731010932785,0.045403731010932785,0.04791048820031982,0.0,0.11846225,0.473849,1.0
2024-11-03 17:30:00,val,False,100,0.473849,0.0017393454878525808,0.0018366813522527736,0,False,0,0.4698258443573934,0.4264641,0.0,0.0,0.0,0.0,0.002506757189387032,0.0,0.11846225,0.473849,1.0
2024-11-03 18:30:00,val,False,100,0.473849,0.005635860902488232,0.0,0,False,0,0.5386875758536293,0.4264641,0.0,0.0,0.0,0.0,0.002506757189387032,0.0,0.11846225,0.473849,1.0
2024-11-03 19:30:00,val,False,100,0.473849,0.005623914377272129,0.0,0,False,0,0.5511481425522404,0.4264641,0.0,0.0,0.0,0.0,0.002506757189387032,0.0,0.11846225,0.473849,1.0
2024-11-03 20:30:00,val,False,100,0.473849,0.008327828948825597,0.0,0,False,0,0.5405682281336609,0.4264641,0.0,0.0,0.0,0.0,0.002506757189387032,0.0,0.11846225,0.473849,1.0
2024-11-03 21:30:00,val,False,100,0.473849,0.0078100039501190184,0.0,0,False,0,0.4839678203096816,0.4264641,0.0,0.0,0.0,0.0,0.002506757189387032,0.0,0.11846225,0.473849,1.0
2024-11-03 22:30:00,val,False,100,0.473849,0.00968575649368763,0.0,0,False,0,0.44499093838698794,0.4264641,0.0,0.0,0.0,0.0,0.002506757189387032,0.0,0.11846225,0.473849,1.0
2024-11-03 23:30:00,val,False,100,0.473849,0.011784185343027114,0.0,0,False,0,0.3953536995938601,0.3953536995938601,0.0,0.0,0.0,0.0,0.002506757189387032,0.0,0.11846225,0.473849,1.0
2024-11-04 00:30:00,val,False,100,0.473849,0.008420100032269954,0.0,0,False,0,0.38235871230761354,0.38235871230761354,0.0,0.0,0.0,0.0,0.473849,0.0,0.11846225,0.473849,1.0
2024-11-04 01:30:00,val,False,100,0.473849,0.005846660401597619,0.0,0,False,0,0.3780400697265209,0.3780400697265209,0.0,0.0,0.0,0.0,0.473849,0.0,0.11846225,0.473849,1.0
2024-11-04 02:30:00,val,False,100,0.473849,0.004118712860569358,0.0,0,False,0,0.3843976434018114,0.3843976434018114,0.0,0.0,0.0,0.0,0.473849,0.0,0.11846225,0.473849,1.0
2024-11-04 03:30:00,val,False,100,0.473849,0.002445223684683442,0.0,0,False,0,0.37335302142795074,0.37335302142795074,0.0,0.0,0.0,0.0,0.473849,0.0,0.11846225,0.473849,1.0
2024-11-04 04:30:00,val,False,100,0.473849,0.0009085379742234945,0.0,0,False,0,0.3850007524622605,0.3850007524622605,0.0,0.0,0.0,0.0,0.473849,0.0,0.11846225,0.473849,1.0
2024-11-04 05:30:00,val,False,100,0.473849,0.002986939394950867,0.0,0,False,0,0.3866060152473262,0.3866060152473262,0.0,0.0,0.0,0.0,0.473849,0.0,0.11846225,0.473849,1.0
2024-11-04 06:30:00,val,False,100,0.473849,0.007210146510615944,0.023139767722716555,0,False,0,0.42581752434990505,0.42581752434990505,0.0,0.0,0.0,0.0,0.473849,0.0,0.11846225,0.473849,1.0
2024-11-04 07:30:00,val,True,100,0.473849,0.019006004962980747,0.07034273746295273,0,False,0,0.4304276910929346,0.4264641,0.0,0.04442092816493174,0.04442092816493174,0.04442092816493174,0.473849,0.0,0.11846225,0.473849,1.0
2024-11-04 08:30:00,val,True,100,0.473849,0.09903526827412844,0.12047426360788942,0,False,0,0.45428241422467225,0.4264641,0.0,0.047585785176088455,0.047585785176088455,0.047585785176088455,0.42942807183506826,0.0,0.11846225,0.473849,1.0
2024-11-04 09:30:00,val,True,100,0.473849,0.15448121006777882,0.18332070587712526,0,False,0,0.45434234224021663,0.4264641,0.0,0.04221867596312995,0.04221867596312995,0.04221867596312995,0.3818422866589798,0.0,0.11846225,0.473849,1.0
2024-11-04 10:30:00,val,True,100,0.473849,0.20952113958638907,0.2287435878136456,0,False,0,0.4353142287210653,0.4264641,0.0,0.03934592842344686,0.03934592842344686,0.03934592842344686,0.33962361069584984,0.0,0.11846225,0.473849,1.0
2024-11-04 11:30:00,val,True,100,0.473849,0.2457289371278584,0.25389742373991014,0,False,0,0.40087223417830914,0.40087223417830914,0.0,0.013281746965154273,0.013281746965154273,0.013281746965154273,0.300277682272403,0.0,0.11846225,0.473849,1.0
2024-11-04 12:30:00,val,True,100,0.473849,0.2501896519738734,0.23479904561141132,0,False,0,0.39583525842648787,0.39583525842648787,0.0,0.011220962180459614,0.011220962180459614,0.011220962180459614,0.2869959353072487,0.0,0.11846225,0.473849,1.0
2024-11-04 13:30:00,val,True,100,0.473849,0.2096269837064743,0.20453867929083108,0,False,0,0.38109587777571413,0.38109587777571413,0.0,0.017463232164687467,0.017463232164687467,0.017463232164687467,0.2757749731267891,0.0,0.11846225,0.473849,1.0
2024-11-04 14:30:00,val,True,100,0.473849,0.1622399997469187,0.1635631010391414,0,False,0,0.398997431373262,0.398997431373262,0.0,0.01843278605842455,0.01843278605842455,0.01843278605842455,0.25831174096210163,0.0,0.11846225,0.473849,1.0
2024-11-04 15:30:00,val,True,100,0.473849,0.10814568752223253,0.10155991649083793,0,False,0,0.4081675868778223,0.4081675868778223,0.0,0.020377693632995634,0.020377693632995634,0.020377693632995634,0.23987895490367708,0.0,0.11846225,0.473849,1.0
2024-11-04 16:30:00,val,True,100,0.473849,0.04119546570144594,0.03544730232830718,0,False,0,0.44428625441182573,0.4264641,0.0,0.019785011415116287,0.019785011415116287,0.019785011415116287,0.21950126127068145,0.0,0.11846225,0.473849,1.0
2024-11-04 17:30:00,val,False,100,0.473849,0.0010224434598651714,0.0018859228975367914,0,False,0,0.49409330067602086,0.4264641,0.0,0.0,0.0,0.0,0.19971624985556516,0.0,0.11846225,0.473849,1.0
2024-11-04 18:30:00,val,False,100,0.473849,0.0025968415677696467,0.0,0,False,0,0.5072737267782109,0.4264641,0.0,0.0,0.0,0.0,0.19971624985556516,0.0,0.11846225,0.473849,1.0
2024-11-04 19:30:00,val,False,100,0.473849,0.00825982716487348,0.0,0,False,0,0.5488709321438062,0.4264641,0.0,0.0,0.0,0.0,0.19971624985556516,0.0,0.11846225,0.473849,1.0
2024-11-04 20:30:00,val,False,100,0.473849,0.009576845513492823,0.0,0,False,0,0.520066507194471,0.4264641,0.0,0.0,0.0,0.0,0.19971624985556516,0.0,0.11846225,0.473849,1.0
2024-11-04 21:30:00,val,False,100,0.473849,0.009610164962291718,0.0,0,False,0,0.4701714044847226,0.4264641,0.0,0.0,0.0,0.0,0.19971624985556516,0.0,0.11846225,0.473849,1.0
2024-11-04 22:30:00,val,False,100,0.473849,0.012882497000068426,0.0,0,False,0,0.4281684949423572,0.4264641,0.0,0.0,0.0,0.0,0.19971624985556516,0.0,0.11846225,0.473849,1.0
2024-11-04 23:30:00,val,False,100,0.473849,0.015531482107043266,0.0,0,False,0,0.40692743159620093,0.40692743159620093,0.0,0.0,0.0,0.0,0.19971624985556516,0.0,0.11846225,0.473849,1.0
2024-11-05 00:30:00,val,False,100,0.473849,0.012736518952623009,0.0,0,False,0,0.38023746592609897,0.38023746592609897,0.0,0.0,0.0,0.0,0.473849,0.0,0.11846225,0.473849,1.0
2024-11-05 01:30:00,val,False,100,0.473849,0.010088665566295386,0.0,0,False,0,0.3856551515415787,0.3856551515415787,0.0,0.0,0.0,0.0,0.473849,0.0,0.11846225,0.473849,1.0
2024-11-05 02:30:00,val,False,100,0.473849,0.007988834254920483,0.0,0,False,0,0.39043861446217937,0.39043861446217937,0.0,0.0,0.0,0.0,0.473849,0.0,0.11846225,0.473849,1.0
2024-11-05 03:30:00,val,False,100,0.473849,0.0065079006502479315,0.0,0,False,0,0.35591400852574095,0.35591400852574095,0.0,0.0,0.0,0.0,0.473849,0.0,0.11846225,0.473849,1.0
2024-11-05 04:30:00,val,False,100,0.473849,0.005267508744776249,0.0,0,False,0,0.40188639136494436,0.40188639136494436,0.0,0.0,0.0,0.0,0.473849,0.0,0.11846225,0.473849,1.0
2024-11-05 05:30:00,val,False,100,0.473849,0.0073056076095998285,0.0,0,False,0,0.38318703783781244,0.38318703783781244,0.0,0.0,0.0,0.0,0.473849,0.0,0.11846225,0.473849,1.0
2024-11-05 06:30:00,val,False,100,0.473849,0.012805782822206617,0.04045625758775324,0,False,0,0.3979738155844379,0.3979738155844379,0.0,0.0,0.0,0.0,0.473849,0.0,0.11846225,0.473849,1.0
2024-11-05 07:30:00,val,True,100,0.473849,0.027174080066621302,0.12484910709010065,0,False,0,0.433628483294701,0.4264641,0.0,0.016983946111438768,0.016983946111438768,0.016983946111438768,0.473849,0.0,0.11846225,0.473849,1.0
2024-11-05 08:30:00,val,True,100,0.473849,0.17374406398800016,0.195626358979553,0,False,0,0.4526534961597509,0.4264641,0.0,0.059338314218480376,0.059338314218480376,0.059338314218480376,0.45686505388856125,0.0,0.11846225,0.473849,1.0
2024-11-05 09:30:00,val,True,100,0.473849,0.24375731105265022,0.2557051692712307,0,False,0,0.4663034627194767,0.4264641,0.0,0.04993214810472815,0.04993214810472815,0.04993214810472815,0.3975267396700809,0.0,0.11846225,0.473849,1.0
2024-11-05 10:30:00,val,True,100,0.473849,0.2945374438243508,0.26402346148657796,0,False,0,0.4427965791488339,0.4264641,0.0,0.04496880110047093,0.04496880110047093,0.04496880110047093,0.3475945915653528,0.0,0.11846225,0.473849,1.0
2024-11-05 11:30:00,val,True,100,0.473849,0.27412504380738734,0.247562984287709,0,False,0,0.39830255608529963,0.39830255608529963,0.0,0.05826527573606695,0.05826527573606695,0.05826527573606695,0.30262579046488186,0.0,0.11846225,0.473849,1.0
2024-11-05 12:30:00,val,True,100,0.473849,0.24325374058115481,0.2488053626357615,0,False,0,0.3925637983005175,0.3925637983005175,0.0,0.06586305922559196,0.06586305922559196,0.06586305922559196,0.24436051472881493,0.0,0.11846225,0.473849,1.0
2024-11-05 13:30:00,val,True,100,0.473849,0.22727908340165018,0.22565646229815484,0,False,0,0.37969286583776657,0.37969286583776657,0.0,0.06298579944808913,0.06298579944808913,0.06298579944808913,0.17849745550322296,0.0,0.11846225,0.473849,1.0
2024-11-05 14:30:00,val,True,100,0.473849,0.18243178599461912,0.17032245256468653,0,False,0,0.37784933546243515,0.37784933546243515,0.0,0.03795274048937928,0.03795274048937928,0.03795274048937928,0.11551165605513383,0.0,0.11846225,0.473849,1.0
2024-11-05 15:30:00,val,True,100,0.473849,0.11247683247610926,0.100892110772565,0,False,0,0.4081478968987743,0.4081478968987743,0.0,0.03723979484579189,0.03723979484579189,0.03723979484579189,0.07755891556575456,0.0,0.11846225,0.473849,1.0
2024-11-05 16:30:00,val,True,100,0.473849,0.04157752266738564,0.03344922445258126,0,False,0,0.4410081150717728,0.4264641,0.0,0.03567976684769482,0.03567976684769482,0.03567976684769482,0.04031912071996267,0.0,0.11846225,0.473849,1.0
2024-11-05 17:30:00,val,False,100,0.473849,0.00040728805056773127,0.0022103202752016366,0,False,0,0.4825023932066613,0.4264641,0.0,0.0,0.0,0.0,0.004639353872267854,0.0,0.11846225,0.473849,1.0
2024-11-05 18:30:00,val,False,100,0.473849,0.003944518851131201,0.0,0,False,0,0.5249755204612064,0.4264641,0.0,0.0,0.0,0.0,0.004639353872267854,0.0,0.11846225,0.473849,1.0
2024-11-05 19:30:00,val,False,100,0.473849,0.011740957549020648,0.0,0,False,0,0.5267630945907223,0.4264641,0.0,0.0,0.0,0.0,0.004639353872267854,0.0,0.11846225,0.473849,1.0
2024-11-05 20:30:00,val,False,100,0.473849,0.011562640722304583,0.0,0,False,0,0.5281807259557914,0.4264641,0.0,0.0,0.0,0.0,0.004639353872267854,0.0,0.11846225,0.473849,1.0
2024-11-05 21:30:00,val,False,100,0.473849,0.010919827912807465,0.0,0,False,0,0.4843128118018717,0.4264641,0.0,0.0,0.0,0.0,0.004639353872267854,0.0,0.11846225,0.473849,1.0
2024-11-05 22:30:00,val,False,100,0.473849,0.01533898551954329,0.0,0,False,0,0.43049475141457766,0.4264641,0.0,0.0,0.0,0.0,0.004639353872267854,0.0,0.11846225,0.473849,1.0
2024-11-05 23:30:00,val,False,100,0.473849,0.016933473576679826,0.0,0,False,0,0.41580477421533624,0.41580477421533624,0.0,0.0,0.0,0.0,0.004639353872267854,0.0,0.11846225,0.473849,1.0
2024-11-06 00:30:00,val,False,100,0.473849,0.01408253437975049,0.0,0,False,0,0.38397320697538173,0.38397320697538173,0.0,0.0,0.0,0.0,0.473849,0.0,0.11846225,0.473849,1.0
2024-11-06 01:30:00,val,False,100,0.473849,0.011117928305074572,0.0,0,False,0,0.3923699678995273,0.3923699678995273,0.0,0.0,0.0,0.0,0.473849,0.0,0.11846225,0.473849,1.0
2024-11-06 02:30:00,val,False,100,0.473849,0.008767029988139868,0.0,0,False,0,0.38075453643712753,0.38075453643712753,0.0,0.0,0.0,0.0,0.473849,0.0,0.11846225,0.473849,1.0
2024-11-06 03:30:00,val,False,100,0.473849,0.007330349135890603,0.0,0,False,0,0.38385676299833,0.38385676299833,0.0,0.0,0.0,0.0,0.473849,0.0,0.11846225,0.473849,1.0
2024-11-06 04:30:00,val,False,100,0.473849,0.006360910570710898,0.0,0,False,0,0.37440784304021146,0.37440784304021146,0.0,0.0,0.0,0.0,0.473849,0.0,0.11846225,0.473849,1.0
2024-11-06 05:30:00,val,False,100,0.473849,0.009479058916285634,0.0,0,False,0,0.38538038534994834,0.38538038534994834,0.0,0.0,0.0,0.0,0.473849,0.0,0.11846225,0.473849,1.0
2024-11-06 06:30:00,val,False,100,0.473849,0.015175808850571513,0.040395412912547585,0,False,0,0.4096910679056105,0.4096910679056105,0.0,0.0,0.0,0.0,0.473849,0.0,0.11846225,0.473849,1.0
2024-11-06 07:30:00,val,True,100,0.473849,0.02865678131058812,0.12290429844425618,0,False,0,0.43259269015740387,0.4264641,0.0,0.026968936919341303,0.026968936919341303,0.026968936919341303,0.473849,0.0,0.11846225,0.473849,1.0
2024-11-06 08:30:00,val,True,100,0.473849,0.1709317727368474,0.19815242638385297,0,False,0,0.4755663342152138,0.4264641,0.0,0.05687620054278038,0.05687620054278038,0.05687620054278038,0.4468800630806587,0.0,0.11846225,0.473849,1.0
2024-11-06 09:30:00,val,True,100,0.473849,0.2458935449002981,0.24730218530133366,0,False,0,0.4718995968198019,0.4264641,0.0,0.05386977049393811,0.05386977049393811,0.05386977049393811,0.39000386253787833,0.0,0.11846225,0.473849,1.0
2024-11-06 10:30:00,val,True,100,0.473849,0.2840064836186171,0.2812849715440273,0,False,0,0.4213952719971467,0.4213952719971467,0.0,0.05300392460883789,0.05300392460883789,0.05300392460883789,0.33613409204394024,0.0,0.11846225,0.473849,1.0
2024-11-06 11:30:00,val,True,100,0.473849,0.29247666323059796,0.2923261121659875,0,False,0,0.39604723292739413,0.39604723292739413,0.0,0.049674982354495724,0.049674982354495724,0.049674982354495724,0.28313016743510233,0.0,0.11846225,0.473849,1.0
2024-11-06 12:30:00,val,True,100,0.473849,0.2861632193420529,0.2809253645148873,0,False,0,0.3777819402236105,0.3777819402236105,0.0,0.04553688325268607,0.04553688325268607,0.04553688325268607,0.23345518508060661,0.0,0.11846225,0.473849,1.0
2024-11-06 13:30:00,val,True,100,0.473849,0.25188442678889633,0.23385251712274552,0,False,0,0.3908434804618108,0.3908434804618108,0.0,0.044428984621102244,0.044428984621102244,0.044428984621102244,0.18791830182792055,0.0,0.11846225,0.473849,1.0
2024-11-06 14:30:00,val,True,100,0.473849,0.18801657815742492,0.16977181967249513,0,False,0,0.3689729855499303,0.3689729855499303,0.0,0.024003950931205144,0.024003950931205144,0.024003950931205144,0.1434893172068183,0.0,0.11846225,0.473849,1.0
2024-11-06 15:30:00,val,True,100,0.473849,0.11484391104829311,0.09975796381124855,0,False,0,0.40939239572798913,0.40939239572798913,0.0,0.021634319807149006,0.021634319807149006,0.021634319807149006,0.11948536627561315,0.0,0.11846225,0.473849,1.0
2024-11-06 16:30:00,val,True,100,0.473849,0.04433365124729276,0.03222364460965991,0,False,0,0.43107536833773175,0.4264641,0.0,0.023294652004985775,0.023294652004985775,0.023294652004985775,0.09785104646846415,0.0,0.11846225,0.473849,1.0
2024-11-06 17:30:00,val,False,100,0.473849,0.003904795590815134,0.001759658494715388,0,False,0,0.4831416923290841,0.4264641,0.0,0.0,0.0,0.0,0.07455639446347838,0.0,0.11846225,0.473849,1.0
2024-11-06 18:30:00,val,False,100,0.473849,0.00750486490046978,0.0,0,False,0,0.5271076010443395,0.4264641,0.0,0.0,0.0,0.0,0.07455639446347838,0.0,0.11846225,0.473849,1.0
2024-11-06 19:30:00,val,False,100,0.473849,0.012182963343724608,0.0,0,False,0,0.5542247206411524,0.4264641,0.0,0.0,0.0,0.0,0.07455639446347838,0.0,0.11846225,0.473849,1.0
2024-11-06 20:30:00,val,False,100,0.473849,0.010946902602747083,0.0,0,False,0,0.5237235530536514,0.4264641,0.0,0.0,0.0,0.0,0.07455639446347838,0.0,0.11846225,0.473849,1.0
2024-11-06 21:30:00,val,False,100,0.473849,0.010579481621146202,0.0,0,False,0,0.47909129787754434,0.4264641,0.0,0.0,0.0,0.0,0.07455639446347838,0.0,0.11846225,0.473849,1.0
2024-11-06 22:30:00,val,False,100,0.473849,0.013852715613022447,0.0,0,False,0,0.4247334453290871,0.4247334453290871,0.0,0.0,0.0,0.0,0.07455639446347838,0.0,0.11846225,0.473849,1.0
2024-11-06 23:30:00,val,False,100,0.473849,0.015193584014460445,0.0,0,False,0,0.3920899258718048,0.3920899258718048,0.0,0.0,0.0,0.0,0.07455639446347838,0.0,0.11846225,0.473849,1.0
2024-11-07 00:30:00,val,False,100,0.473849,0.012123254480838775,0.0,0,False,0,0.3783304340002158,0.3783304340002158,0.0,0.0,0.0,0.0,0.473849,0.0,0.11846225,0.473849,1.0
2024-11-07 01:30:00,val,False,100,0.473849,0.00957036266644299,0.0,0,False,0,0.38475102601149835,0.38475102601149835,0.0,0.0,0.0,0.0,0.473849,0.0,0.11846225,0.473849,1.0
2024-11-07 02:30:00,val,False,100,0.473849,0.007432112921208143,0.0,0,False,0,0.3682470824069497,0.3682470824069497,0.0,0.0,0.0,0.0,0.473849,0.0,0.11846225,0.473849,1.0
2024-11-07 03:30:00,val,False,100,0.473849,0.00579502783356607,0.0,0,False,0,0.38141355749092326,0.38141355749092326,0.0,0.0,0.0,0.0,0.473849,0.0,0.11846225,0.473849,1.0
2024-11-07 04:30:00,val,False,100,0.473849,0.004362997796803713,0.0,0,False,0,0.37247604994466477,0.37247604994466477,0.0,0.0,0.0,0.0,0.473849,0.0,0.11846225,0.473849,1.0
2024-11-07 05:30:00,val,False,100,0.473849,0.005664601896032691,0.0,0,False,0,0.39271919076545675,0.39271919076545675,0.0,0.0,0.0,0.0,0.473849,0.0,0.11846225,0.473849,1.0
2024-11-07 06:30:00,val,False,100,0.473849,0.009662601481348275,0.024198556068535895,0,False,0,0.4078068166417336,0.4078068166417336,0.0,0.0,0.0,0.0,0.473849,0.0,0.11846225,0.473849,1.0
2024-11-07 07:30:00,val,True,100,0.473849,0.021906106239408255,0.07127639399556815,0,False,0,0.4258324235973245,0.4258324235973245,0.0,0.02355078003981753,0.02355078003981753,0.02355078003981753,0.473849,0.0,0.11846225,0.473849,1.0
2024-11-07 14:30:00,test,True,100,0.473849,0.0562550981028378,0.0817371252385825,0,False,1,0.3863322175196452,0.3863322175196452,0.0,0.07726644350392904,0.07726644350392904,0.07726644350392904,0.4502982199601825,0.0,0.11846225,0.473849,1.0
2024-11-07 15:30:00,test,True,100,0.473849,0.04516763844881207,0.048783861895568666,0,False,1,0.4142489571014741,0.4142489571014741,0.0,0.08284979142029482,0.08284979142029482,0.08284979142029482,0.37303177645625346,0.0,0.11846225,0.473849,1.0
2024-11-07 16:30:00,test,True,100,0.473849,0.012600620966915041,0.01840588999054022,0,False,1,0.43147604990243565,0.4264641,0.0,0.08629520998048713,0.08629520998048713,0.08629520998048713,0.29018198503595866,0.0,0.11846225,0.473849,1.0
2024-11-07 17:30:00,test,False,100,0.473849,0.0,0.0014371717600759185,0,False,1,0.47654437320052995,0.4264641,0.0,0.0,0.0,0.0,0.20388677505547154,0.0,0.11846225,0.473849,1.0
2024-11-07 18:30:00,test,False,100,0.473849,0.0020119305961430072,0.0,0,False,1,0.5141043822982031,0.4264641,0.0,0.0,0.0,0.0,0.20388677505547154,0.0,0.11846225,0.473849,1.0
2024-11-07 19:30:00,test,False,100,0.473849,0.009969123462334275,0.0,0,False,1,0.5372122282734633,0.4264641,0.0,0.0,0.0,0.0,0.20388677505547154,0.0,0.11846225,0.473849,1.0
2024-11-07 20:30:00,test,False,100,0.473849,0.01179003346721828,0.0,0,False,1,0.5279929171970815,0.4264641,0.0,0.0,0.0,0.0,0.20388677505547154,0.0,0.11846225,0.473849,1.0
2024-11-07 21:30:00,test,False,100,0.473849,0.012007002082705498,0.0,0,False,1,0.4846140179477879,0.4264641,0.0,0.0,0.0,0.0,0.20388677505547154,0.0,0.11846225,0.473849,1.0
2024-11-07 22:30:00,test,False,100,0.473849,0.013356599036157131,0.0,0,False,1,0.44862061503658246,0.4264641,0.0,0.0,0.0,0.0,0.20388677505547154,0.0,0.11846225,0.473849,1.0
2024-11-07 23:30:00,test,False,100,0.473849,0.012119311394393444,0.0,0,False,1,0.39786936781593524,0.39786936781593524,0.0,0.0,0.0,0.0,0.20388677505547154,0.0,0.11846225,0.473849,1.0
2024-11-08 00:30:00,test,False,100,0.473849,0.008879139429494738,0.0,0,False,1,0.38011977174005873,0.38011977174005873,0.0,0.0,0.0,0.0,0.473849,0.0,0.11846225,0.473849,1.0
2024-11-08 01:30:00,test,False,100,0.473849,0.006156786347150803,0.0,0,False,1,0.3775145715427697,0.3775145715427697,0.0,0.0,0.0,0.0,0.473849,0.0,0.11846225,0.473849,1.0
2024-11-08 02:30:00,test,False,100,0.473849,0.004131553705245256,0.0,0,False,1,0.37311133547939107,0.37311133547939107,0.0,0.0,0.0,0.0,0.473849,0.0,0.11846225,0.473849,1.0
2024-11-08 03:30:00,test,False,100,0.473849,0.0025900045967996123,0.0,0,False,1,0.3801360889249702,0.3801360889249702,0.0,0.0,0.0,0.0,0.473849,0.0,0.11846225,0.473849,1.0
2024-11-08 04:30:00,test,False,100,0.473849,0.001169793574631214,0.0,0,False,1,0.3805289956506348,0.3805289956506348,0.0,0.0,0.0,0.0,0.473849,0.0,0.11846225,0.473849,1.0
2024-11-08 05:30:00,test,False,100,0.473849,0.0032399626670777796,0.0,0,False,1,0.36829883291369964,0.36829883291369964,0.0,0.0,0.0,0.0,0.473849,0.0,0.11846225,0.473849,1.0
2024-11-08 06:30:00,test,False,100,0.473849,0.007607905001908541,0.038367863664455715,0,False,1,0.4036707940598284,0.4036707940598284,0.0,0.0,0.0,0.0,0.473849,0.0,0.11846225,0.473849,1.0
2024-11-08 07:30:00,test,True,100,0.473849,0.021991536769658326,0.12474903942476213,0,False,1,0.4421600790126842,0.4264641,0.0,0.008173065765080189,0.008173065765080189,0.008173065765080189,0.473849,0.0,0.11846225,0.473849,1.0
2024-11-08 08:30:00,test,True,100,0.473849,0.16621165776351093,0.20220303350970148,0,False,1,0.4682933520504769,0.4264641,0.0,0.04225196436254949,0.04225196436254949,0.04225196436254949,0.4656759342349198,0.0,0.11846225,0.473849,1.0
2024-11-08 09:30:00,test,True,100,0.473849,0.2518432789161205,0.26254271699661014,0,False,1,0.46604596359301703,0.4264641,0.0,0.03167540233953614,0.03167540233953614,0.03167540233953614,0.4234239698723703,0.0,0.11846225,0.473849,1.0
2024-11-08 10:30:00,test,True,100,0.473849,0.3056110117909908,0.28543191140735147,0,False,1,0.4350875048120429,0.4264641,0.0,0.030823027875518386,0.030823027875518386,0.030823027875518386,0.39174856753283416,0.0,0.11846225,0.473849,1.0
2024-11-08 11:30:00,test,True,100,0.473849,0.2991280581521988,0.2506006742781401,0,False,1,0.39687548975112624,0.39687548975112624,0.0,0.047506720403424546,0.047506720403424546,0.047506720403424546,0.3609255396573158,0.0,0.11846225,0.473849,1.0
2024-11-08 12:30:00,test,True,100,0.473849,0.24502165784567595,0.21797906739154457,0,False,1,0.3738445753399494,0.3738445753399494,0.0,0.07109637456365528,0.07109637456365528,0.07109637456365528,0.31341881925389126,0.0,0.11846225,0.473849,1.0
2024-11-08 13:30:00,test,True,100,0.473849,0.2027161368046999,0.18615863657322526,0,False,1,0.38967224730045597,0.38967224730045597,0.0,0.08108769152754683,0.08108769152754683,0.08108769152754683,0.24232244469023598,0.0,0.11846225,0.473849,1.0
2024-11-08 14:30:00,test,True,100,0.473849,0.1553657606536746,0.16409636406695843,0,False,1,0.39569807702876686,0.39569807702876686,0.0,0.060060891841181505,0.060060891841181505,0.060060891841181505,0.16123475316268915,0.0,0.11846225,0.473849,1.0
2024-11-08 15:30:00,test,True,100,0.473849,0.11158795424382388,0.1136807142097652,0,False,1,0.41087281973669937,0.41087281973669937,0.0,0.0524105579533894,0.0524105579533894,0.0524105579533894,0.10117386132150764,0.0,0.11846225,0.473849,1.0
2024-11-08 16:30:00,test,True,100,0.473849,0.048318809273809195,0.038186129749834534,0,False,1,0.4318715201076133,0.4264641,0.0,0.05087669034100509,0.05087669034100509,0.048763303368118245,0.048763303368118245,0.0021133869728868424,0.11846225,0.473849,1.0
2024-11-08 17:30:00,test,False,100,0.473849,0.0011582247366048396,0.001803258539036964,0,False,1,0.4960670428713188,0.4264641,0.0,0.0,0.0,0.0,0.0,0.0,0.11846225,0.473849,1.0
2024-11-08 18:30:00,test,False,100,0.473849,0.0001178811730593443,0.0,0,False,1,0.5274656349606445,0.4264641,0.0,0.0,0.0,0.0,0.0,0.0,0.11846225,0.473849,1.0
2024-11-08 19:30:00,test,False,100,0.473849,0.007106948212310672,0.0,0,False,1,0.5611774891124026,0.4264641,0.0,0.0,0.0,0.0,0.0,0.0,0.11846225,0.473849,1.0
2024-11-08 20:30:00,test,False,100,0.473849,0.012640237062469124,0.0,0,False,1,0.52076006123247,0.4264641,0.0,0.0,0.0,0.0,0.0,0.0,0.11846225,0.473849,1.0
2024-11-08 21:30:00,test,False,100,0.473849,0.01211415016965568,0.0,0,False,1,0.49838515295938085,0.4264641,0.0,0.0,0.0,0.0,0.0,0.0,0.11846225,0.473849,1.0
2024-11-08 22:30:00,test,False,100,0.473849,0.013832115345001221,0.0,0,False,1,0.4471808644157208,0.4264641,0.0,0.0,0.0,0.0,0.0,0.0,0.11846225,0.473849,1.0
2024-11-08 23:30:00,test,False,100,0.473849,0.01693158635699749,0.0,0,False,1,0.3907786696964861,0.3907786696964861,0.0,0.0,0.0,0.0,0.0,0.0,0.11846225,0.473849,1.0
2024-11-09 00:30:00,test,False,100,0.473849,0.013498363573864101,0.0,0,False,1,0.38059771013863314,0.38059771013863314,0.0,0.0,0.0,0.0,0.473849,0.0,0.11846225,0.473849,1.0
2024-11-09 01:30:00,test,False,100,0.473849,0.01029108444082737,0.0,0,False,1,0.3721978832855292,0.3721978832855292,0.0,0.0,0.0,0.0,0.473849,0.0,0.11846225,0.473849,1.0
2024-11-09 02:30:00,test,False,100,0.473849,0.007961231274724007,0.0,0,False,1,0.36692403826943243,0.36692403826943243,0.0,0.0,0.0,0.0,0.473849,0.0,0.11846225,0.473849,1.0
2024-11-09 03:30:00,test,False,100,0.473849,0.006151057376012206,0.0,0,False,1,0.37444301509982914,0.37444301509982914,0.0,0.0,0.0,0.0,0.473849,0.0,0.11846225,0.473849,1.0
2024-11-09 04:30:00,test,False,100,0.473849,0.004406994767963886,0.0,0,False,1,0.3717450639731852,0.3717450639731852,0.0,0.0,0.0,0.0,0.473849,0.0,0.11846225,0.473849,1.0
2024-11-09 05:30:00,test,False,100,0.473849,0.006176531549543143,0.0,0,False,1,0.3815657933175701,0.3815657933175701,0.0,0.0,0.0,0.0,0.473849,0.0,0.11846225,0.473849,1.0
2024-11-09 06:30:00,test,False,100,0.473849,0.011971835761860013,0.040574429033488034,0,False,1,0.38769258576582455,0.38769258576582455,0.0,0.0,0.0,0.0,0.473849,0.0,0.11846225,0.473849,1.0
2024-11-09 07:30:00,test,True,100,0.473849,0.026527778695300222,0.12507260572960974,0,False,1,0.43692290515747995,0.4264641,0.0,0.04934935116514975,0.04934935116514975,0.04934935116514975,0.473849,0.0,0.11846225,0.473849,1.0
2024-11-09 08:30:00,test,True,100,0.473849,0.172471960249424,0.18827127923110126,0,False,1,0.4741620146253803,0.4264641,0.0,0.06568630412723335,0.06568630412723335,0.06568630412723335,0.42449964883485025,0.0,0.11846225,0.473849,1.0
2024-11-09 09:30:00,test,True,100,0.473849,0.2358887777608931,0.24443442498016357,0,False,1,0.4657730062968823,0.4264641,0.0,0.05259976432387093,0.05259976432387093,0.05259976432387093,0.3588133447076169,0.0,0.11846225,0.473849,1.0
2024-11-09 10:30:00,test,True,100,0.473849,0.28384954679608343,0.2815015789691806,0,False,1,0.4318216331383604,0.4264641,0.0,0.04383302517009373,0.04383302517009373,0.04383302517009373,0.30621358038374596,0.0,0.11846225,0.473849,1.0
2024-11-09 11:30:00,test,True,100,0.473849,0.2958896928039789,0.2875064955379963,0,False,1,0.38990262921204827,0.38990262921204827,0.0,0.04719517244625851,0.04719517244625851,0.04719517244625851,0.2623805552136522,0.0,0.11846225,0.473849,1.0
2024-11-09 12:30:00,test,True,100,0.473849,0.2817058933813572,0.2715395254302025,0,False,1,0.3802188506103424,0.3802188506103424,0.0,0.0507241458045819,0.0507241458045819,0.0507241458045819,0.2151853827673937,0.0,0.11846225,0.473849,1.0
2024-11-09 13:30:00,test,True,100,0.473849,0.24462430113485456,0.23161003975468875,0,False,1,0.38301963508019177,0.38301963508019177,0.0,0.05073706784410486,0.05073706784410486,0.05073706784410486,0.1644612369628118,0.0,0.11846225,0.473849,1.0
2024-11-09 14:30:00,test,True,100,0.473849,0.18627151012286544,0.17603241596964,0,False,1,0.40939856532451485,0.40939856532451485,0.0,0.020433747923955775,0.020433747923955775,0.020433747923955775,0.11372416911870695,0.0,0.11846225,0.473849,1.0
2024-11-09 15:30:00,test,True,100,0.473849,0.11880866714057327,0.1212177254847139,0,False,1,0.40561406497893715,0.40561406497893715,0.0,0.018991801605068272,0.018991801605068272,0.018991801605068272,0.09329042119475117,0.0,0.11846225,0.473849,1.0
2024-11-09 16:30:00,test,True,100,0.473849,0.0528419536915198,0.04266220058589429,0,False,1,0.4343608501420208,0.4264641,0.0,0.01651307201151695,0.01651307201151695,0.01651307201151695,0.0742986195896829,0.0,0.11846225,0.473849,1.0
2024-11-09 17:30:00,test,False,100,0.473849,0.0014800187437608839,0.0015021851619178197,0,False,1,0.4730734199126747,0.4264641,0.0,0.0,0.0,0.0,0.057785547578165945,0.0,0.11846225,0.473849,1.0
2024-11-09 18:30:00,test,False,100,0.473849,0.005126561469301581,0.0,0,False,1,0.5365550238161394,0.4264641,0.0,0.0,0.0,0.0,0.057785547578165945,0.0,0.11846225,0.473849,1.0
2024-11-09 19:30:00,test,False,100,0.473849,0.01060155170866847,0.0,0,False,1,0.5411461370250983,0.4264641,0.0,0.0,0.0,0.0,0.057785547578165945,0.0,0.11846225,0.473849,1.0
2024-11-09 20:30:00,test,False,100,0.473849,0.012494148523330688,0.0,0,False,1,0.5316316219398226,0.4264641,0.0,0.0,0.0,0.0,0.057785547578165945,0.0,0.11846225,0.473849,1.0
2024-11-09 21:30:00,test,False,100,0.473849,0.011331208541855216,0.0,0,False,1,0.4947145163508665,0.4264641,0.0,0.0,0.0,0.0,0.057785547578165945,0.0,0.11846225,0.473849,1.0
2024-11-09 22:30:00,test,False,100,0.473849,0.014553182229399681,0.0,0,False,1,0.4358226835876521,0.4264641,0.0,0.0,0.0,0.0,0.057785547578165945,0.0,0.11846225,0.473849,1.0
2024-11-09 23:30:00,test,False,100,0.473849,0.01870460701429844,0.0,0,False,1,0.39806443748142384,0.39806443748142384,0.0,0.0,0.0,0.0,0.057785547578165945,0.0,0.11846225,0.473849,1.0
2024-11-10 00:30:00,test,False,100,0.473849,0.016039089474514125,0.0,0,False,1,0.37785620649649865,0.37785620649649865,0.0,0.0,0.0,0.0,0.473849,0.0,0.11846225,0.473849,1.0
2024-11-10 01:30:00,test,False,100,0.473849,0.012911693970128894,0.0,0,False,1,0.3672694677106555,0.3672694677106555,0.0,0.0,0.0,0.0,0.473849,0.0,0.11846225,0.473849,1.0
2024-11-10 02:30:00,test,False,100,0.473849,0.010474453625574708,0.0,0,False,1,0.39564740342923654,0.39564740342923654,0.0,0.0,0.0,0.0,0.473849,0.0,0.11846225,0.473849,1.0
2024-11-10 03:30:00,test,False,100,0.473849,0.008967022926971316,0.0,0,False,1,0.36799188250091724,0.36799188250091724,0.0,0.0,0.0,0.0,0.473849,0.0,0.11846225,0.473849,1.0
2024-11-10 04:30:00,test,False,100,0.473849,0.008232457999408246,0.0,0,False,1,0.38323886849918565,0.38323886849918565,0.0,0.0,0.0,0.0,0.473849,0.0,0.11846225,0.473849,1.0
2024-11-10 05:30:00,test,False,100,0.473849,0.010420172091796994,0.0,0,False,1,0.3822257219376681,0.3822257219376681,0.0,0.0,0.0,0.0,0.473849,0.0,0.11846225,0.473849,1.0
2024-11-10 06:30:00,test,False,100,0.473849,0.016600965988859535,0.03853909212114662,0,False,1,0.395917741034349,0.395917741034349,0.0,0.0,0.0,0.0,0.473849,0.0,0.11846225,0.473849,1.0
2024-11-10 07:30:00,test,True,100,0.473849,0.030372111150205137,0.12345672377690672,0,False,1,0.4268872156869548,0.4264641,0.0,0.017201665360340096,0.017201665360340096,0.017201665360340096,0.473849,0.0,0.11846225,0.473849,1.0
2024-11-10 08:30:00,test,True,100,0.473849,0.17693397525438667,0.19304629961422085,0,False,1,0.4568456042181772,0.4264641,0.0,0.059974712584725795,0.059974712584725795,0.059974712584725795,0.4566473346396599,0.0,0.11846225,0.473849,1.0
2024-11-10 09:30:00,test,True,100,0.473849,0.24019532319784165,0.24867937339538335,0,False,1,0.4639573801653754,0.4264641,0.0,0.05394518597742816,0.05394518597742816,0.05394518597742816,0.3966726220549341,0.0,0.11846225,0.473849,1.0
2024-11-10 10:30:00,test,True,100,0.473849,0.28658824893552065,0.28704433248740435,0,False,1,0.4263663923131977,0.4263663923131977,0.0,0.047325676345357115,0.047325676345357115,0.047325676345357115,0.34272743607750594,0.0,0.11846225,0.473849,1.0
2024-11-10 11:30:00,test,True,100,0.473849,0.29929633721518517,0.30449811358618734,0,False,1,0.40355130004249,0.40355130004249,0.0,0.043482922045598886,0.043482922045598886,0.043482922045598886,0.2954017597321488,0.0,0.11846225,0.473849,1.0
2024-11-10 12:30:00,test,True,100,0.473849,0.2983747827629447,0.28760483767449857,0,False,1,0.39822312932470993,0.39822312932470993,0.0,0.04265442929087153,0.04265442929087153,0.04265442929087153,0.25191883768654993,0.0,0.11846225,0.473849,1.0
2024-11-10 13:30:00,test,True,100,0.473849,0.2585758410654962,0.2459719123826027,0,False,1,0.390664644874879,0.390664644874879,0.0,0.0429046461066675,0.0429046461066675,0.0429046461066675,0.2092644083956784,0.0,0.11846225,0.473849,1.0
2024-11-10 14:30:00,test,True,100,0.473849,0.19797285736459494,0.18649695886331796,0,False,1,0.38133457518922653,0.38133457518922653,0.0,0.017255259211584887,0.017255259211584887,0.017255259211584887,0.1663597622890109,0.0,0.11846225,0.473849,1.0
2024-11-10 15:30:00,test,True,100,0.473849,0.1272248566505313,0.12470025567226112,0,False,1,0.4131872282867414,0.4131872282867414,0.0,0.01878154594474397,0.01878154594474397,0.01878154594474397,0.149104503077426,0.0,0.11846225,0.473849,1.0
2024-11-10 16:30:00,test,True,100,0.473849,0.05630654237807542,0.0417510630819127,0,False,1,0.45108489272362157,0.4264641,0.0,0.01742975991402631,0.01742975991402631,0.01742975991402631,0.13032295713268205,0.0,0.11846225,0.473849,1.0
2024-11-10 17:30:00,test,False,100,0.473849,0.0020114008921254425,0.0014443912312260363,0,False,1,0.49036530077150947,0.4264641,0.0,0.0,0.0,0.0,0.11289319721865573,0.0,0.11846225,0.473849,1.0
2024-11-10 18:30:00,test,False,100,0.473849,0.006285089340135455,0.0,0,False,1,0.5288011405013289,0.4264641,0.0,0.0,0.0,0.0,0.11289319721865573,0.0,0.11846225,0.473849,1.0
2024-11-10 19:30:00,test,False,100,0.473849,0.013604392582044005,0.0,0,False,1,0.5479693477334348,0.4264641,0.0,0.0,0.0,0.0,0.11289319721865573,0.0,0.11846225,0.473849,1.0
2024-11-10 20:30:00,test,False,100,0.473849,0.012190191244378685,0.0,0,False,1,0.5417837054969931,0.4264641,0.0,0.0,0.0,0.0,0.11289319721865573,0.0,0.11846225,0.473849,1.0
2024-11-10 21:30:00,test,False,100,0.473849,0.012549563322663307,0.0,0,False,1,0.48366569860911834,0.4264641,0.0,0.0,0.0,0.0,0.11289319721865573,0.0,0.11846225,0.473849,1.0
2024-11-10 22:30:00,test,False,100,0.473849,0.016783123663470147,0.0,0,False,1,0.43725874375904034,0.4264641,0.0,0.0,0.0,0.0,0.11289319721865573,0.0,0.11846225,0.473849,1.0
2024-11-10 23:30:00,test,False,100,0.473849,0.01975953888784349,0.0,0,False,1,0.39946434368997424,0.39946434368997424,0.0,0.0,0.0,0.0,0.11289319721865573,0.0,0.11846225,0.473849,1.0
2024-11-11 00:30:00,test,False,100,0.473849,0.017335249213695527,0.0,0,False,1,0.3741554037044562,0.3741554037044562,0.0,0.0,0.0,0.0,0.473849,0.0,0.11846225,0.473849,1.0
2024-11-11 01:30:00,test,False,100,0.473849,0.014341653697818518,0.0,0,False,1,0.37964778010149414,0.37964778010149414,0.0,0.0,0.0,0.0,0.473849,0.0,0.11846225,0.473849,1.0
2024-11-11 02:30:00,test,False,100,0.473849,0.01196061836463213,0.0,0,False,1,0.38764996800562207,0.38764996800562207,0.0,0.0,0.0,0.0,0.473849,0.0,0.11846225,0.473849,1.0
2024-11-11 03:30:00,test,False,100,0.473849,0.010264650431588291,0.0,0,False,1,0.39815360745372225,0.39815360745372225,0.0,0.0,0.0,0.0,0.473849,0.0,0.11846225,0.473849,1.0
2024-11-11 04:30:00,test,False,100,0.473849,0.009983477538630365,0.0,0,False,1,0.3784001946894086,0.3784001946894086,0.0,0.0,0.0,0.0,0.473849,0.0,0.11846225,0.473849,1.0
2024-11-11 05:30:00,test,False,100,0.473849,0.012808576567187905,0.0,0,False,1,0.37268094491964493,0.37268094491964493,0.0,0.0,0.0,0.0,0.473849,0.0,0.11846225,0.473849,1.0
2024-11-11 06:30:00,test,False,100,0.473849,0.01802495991115272,0.033940047095377,0,False,1,0.4040666391616833,0.4040666391616833,0.0,0.0,0.0,0.0,0.473849,0.0,0.11846225,0.473849,1.0
2024-11-11 07:30:00,test,True,100,0.473849,0.030596036474213002,0.11754566597995161,0,False,1,0.44393084308327796,0.4264641,0.0,0.02026988766537779,0.02026988766537779,0.02026988766537779,0.473849,0.0,0.11846225,0.473849,1.0
2024-11-11 08:30:00,test,True,100,0.473849,0.16823909243354201,0.19642330623391271,0,False,1,0.45000535150485454,0.4264641,0.0,0.05987778718677644,0.05987778718677644,0.05987778718677644,0.4535791123346222,0.0,0.11846225,0.473849,1.0
2024-11-11 09:30:00,test,True,100,0.473849,0.24497211972111463,0.2439485630350709,0,False,1,0.4580471283695396,0.4264641,0.0,0.05326481585976273,0.05326481585976273,0.05326481585976273,0.3937013251478458,0.0,0.11846225,0.473849,1.0
2024-11-11 10:30:00,test,True,100,0.473849,0.28067380853003265,0.2844786680173278,0,False,1,0.43514587168797186,0.4264641,0.0,0.0493848576048556,0.0493848576048556,0.0493848576048556,0.34043650928808306,0.0,0.11846225,0.473849,1.0
2024-11-11 11:30:00,test,True,100,0.473849,0.2967438140249252,0.2886789784107208,0,False,1,0.3885323234343611,0.3885323234343611,0.0,0.04426998636897429,0.04426998636897429,0.04426998636897429,0.29105165168322744,0.0,0.11846225,0.473849,1.0
2024-11-11 12:30:00,test,True,100,0.473849,0.28365338503450155,0.2673168383386135,0,False,1,0.37459267476265834,0.37459267476265834,0.0,0.04624641135868281,0.04624641135868281,0.04624641135868281,0.24678166531425316,0.0,0.11846225,0.473849,1.0
2024-11-11 13:30:00,test,True,100,0.473849,0.24168179428189993,0.23804481167304514,0,False,1,0.3884404326693062,0.3884404326693062,0.0,0.04702505682703861,0.04702505682703861,0.04702505682703861,0.20053525395557037,0.0,0.11846225,0.473849,1.0
2024-11-11 14:30:00,test,True,100,0.473849,0.19286649114489554,0.17639521927261353,0,False,1,0.3879735467993291,0.3879735467993291,0.0,0.024496579692171717,0.024496579692171717,0.024496579692171717,0.15351019712853176,0.0,0.11846225,0.473849,1.0
2024-11-11 15:30:00,test,True,100,0.473849,0.11914184342809021,0.10309133374111354,0,False,1,0.39740066760235226,0.39740066760235226,0.0,0.0205538011187595,0.0205538011187595,0.0205538011187595,0.12901361743636003,0.0,0.11846225,0.473849,1.0
2024-11-11 16:30:00,test,True,100,0.473849,0.046047207262426615,0.03598454928257689,0,False,1,0.4441787674591694,0.4264641,0.0,0.02325423530346069,0.02325423530346069,0.02325423530346069,0.10845981631760053,0.0,0.11846225,0.473849,1.0
2024-11-11 17:30:00,test,False,100,0.473849,0.001350261238118168,0.001556641865639962,0,False,1,0.46778444080836806,0.4264641,0.0,0.0,0.0,0.0,0.08520558101413984,0.0,0.11846225,0.473849,1.0
2024-11-11 18:30:00,test,False,100,0.473849,0.005749557190611958,0.0,0,False,1,0.5313804747679135,0.4264641,0.0,0.0,0.0,0.0,0.08520558101413984,0.0,0.11846225,0.473849,1.0
2024-11-11 19:30:00,test,False,100,0.473849,0.013759728835597635,0.0,0,False,1,0.5473320809406117,0.4264641,0.0,0.0,0.0,0.0,0.08520558101413984,0.0,0.11846225,0.473849,1.0
2024-11-11 20:30:00,test,False,100,0.473849,0.013576843346774578,0.0,0,False,1,0.5257311812599624,0.4264641,0.0,0.0,0.0,0.0,0.08520558101413984,0.0,0.11846225,0.473849,1.0
2024-11-11 21:30:00,test,False,100,0.473849,0.015620315020561219,0.0,0,False,1,0.49805641772106996,0.4264641,0.0,0.0,0.0,0.0,0.08520558101413984,0.0,0.11846225,0.473849,1.0
2024-11-11 22:30:00,test,False,100,0.473849,0.02021822148117423,0.0,0,False,1,0.43423697883103307,0.4264641,0.0,0.0,0.0,0.0,0.08520558101413984,0.0,0.11846225,0.473849,1.0
2024-11-11 23:30:00,test,False,100,0.473849,0.021408576261237263,0.0,0,False,1,0.4037496525902564,0.4037496525902564,0.0,0.0,0.0,0.0,0.08520558101413984,0.0,0.11846225,0.473849,1.0
2024-11-12 00:30:00,test,False,100,0.473849,0.018373192732289434,0.0,0,False,1,0.37989382639982444,0.37989382639982444,0.0,0.0,0.0,0.0,0.473849,0.0,0.11846225,0.473849,1.0
2024-11-12 01:30:00,test,False,100,0.473849,0.015183034915059805,0.0,0,False,1,0.3755572494383298,0.3755572494383298,0.0,0.0,0.0,0.0,0.473849,0.0,0.11846225,0.473849,1.0
2024-11-12 02:30:00,test,False,100,0.473849,0.01249780447115004,0.0,0,False,1,0.3684778609890566,0.3684778609890566,0.0,0.0,0.0,0.0,0.473849,0.0,0.11846225,0.473849,1.0
2024-11-12 03:30:00,test,False,100,0.473849,0.01060116613036394,0.0,0,False,1,0.3798034710226794,0.3798034710226794,0.0,0.0,0.0,0.0,0.473849,0.0,0.11846225,0.473849,1.0
2024-11-12 04:30:00,test,False,100,0.473849,0.009812169025570154,0.0,0,False,1,0.37977173677221515,0.37977173677221515,0.0,0.0,0.0,0.0,0.473849,0.0,0.11846225,0.473849,1.0
2024-11-12 05:30:00,test,False,100,0.473849,0.012587760134339333,0.0,0,False,1,0.3797880463324496,0.3797880463324496,0.0,0.0,0.0,0.0,0.473849,0.0,0.11846225,0.473849,1.0
2024-11-12 06:30:00,test,False,100,0.473849,0.01850594326587021,0.01528379226430133,0,False,1,0.3976911034263877,0.3976911034263877,0.0,0.0,0.0,0.0,0.473849,0.0,0.11846225,0.473849,1.0
2024-11-12 07:30:00,test,True,100,0.473849,0.02965724389462173,0.05006092929577082,0,False,1,0.4345887429533491,0.4264641,0.0,0.020599740758854297,0.020599740758854297,0.020599740758854297,0.473849,0.0,0.11846225,0.473849,1.0
2024-11-12 08:30:00,test,True,100,0.473849,0.09358791103844344,0.0833404547406286,0,False,1,0.4457463539290327,0.4264641,0.0,0.030638796115795196,0.030638796115795196,0.030638796115795196,0.45324925924114573,0.0,0.11846225,0.473849,1.0
2024-11-12 09:30:00,test,True,100,0.473849,0.12556447228191792,0.0991468219025582,0,False,1,0.4795107026795513,0.4264641,0.0,0.028659061703804483,0.028659061703804483,0.028659061703804483,0.42261046312535056,0.0,0.11846225,0.473849,1.0
2024-11-12 10:30:00,test,True,100,0.473849,0.13187186923746766,0.09923031393575668,0,False,1,0.43129074893068947,0.4264641,0.0,0.03604553383577852,0.03604553383577852,0.03604553383577852,0.39395140142154605,0.0,0.11846225,0.473849,1.0
2024-11-12 11:30:00,test,True,100,0.473849,0.1255574392133206,0.10218736187578738,0,False,1,0.4053557418403438,0.4053557418403438,0.0,0.04288270901469779,0.04288270901469779,0.04288270901469779,0.35790586758576753,0.0,0.11846225,0.473849,1.0
2024-11-12 12:30:00,test,True,100,0.473849,0.10621844033074379,0.08963907240478694,0,False,1,0.3883233238259437,0.3883233238259437,0.0,0.04495093603458952,0.04495093603458952,0.04495093603458952,0.3150231585710698,0.0,0.11846225,0.473849,1.0
2024-11-12 13:30:00,test,True,100,0.473849,0.07376008253410458,0.08864450117559732,0,False,1,0.3772412920033922,0.3772412920033922,0.0,0.04593020160578055,0.04593020160578055,0.04593020160578055,0.2700722225364802,0.0,0.11846225,0.473849,1.0
2024-11-12 14:30:00,test,True,100,0.473849,0.05601770517276228,0.06661675410352647,0,False,1,0.3963831095483269,0.3963831095483269,0.0,0.043512716503450455,0.043512716503450455,0.043512716503450455,0.22414202093069968,0.0,0.11846225,0.473849,1.0
2024-11-12 15:30:00,test,True,100,0.473849,0.027627991014234722,0.04147275910399109,0,False,1,0.3999909453383107,0.3999909453383107,0.0,0.04529318590997001,0.04529318590997001,0.04529318590997001,0.18062930442724923,0.0,0.11846225,0.473849,1.0
2024-11-12 16:30:00,test,True,100,0.473849,0.005537475691411644,0.014921989444332198,0,False,1,0.43644903889402265,0.4264641,0.004447463202610988,0.040262820634619126,0.044710283837230115,0.044710283837230115,0.13533611851727922,0.0,0.11846225,0.473849,1.0
2024-11-12 17:30:00,test,False,100,0.473849,0.0002268754622612614,0.0013432970671649455,0,False,1,0.48845224075505034,0.4264641,0.0,0.0,0.0,0.0,0.09062583468004912,0.0,0.11846225,0.473849,1.0
2024-11-12 18:30:00,test,False,100,0.473849,0.005017004616275429,0.0,0,False,1,0.5235560250119329,0.4264641,0.0,0.0,0.0,0.0,0.09062583468004912,0.0,0.11846225,0.473849,1.0
2024-11-12 19:30:00,test,False,100,0.473849,0.011598399487435818,0.0,0,False,1,0.5355280058156636,0.4264641,0.0,0.0,0.0,0.0,0.09062583468004912,0.0,0.11846225,0.473849,1.0
2024-11-12 20:30:00,test,False,100,0.473849,0.014399555968999863,0.0,0,False,1,0.5183105484885191,0.4264641,0.0,0.0,0.0,0.0,0.09062583468004912,0.0,0.11846225,0.473849,1.0
2024-11-12 21:30:00,test,False,100,0.473849,0.015597572104766965,0.0,0,False,1,0.482357428346938,0.4264641,0.0,0.0,0.0,0.0,0.09062583468004912,0.0,0.11846225,0.473849,1.0
2024-11-12 22:30:00,test,False,100,0.473849,0.01819324680560827,0.0,0,False,1,0.42242065023772396,0.42242065023772396,0.0,0.0,0.0,0.0,0.09062583468004912,0.0,0.11846225,0.473849,1.0
2024-11-12 23:30:00,test,False,100,0.473849,0.01680987811228633,0.0,0,False,1,0.390736374309048,0.390736374309048,0.0,0.0,0.0,0.0,0.09062583468004912,0.0,0.11846225,0.473849,1.0
2024-11-13 00:30:00,test,False,100,0.473849,0.01334401608736813,0.0,0,False,1,0.37693896276753,0.37693896276753,0.0,0.0,0.0,0.0,0.473849,0.0,0.11846225,0.473849,1.0
2024-11-13 01:30:00,test,False,100,0.473849,0.010035871059000492,0.0,0,False,1,0.37780787361367213,0.37780787361367213,0.0,0.0,0.0,0.0,0.473849,0.0,0.11846225,0.473849,1.0
2024-11-13 02:30:00,test,False,100,0.473849,0.007666471684426069,0.0,0,False,1,0.3683670921828153,0.3683670921828153,0.0,0.0,0.0,0.0,0.473849,0.0,0.11846225,0.473849,1.0
2024-11-13 03:30:00,test,False,100,0.473849,0.005837192423298955,0.0,0,False,1,0.3796396048984007,0.3796396048984007,0.0,0.0,0.0,0.0,0.473849,0.0,0.11846225,0.473849,1.0
2024-11-13 04:30:00,test,False,100,0.473849,0.004381934593379497,0.0,0,False,1,0.3777386124121416,0.3777386124121416,0.0,0.0,0.0,0.0,0.473849,0.0,0.11846225,0.473849,1.0
2024-11-13 05:30:00,test,False,100,0.473849,0.006226196892499924,0.0,0,False,1,0.39213430760691503,0.39213430760691503,0.0,0.0,0.0,0.0,0.473849,0.0,0.11846225,0.473849,1.0
2024-11-13 06:30:00,test,False,100,0.473849,0.011040496171846987,0.026923965167611835,0,False,1,0.4077697280192247,0.4077697280192247,0.0,0.0,0.0,0.0,0.473849,0.0,0.11846225,0.473849,1.0
2024-11-13 07:30:00,test,True,100,0.473849,0.023539988054990767,0.07640682509230078,0,False,1,0.4486203308747049,0.4264641,0.0,0.026277253147905928,0.026277253147905928,0.026277253147905928,0.473849,0.0,0.11846225,0.473849,1.0
2024-11-13 08:30:00,test,True,100,0.473849,0.10958987751087547,0.12835303621593117,0,False,1,0.46598658150797523,0.4264641,0.0,0.02246029457057047,0.02246029457057047,0.02246029457057047,0.4475717468520941,0.0,0.11846225,0.473849,1.0
2024-11-13 09:30:00,test,True,100,0.473849,0.1650431393199563,0.17529978218844533,0,False,1,0.47360043983394107,0.4264641,0.0,0.0069391449450892685,0.0069391449450892685,0.0069391449450892685,0.42511145228152364,0.0,0.11846225,0.473849,1.0
2024-11-13 10:30:00,test,True,100,0.473849,0.2016525356051624,0.19311984491115808,0,False,1,0.4430791224679977,0.4264641,0.0,0.008361267892744176,0.008361267892744176,0.008361267892744176,0.41817230733643435,0.0,0.11846225,0.473849,1.0
2024-11-13 11:30:00,test,True,100,0.473849,0.2110496187633574,0.20763762927880883,0,False,1,0.4148485511679814,0.4148485511679814,0.0,0.017208467580812726,0.017208467580812726,0.017208467580812726,0.4098110394436902,0.0,0.11846225,0.473849,1.0
2024-11-13 12:30:00,test,True,100,0.473849,0.20583562708115577,0.18437731669184565,0,False,1,0.390315125022891,0.390315125022891,0.0,0.02263441660044021,0.02263441660044021,0.02263441660044021,0.39260257186287745,0.0,0.11846225,0.473849,1.0
2024-11-13 13:30:00,test,True,100,0.473849,0.16684524856877328,0.1296195879995823,0,False,1,0.37904936664801847,0.37904936664801847,0.0,0.0348452661380524,0.0348452661380524,0.0348452661380524,0.36996815526243726,0.0,0.11846225,0.473849,1.0
2024-11-13 14:30:00,test,True,100,0.473849,0.10165438578237593,0.10593529809576273,0,False,1,0.3926683464851196,0.3926683464851196,0.0,0.04063916213979586,0.04063916213979586,0.04063916213979586,0.33512288912438487,0.0,0.11846225,0.473849,1.0
2024-11-13 15:30:00,test,True,100,0.473849,0.0641211535212025,0.06057092273309827,0,False,1,0.4041071536791573,0.4041071536791573,0.0,0.03811995219882981,0.03811995219882981,0.03811995219882981,0.294483726984589,0.0,0.11846225,0.473849,1.0
2024-11-13 16:30:00,test,True,100,0.473849,0.016340425116583703,0.021950934207271785,0,False,1,0.4355403116757812,0.4264641,0.0,0.03656580127929974,0.03656580127929974,0.03656580127929974,0.2563637747857592,0.0,0.11846225,0.473849,1.0
2024-11-13 17:30:00,test,False,100,0.473849,0.002441127202808391,0.0017174342836185714,0,False,1,0.4753471467384612,0.4264641,0.0,0.0,0.0,0.0,0.2197979735064595,0.0,0.11846225,0.473849,1.0
2024-11-13 18:30:00,test,False,100,0.473849,0.002512764719799161,0.0,0,False,1,0.5185815113260047,0.4264641,0.0,0.0,0.0,0.0,0.2197979735064595,0.0,0.11846225,0.473849,1.0
2024-11-13 19:30:00,test,False,100,0.473849,0.010574562678933143,0.0,0,False,1,0.5532072401931355,0.4264641,0.0,0.0,0.0,0.0,0.2197979735064595,0.0,0.11846225,0.473849,1.0
2024-11-13 20:30:00,test,False,100,0.473849,0.011831238992527127,0.0,0,False,1,0.5069478439145186,0.4264641,0.0,0.0,0.0,0.0,0.2197979735064595,0.0,0.11846225,0.473849,1.0
2024-11-13 21:30:00,test,False,100,0.473849,0.012364487846150993,0.0,0,False,1,0.4806254725173465,0.4264641,0.0,0.0,0.0,0.0,0.2197979735064595,0.0,0.11846225,0.473849,1.0
2024-11-13 22:30:00,test,False,100,0.473849,0.015114713994756342,0.0,0,False,1,0.4388645439579909,0.4264641,0.0,0.0,0.0,0.0,0.2197979735064595,0.0,0.11846225,0.473849,1.0
2024-11-13 23:30:00,test,False,100,0.473849,0.01535134034486115,0.0,0,False,1,0.3940086073241872,0.3940086073241872,0.0,0.0,0.0,0.0,0.2197979735064595,0.0,0.11846225,0.473849,1.0
2024-11-14 00:30:00,test,False,100,0.473849,0.012159126189619302,0.0,0,False,1,0.3838418152851356,0.3838418152851356,0.0,0.0,0.0,0.0,0.473849,0.0,0.11846225,0.473849,1.0
2024-11-14 01:30:00,test,False,100,0.473849,0.008958890985772013,0.0,0,False,1,0.3761307596074181,0.3761307596074181,0.0,0.0,0.0,0.0,0.473849,0.0,0.11846225,0.473849,1.0
2024-11-14 02:30:00,test,False,100,0.473849,0.006489436121240258,0.0,0,False,1,0.37543792297301987,0.37543792297301987,0.0,0.0,0.0,0.0,0.473849,0.0,0.11846225,0.473849,1.0
2024-11-14 03:30:00,test,False,100,0.473849,0.004475615351632238,0.0,0,False,1,0.38510198048978045,0.38510198048978045,0.0,0.0,0.0,0.0,0.473849,0.0,0.11846225,0.473849,1.0
2024-11-14 04:30:00,test,False,100,0.473849,0.0032236372145265342,0.0,0,False,1,0.3853934448242114,0.3853934448242114,0.0,0.0,0.0,0.0,0.473849,0.0,0.11846225,0.473849,1.0
2024-11-14 05:30:00,test,False,100,0.473849,0.005080653871819377,0.0,0,False,1,0.38241223375442135,0.38241223375442135,0.0,0.0,0.0,0.0,0.473849,0.0,0.11846225,0.473849,1.0
2024-11-14 06:30:00,test,False,100,0.473849,0.009493491831198334,0.01671432842080109,0,False,1,0.410930387470293,0.410930387470293,0.0,0.0,0.0,0.0,0.473849,0.0,0.11846225,0.473849,1.0
2024-11-14 07:30:00,test,True,100,0.473849,0.02055248230050504,0.055329382908917965,0,False,1,0.4513246377208063,0.4264641,0.0043080554203012225,0.03683734827187288,0.0411454036921741,0.0411454036921741,0.473849,0.0,0.11846225,0.473849,1.0
2024-11-14 08:30:00,test,True,100,0.473849,0.08541203960676491,0.10392815842813254,0,False,1,0.46818513278837925,0.4264641,0.0,0.04366309130111155,0.04366309130111155,0.04366309130111155,0.4327035963078259,0.0,0.11846225,0.473849,1.0
2024-11-14 09:30:00,test,True,100,0.473849,0.1390929937542677,0.14835775935479997,0,False,1,0.4790282606766632,0.4264641,0.0,0.035992777658296664,0.035992777658296664,0.035992777658296664,0.38904050500671433,0.0,0.11846225,0.473849,1.0
2024-11-14 10:30:00,test,True,100,0.473849,0.17468617896398903,0.1641780677651763,0,False,1,0.442600665943892,0.4264641,0.0,0.010699143062754077,0.010699143062754077,0.010699143062754077,0.35304772734841766,0.0,0.11846225,0.473849,1.0
2024-11-14 11:30:00,test,True,100,0.473849,0.1821510343106389,0.17936954513573647,0,False,1,0.4176460760084063,0.4176460760084063,0.0,0.01755139757884171,0.01755139757884171,0.01755139757884171,0.34234858428566356,0.0,0.11846225,0.473849,1.0
2024-11-14 12:30:00,test,True,100,0.473849,0.17404860040810705,0.18497015409353376,0,False,1,0.4004578684571904,0.4004578684571904,0.0,0.017230819708326087,0.017230819708326087,0.017230819708326087,0.32479718670682184,0.0,0.11846225,0.473849,1.0
2024-11-14 13:30:00,test,True,100,0.473849,0.1678945189690888,0.13606175431543588,0,False,1,0.3685565900174605,0.3685565900174605,0.0,0.016201105781623704,0.016201105781623704,0.016201105781623704,0.30756636699849577,0.0,0.11846225,0.473849,1.0
2024-11-14 14:30:00,test,True,100,0.473849,0.10350214402753115,0.07921092030189932,0,False,1,0.39240816124064704,0.39240816124064704,0.0,0.031153957018720067,0.031153957018720067,0.031153957018720067,0.29136526121687206,0.0,0.11846225,0.473849,1.0
2024-11-14 15:30:00,test,True,100,0.473849,0.04012363044941425,0.04717589216351509,0,False,1,0.4117409543125967,0.4117409543125967,0.0,0.03690970940202434,0.03690970940202434,0.03690970940202434,0.26021130419815197,0.0,0.11846225,0.473849,1.0
2024-11-14 16:30:00,test,True,100,0.473849,0.005178452250313013,0.01757525965747237,0,False,1,0.43788419043533805,0.4264641,0.006241638185025024,0.03657981488149208,0.04282145306651711,0.04282145306651711,0.22330159479612763,0.0,0.11846225,0.473849,1.0
2024-11-14 17:30:00,test,False,100,0.473849,0.0024664143817834557,0.0015767635255255737,0,False,1,0.471648631256819,0.4264641,0.0,0.0,0.0,0.0,0.18048014172961052,0.0,0.11846225,0.473849,1.0
2024-11-14 18:30:00,test,False,100,0.473849,0.004960641607657075,0.0,0,False,1,0.5380691631578689,0.4264641,0.0,0.0,0.0,0.0,0.18048014172961052,0.0,0.11846225,0.473849,1.0
2024-11-14 19:30:00,test,False,100,0.473849,0.01098122460512817,0.0,0,False,1,0.5445224638030399,0.4264641,0.0,0.0,0.0,0.0,0.18048014172961052,0.0,0.11846225,0.473849,1.0
2024-11-14 20:30:00,test,False,100,0.473849,0.014140646576419473,0.0,0,False,1,0.5428502129382139,0.4264641,0.0,0.0,0.0,0.0,0.18048014172961052,0.0,0.11846225,0.473849,1.0
2024-11-14 21:30:00,test,False,100,0.473849,0.01517756209257245,0.0,0,False,1,0.47202771350915396,0.4264641,0.0,0.0,0.0,0.0,0.18048014172961052,0.0,0.11846225,0.473849,1.0
2024-11-14 22:30:00,test,False,100,0.473849,0.01824033283764124,0.0,0,False,1,0.4337986324234487,0.4264641,0.0,0.0,0.0,0.0,0.18048014172961052,0.0,0.11846225,0.473849,1.0
2024-11-14 23:30:00,test,False,100,0.473849,0.017382573057383298,0.0,0,False,1,0.4013892617660661,0.4013892617660661,0.0,0.0,0.0,0.0,0.18048014172961052,0.0,0.11846225,0.473849,1.0
2024-11-15 00:30:00,test,False,100,0.473849,0.013985282600045204,0.0,0,False,1,0.38632343561711835,0.38632343561711835,0.0,0.0,0.0,0.0,0.473849,0.0,0.11846225,0.473849,1.0
2024-11-15 01:30:00,test,False,100,0.473849,0.01028306104800105,0.0,0,False,1,0.3844695902696226,0.3844695902696226,0.0,0.0,0.0,0.0,0.473849,0.0,0.11846225,0.473849,1.0
2024-11-15 02:30:00,test,False,100,0.473849,0.00714728427927196,0.0,0,False,1,0.38290338982839645,0.38290338982839645,0.0,0.0,0.0,0.0,0.473849,0.0,0.11846225,0.473849,1.0
2024-11-15 03:30:00,test,False,100,0.473849,0.00442478518871963,0.0,0,False,1,0.38780508386621215,0.38780508386621215,0.0,0.0,0.0,0.0,0.473849,0.0,0.11846225,0.473849,1.0
2024-11-15 04:30:00,test,False,100,0.473849,0.002427910807996988,0.0,0,False,1,0.38083821812270774,0.38083821812270774,0.0,0.0,0.0,0.0,0.473849,0.0,0.11846225,0.473849,1.0
2024-11-15 05:30:00,test,False,100,0.473849,0.003516158170863986,0.0,0,False,1,0.38681542908306443,0.38681542908306443,0.0,0.0,0.0,0.0,0.473849,0.0,0.11846225,0.473849,1.0
2024-11-15 06:30:00,test,False,100,0.473849,0.006970288078561425,0.024441195396717637,0,False,1,0.3960413999078694,0.3960413999078694,0.0,0.0,0.0,0.0,0.473849,0.0,0.11846225,0.473849,1.0
2024-11-15 07:30:00,test,True,100,0.473849,0.018378099743261933,0.07225879844935239,0,False,1,0.4576812893423612,0.4264641,0.01283908959909924,0.03594836140274444,0.04878745100184368,0.04878745100184368,0.473849,0.0,0.11846225,0.473849,1.0
2024-11-15 08:30:00,test,True,100,0.473849,0.10100499548569322,0.1296052873816788,0,False,1,0.4676221180035351,0.4264641,0.0,0.04572818102299084,0.04572818102299084,0.04572818102299084,0.42506154899815635,0.0,0.11846225,0.473849,1.0
2024-11-15 09:30:00,test,True,100,0.473849,0.16630721161565185,0.15574642235067487,0,False,1,0.46498859076281224,0.4264641,0.0,0.04529933799704826,0.04529933799704826,0.04529933799704826,0.3793333679751655,0.0,0.11846225,0.473849,1.0
2024-11-15 10:30:00,test,True,100,0.473849,0.1823111960450411,0.16325090418869256,0,False,1,0.44336378651039776,0.4264641,0.0,0.03461823005657242,0.03461823005657242,0.03461823005657242,0.3340340299781172,0.0,0.11846225,0.473849,1.0
2024-11-15 11:30:00,test,True,100,0.473849,0.18211831709393858,0.15673545790421964,0,False,1,0.4031979013860293,0.4031979013860293,0.0,0.031640443145151,0.031640443145151,0.031640443145151,0.29941579992154477,0.0,0.11846225,0.473849,1.0
2024-11-15 12:30:00,test,True,100,0.473849,0.1533693643877208,0.17248284286490081,0,False,1,0.38321353086813237,0.38321353086813237,0.0,0.04393949959868162,0.04393949959868162,0.04393949959868162,0.26777535677639375,0.0,0.11846225,0.473849,1.0
2024-11-15 13:30:00,test,True,100,0.473849,0.15894686485692858,0.15670259494933486,0,False,1,0.38149267567606304,0.38149267567606304,0.0,0.04343065493752915,0.04343065493752915,0.04343065493752915,0.22383585717771212,0.0,0.11846225,0.473849,1.0
2024-11-15 14:30:00,test,True,100,0.473849,0.12174715590140224,0.12814185828985275,0,False,1,0.39738560958323377,0.39738560958323377,0.0,0.03680816751560091,0.03680816751560091,0.03680816751560091,0.18040520224018297,0.0,0.11846225,0.473849,1.0
2024-11-15 15:30:00,test,True,100,0.473849,0.08010206917256117,0.07999427625069022,0,False,1,0.40726034327117083,0.40726034327117083,0.0,0.03244218569932685,0.03244218569932685,0.03244218569932685,0.14359703472458207,0.0,0.11846225,0.473849,1.0
2024-11-15 16:30:00,test,True,100,0.473849,0.020503688192285596,0.03116109978248179,0,False,1,0.44326936805173067,0.4264641,0.0,0.030508660161293243,0.030508660161293243,0.030508660161293243,0.11115484902525521,0.0,0.11846225,0.473849,1.0
2024-11-15 17:30:00,test,False,100,0.473849,0.0,0.001222440797287796,0,False,1,0.47741392719213394,0.4264641,0.0,0.0,0.0,0.0,0.08064618886396197,0.0,0.11846225,0.473849,1.0
2024-11-15 18:30:00,test,False,100,0.473849,0.002255606927290559,0.0,0,False,1,0.5320449788190397,0.4264641,0.0,0.0,0.0,0.0,0.08064618886396197,0.0,0.11846225,0.473849,1.0
2024-11-15 19:30:00,test,False,100,0.473849,0.009083941611796617,0.0,0,False,1,0.5601388933439171,0.4264641,0.0,0.0,0.0,0.0,0.08064618886396197,0.0,0.11846225,0.473849,1.0
2024-11-15 20:30:00,test,False,100,0.473849,0.011753745156347752,0.0,0,False,1,0.5464261952674448,0.4264641,0.0,0.0,0.0,0.0,0.08064618886396197,0.0,0.11846225,0.473849,1.0
2024-11-15 21:30:00,test,False,100,0.473849,0.012772675357148051,0.0,0,False,1,0.48206534669603046,0.4264641,0.0,0.0,0.0,0.0,0.08064618886396197,0.0,0.11846225,0.473849,1.0
2024-11-15 22:30:00,test,False,100,0.473849,0.01710973893213272,0.0,0,False,1,0.43659280632597586,0.4264641,0.0,0.0,0.0,0.0,0.08064618886396197,0.0,0.11846225,0.473849,1.0
2024-11-15 23:30:00,test,False,100,0.473849,0.01852140206669271,0.0,0,False,1,0.4030443324569769,0.4030443324569769,0.0,0.0,0.0,0.0,0.08064618886396197,0.0,0.11846225,0.473849,1.0
2024-11-16 00:30:00,test,False,100,0.473849,0.01511680990280211,0.0,0,False,1,0.3581924504075578,0.3581924504075578,0.0,0.0,0.0,0.0,0.473849,0.0,0.11846225,0.473849,1.0
2024-11-16 01:30:00,test,False,100,0.473849,0.011315919264808297,0.0,0,False,1,0.36779120712890095,0.36779120712890095,0.0,0.0,0.0,0.0,0.473849,0.0,0.11846225,0.473849,1.0
2024-11-16 02:30:00,test,False,100,0.473849,0.008513063676223159,0.0,0,False,1,0.38851247740091505,0.38851247740091505,0.0,0.0,0.0,0.0,0.473849,0.0,0.11846225,0.473849,1.0
2024-11-16 03:30:00,test,False,100,0.473849,0.006170686068758369,0.0,0,False,1,0.37739530287309553,0.37739530287309553,0.0,0.0,0.0,0.0,0.473849,0.0,0.11846225,0.473849,1.0
2024-11-16 04:30:00,test,False,100,0.473849,0.004343953766599297,0.0,0,False,1,0.368975253952747,0.368975253952747,0.0,0.0,0.0,0.0,0.473849,0.0,0.11846225,0.473849,1.0
2024-11-16 05:30:00,test,False,100,0.473849,0.00604299417835474,0.0,0,False,1,0.39868275411799237,0.39868275411799237,0.0,0.0,0.0,0.0,0.473849,0.0,0.11846225,0.473849,1.0
2024-11-16 06:30:00,test,False,100,0.473849,0.010842281604766845,0.029811315938331185,0,False,1,0.40502490295686655,0.40502490295686655,0.0,0.0,0.0,0.0,0.473849,0.0,0.11846225,0.473849,1.0
2024-11-16 07:30:00,test,True,100,0.473849,0.023838807120546698,0.09691887442564964,0,False,1,0.42340022909849784,0.42340022909849784,0.0,0.023619265294040254,0.023619265294040254,0.023619265294040254,0.473849,0.0,0.11846225,0.473849,1.0
2024-11-16 08:30:00,test,True,100,0.473849,0.13676059435142576,0.14128484602361918,0,False,1,0.46320443862952404,0.4264641,0.0,0.028481515537977512,0.028481515537977512,0.028481515537977512,0.4502297347059598,0.0,0.11846225,0.473849,1.0
2024-11-16 09:30:00,test,True,100,0.473849,0.18096317732965947,0.17063513201895356,0,False,1,0.47999264087394666,0.4264641,0.0,0.03172122634768354,0.03172122634768354,0.03172122634768354,0.4217482191679823,0.0,0.11846225,0.473849,1.0
2024-11-16 10:30:00,test,True,100,0.473849,0.20002613033655287,0.19298742349290848,0,False,1,0.424047016609518,0.424047016609518,0.0,0.03497950307243429,0.03497950307243429,0.03497950307243429,0.39002699282029873,0.0,0.11846225,0.473849,1.0
2024-11-16 11:30:00,test,True,100,0.473849,0.21290626931059362,0.18077945837500692,0,False,1,0.38161599960487413,0.38161599960487413,0.0,0.03914392677053787,0.03914392677053787,0.03914392677053787,0.35504748974786443,0.0,0.11846225,0.473849,1.0
2024-11-16 12:30:00,test,True,100,0.473849,0.18117769822075963,0.17144414363539218,0,False,1,0.37710586373640503,0.37710586373640503,0.0,0.05244458490020565,0.05244458490020565,0.05244458490020565,0.3159035629773266,0.0,0.11846225,0.473849,1.0
2024-11-16 13:30:00,test,True,100,0.473849,0.15913021381238102,0.16304712469419838,0,False,1,0.38905658953678807,0.38905658953678807,0.0,0.05664311820832862,0.05664311820832862,0.05664311820832862,0.26345897807712093,0.0,0.11846225,0.473849,1.0
2024-11-16 14:30:00,test,True,100,0.473849,0.13019780014964938,0.15126041514891386,0,False,1,0.3804217329480544,0.3804217329480544,0.0,0.030397425470479456,0.030397425470479456,0.030397425470479456,0.2068158598687923,0.0,0.11846225,0.473849,1.0
2024-11-16 15:30:00,test,True,100,0.473849,0.09875966716565192,0.08997306039755046,0,False,1,0.3872820814654039,0.3872820814654039,0.0,0.034636591396192934,0.034636591396192934,0.034636591396192934,0.17641843439831284,0.0,0.11846225,0.473849,1.0
2024-11-16 16:30:00,test,True,100,0.473849,0.03214671565835923,0.03134428783939034,0,False,1,0.43869617239721637,0.4264641,0.0,0.03426476540054865,0.03426476540054865,0.03426476540054865,0.1417818430021199,0.0,0.11846225,0.473849,1.0
2024-11-16 17:30:00,test,False,100,0.473849,0.0,0.001415129162641082,0,False,1,0.4642144116075977,0.4264641,0.0,0.0,0.0,0.0,0.10751707760157125,0.0,0.11846225,0.473849,1.0
2024-11-16 18:30:00,test,False,100,0.473849,0.0004071460489779711,0.0,0,False,1,0.536876955256046,0.4264641,0.0,0.0,0.0,0.0,0.10751707760157125,0.0,0.11846225,0.473849,1.0
2024-11-16 19:30:00,test,False,100,0.473849,0.009343667144864797,0.0,0,False,1,0.5519053423426549,0.4264641,0.0,0.0,0.0,0.0,0.10751707760157125,0.0,0.11846225,0.473849,1.0
2024-11-16 20:30:00,test,False,100,0.473849,0.012179107550635934,0.0,0,False,1,0.5398801095665244,0.4264641,0.0,0.0,0.0,0.0,0.10751707760157125,0.0,0.11846225,0.473849,1.0
2024-11-16 21:30:00,test,False,100,0.473849,0.011514601507902145,0.0,0,False,1,0.4821050140342732,0.4264641,0.0,0.0,0.0,0.0,0.10751707760157125,0.0,0.11846225,0.473849,1.0
2024-11-16 22:30:00,test,False,100,0.473849,0.016076062334388495,0.0,0,False,1,0.4293747570142465,0.4264641,0.0,0.0,0.0,0.0,0.10751707760157125,0.0,0.11846225,0.473849,1.0
2024-11-16 23:30:00,test,False,100,0.473849,0.01746841353431344,0.0,0,False,1,0.40776927278665687,0.40776927278665687,0.0,0.0,0.0,0.0,0.10751707760157125,0.0,0.11846225,0.473849,1.0
2024-11-17 00:30:00,test,False,100,0.473849,0.014113262734934687,0.0,0,False,1,0.38258605229378795,0.38258605229378795,0.0,0.0,0.0,0.0,0.473849,0.0,0.11846225,0.473849,1.0
2024-11-17 01:30:00,test,False,100,0.473849,0.010790636469841004,0.0,0,False,1,0.3829547672288325,0.3829547672288325,0.0,0.0,0.0,0.0,0.473849,0.0,0.11846225,0.473849,1.0
2024-11-17 02:30:00,test,False,100,0.473849,0.00840302572210133,0.0,0,False,1,0.3680689309599234,0.3680689309599234,0.0,0.0,0.0,0.0,0.473849,0.0,0.11846225,0.473849,1.0
2024-11-17 03:30:00,test,False,100,0.473849,0.006637422357693315,0.0,0,False,1,0.373688188987697,0.373688188987697,0.0,0.0,0.0,0.0,0.473849,0.0,0.11846225,0.473849,1.0
2024-11-17 04:30:00,test,False,100,0.473849,0.0055840908895283935,0.0,0,False,1,0.3699241362583794,0.3699241362583794,0.0,0.0,0.0,0.0,0.473849,0.0,0.11846225,0.473849,1.0
2024-11-17 05:30:00,test,False,100,0.473849,0.007551682840660215,0.0,0,False,1,0.3621842424323613,0.3621842424323613,0.0,0.0,0.0,0.0,0.473849,0.0,0.11846225,0.473849,1.0
2024-11-17 06:30:00,test,False,100,0.473849,0.012440598109900952,0.020894032811116427,0,False,1,0.40224479124308266,0.40224479124308266,0.0,0.0,0.0,0.0,0.473849,0.0,0.11846225,0.473849,1.0
2024-11-17 07:30:00,test,True,100,0.473849,0.024161248989135027,0.07581190500700474,0,False,1,0.4210792789527311,0.4210792789527311,0.0,0.0333435189501347,0.0333435189501347,0.0333435189501347,0.473849,0.0,0.11846225,0.473849,1.0
2024-11-17 08:30:00,test,True,100,0.473849,0.11292093004435301,0.11793285819269717,0,False,1,0.48245349412406474,0.4264641,0.0,0.029037972470862573,0.029037972470862573,0.029037972470862573,0.4405054810498653,0.0,0.11846225,0.473849,1.0
2024-11-17 09:30:00,test,True,100,0.473849,0.1553864944216311,0.15927412628409265,0,False,1,0.4567090571865441,0.4264641,0.0,0.02376027056099609,0.02376027056099609,0.02376027056099609,0.4114675085790027,0.0,0.11846225,0.473849,1.0
2024-11-17 10:30:00,test,True,100,0.473849,0.1867238953796923,0.19008338582673667,0,False,1,0.43621741980378914,0.4264641,0.0,0.023768739763020866,0.023768739763020866,0.023768739763020866,0.3877072380180066,0.0,0.11846225,0.473849,1.0
2024-11-17 11:30:00,test,True,100,0.473849,0.2100874002378285,0.20777695494014026,0,False,1,0.3964738061851998,0.3964738061851998,0.0,0.02626588395573278,0.02626588395573278,0.02626588395573278,0.36393849825498575,0.0,0.11846225,0.473849,1.0
2024-11-17 12:30:00,test,True,100,0.473849,0.2068326533138454,0.20051079023215174,0,False,1,0.3903623203083077,0.3903623203083077,0.0,0.023650815056151735,0.023650815056151735,0.023650815056151735,0.337672614299253,0.0,0.11846225,0.473849,1.0
2024-11-17 13:30:00,test,True,100,0.473849,0.18193808199077843,0.15872139376479388,0,False,1,0.3948028063818903,0.3948028063818903,0.0,0.02572116239550678,0.02572116239550678,0.02572116239550678,0.31402179924310125,0.0,0.11846225,0.473849,1.0
2024-11-17 14:30:00,test,True,100,0.473849,0.12637060766886174,0.11548379678337276,0,False,1,0.38320454256013764,0.38320454256013764,0.0,0.020856114289890006,0.020856114289890006,0.020856114289890006,0.2883006368475945,0.0,0.11846225,0.473849,1.0
2024-11-17 15:30:00,test,True,100,0.473849,0.07251518235294521,0.06734830987907946,0,False,1,0.39297429785654087,0.39297429785654087,0.0,0.022678307797996906,0.022678307797996906,0.022678307797996906,0.2674445225577045,0.0,0.11846225,0.473849,1.0
2024-11-17 16:30:00,test,True,100,0.473849,0.017009436683177948,0.02294198546291888,0,False,1,0.4430381575602227,0.4264641,0.0,0.02232121802399766,0.02232121802399766,0.02232121802399766,0.2447662147597076,0.0,0.11846225,0.473849,1.0
2024-11-17 17:30:00,test,False,100,0.473849,0.0006161140129384584,0.0013196117476363723,0,False,1,0.47899337129864494,0.4264641,0.0,0.0,0.0,0.0,0.22244499673570994,0.0,0.11846225,0.473849,1.0
2024-11-17 18:30:00,test,False,100,0.473849,0.004247487619608641,0.0,0,False,1,0.5339239582369175,0.4264641,0.0,0.0,0.0,0.0,0.22244499673570994,0.0,0.11846225,0.473849,1.0
2024-11-17 19:30:00,test,False,100,0.473849,0.011775361985504627,0.0,0,False,1,0.5411631829687354,0.4264641,0.0,0.0,0.0,0.0,0.22244499673570994,0.0,0.11846225,0.473849,1.0
2024-11-17 20:30:00,test,False,100,0.473849,0.015681806512907147,0.0,0,False,1,0.5259421840709964,0.4264641,0.0,0.0,0.0,0.0,0.22244499673570994,0.0,0.11846225,0.473849,1.0
2024-11-17 21:30:00,test,False,100,0.473849,0.017998336303189397,0.0,0,False,1,0.49133964715704365,0.4264641,0.0,0.0,0.0,0.0,0.22244499673570994,0.0,0.11846225,0.473849,1.0
2024-11-17 22:30:00,test,False,100,0.473849,0.02169245697116852,0.0,0,False,1,0.4298008450090591,0.4264641,0.0,0.0,0.0,0.0,0.22244499673570994,0.0,0.11846225,0.473849,1.0
2024-11-17 23:30:00,test,False,100,0.473849,0.021911910265490414,0.0,0,False,1,0.4000918539605222,0.4000918539605222,0.0,0.0,0.0,0.0,0.22244499673570994,0.0,0.11846225,0.473849,1.0
2024-11-18 00:30:00,test,False,100,0.473849,0.018879327972829343,0.0,0,False,1,0.3832909021016773,0.3832909021016773,0.0,0.0,0.0,0.0,0.473849,0.0,0.11846225,0.473849,1.0
2024-11-18 01:30:00,test,False,100,0.473849,0.015283260619610549,0.0,0,False,1,0.3925955052427012,0.3925955052427012,0.0,0.0,0.0,0.0,0.473849,0.0,0.11846225,0.473849,1.0
2024-11-18 02:30:00,test,False,100,0.473849,0.012165097906455397,0.0,0,False,1,0.37400274658839555,0.37400274658839555,0.0,0.0,0.0,0.0,0.473849,0.0,0.11846225,0.473849,1.0
2024-11-18 03:30:00,test,False,100,0.473849,0.009933589031592012,0.0,0,False,1,0.3786126176280866,0.3786126176280866,0.0,0.0,0.0,0.0,0.473849,0.0,0.11846225,0.473849,1.0
2024-11-18 04:30:00,test,False,100,0.473849,0.00852358903092146,0.0,0,False,1,0.3675206698414663,0.3675206698414663,0.0,0.0,0.0,0.0,0.473849,0.0,0.11846225,0.473849,1.0
2024-11-18 05:30:00,test,False,100,0.473849,0.010200488402277231,0.0,0,False,1,0.39446221938295584,0.39446221938295584,0.0,0.0,0.0,0.0,0.473849,0.0,0.11846225,0.473849,1.0
2024-11-18 06:30:00,test,False,100,0.473849,0.01490425145111978,0.02384463501060009,0,False,1,0.4125913498141515,0.4125913498141515,0.0,0.0,0.0,0.0,0.473849,0.0,0.11846225,0.473849,1.0
2024-11-18 07:30:00,test,True,100,0.473849,0.02695803248512745,0.08329454592530429,0,False,1,0.45481353132114755,0.4264641,0.001391398836020085,0.022961986259408224,0.02435338509542831,0.02435338509542831,0.473849,0.0,0.11846225,0.473849,1.0
2024-11-18 08:30:00,test,True,100,0.473849,0.12307685654538869,0.14047432398146392,0,False,1,0.46657156300604546,0.4264641,0.0,0.0430812478654577,0.0430812478654577,0.0430812478654577,0.4494956149045717,0.0,0.11846225,0.473849,1.0
2024-11-18 09:30:00,test,True,100,0.473849,0.1798851294171512,0.19472856661859156,0,False,1,0.45070723702704785,0.4264641,0.0,0.039346281576865295,0.039346281576865295,0.039346281576865295,0.406414367039114,0.0,0.11846225,0.473849,1.0
2024-11-18 10:30:00,test,True,100,0.473849,0.2244615656864345,0.20952493989542126,0,False,1,0.4373017095624317,0.4264641,0.0,0.026203377894397577,0.026203377894397577,0.026203377894397577,0.36706808546224867,0.0,0.11846225,0.473849,1.0
2024-11-18 11:30:00,test,True,100,0.473849,0.22799612611418962,0.21588936426857114,0,False,1,0.4006699513741533,0.4006699513741533,0.0,0.028284211385260723,0.028284211385260723,0.028284211385260723,0.3408647075678511,0.0,0.11846225,0.473849,1.0
2024-11-18 12:30:00,test,True,100,0.473849,0.21548454409104587,0.2405827660828531,0,False,1,0.39234248198825084,0.39234248198825084,0.0,0.03128736709733036,0.03128736709733036,0.03128736709733036,0.3125804961825904,0.0,0.11846225,0.473849,1.0
2024-11-18 13:30:00,test,True,100,0.473849,0.22250750314375758,0.1923467808729112,0,False,1,0.38270964317587086,0.38270964317587086,0.0,0.028740134554431966,0.028740134554431966,0.028740134554431966,0.28129312908526,0.0,0.11846225,0.473849,1.0
2024-11-18 14:30:00,test,True,100,0.473849,0.155229769182086,0.16850446080359816,0,False,1,0.3853119164451843,0.3853119164451843,0.0,0.03625584566880304,0.03625584566880304,0.03625584566880304,0.252552994530828,0.0,0.11846225,0.473849,1.0
2024-11-18 15:30:00,test,True,100,0.473849,0.11327512047719955,0.09621078760236501,0,False,1,0.3987372761504165,0.3987372761504165,0.0,0.035967041137755694,0.035967041137755694,0.035967041137755694,0.21629714886202497,0.0,0.11846225,0.473849,1.0
2024-11-18 16:30:00,test,True,100,0.473849,0.03804337938223034,0.030992186380539088,0,False,1,0.4165699719317259,0.4165699719317259,0.0,0.040185476223443845,0.040185476223443845,0.040185476223443845,0.18033010772426927,0.0,0.11846225,0.473849,1.0
2024-11-18 17:30:00,test,False,100,0.473849,0.0001575341772143729,0.0017909353737107303,0,False,1,0.484672360538382,0.4264641,0.0,0.0,0.0,0.0,0.14014463150082543,0.0,0.11846225,0.473849,1.0
2024-11-18 18:30:00,test,False,100,0.473849,0.002838078665405512,0.0,0,False,1,0.5422142568356125,0.4264641,0.0,0.0,0.0,0.0,0.14014463150082543,0.0,0.11846225,0.473849,1.0
2024-11-18 19:30:00,test,False,100,0.473849,0.012717832036584616,0.0,0,False,1,0.5428148020124216,0.4264641,0.0,0.0,0.0,0.0,0.14014463150082543,0.0,0.11846225,0.473849,1.0
2024-11-18 20:30:00,test,False,100,0.473849,0.014896333768382668,0.0,0,False,1,0.5449216096423036,0.4264641,0.0,0.0,0.0,0.0,0.14014463150082543,0.0,0.11846225,0.473849,1.0
2024-11-18 21:30:00,test,False,100,0.473849,0.014427116629824042,0.0,0,False,1,0.4699966660520608,0.4264641,0.0,0.0,0.0,0.0,0.14014463150082543,0.0,0.11846225,0.473849,1.0
2024-11-18 22:30:00,test,False,100,0.473849,0.01795293617169559,0.0,0,False,1,0.4129110391401639,0.4129110391401639,0.0,0.0,0.0,0.0,0.14014463150082543,0.0,0.11846225,0.473849,1.0
2024-11-18 23:30:00,test,False,100,0.473849,0.019365684437319636,0.0,0,False,1,0.39862363197999534,0.39862363197999534,0.0,0.0,0.0,0.0,0.14014463150082543,0.0,0.11846225,0.473849,1.0
2024-11-19 00:30:00,test,False,100,0.473849,0.0159956024158895,0.0,0,False,1,0.3791109841385341,0.3791109841385341,0.0,0.0,0.0,0.0,0.473849,0.0,0.11846225,0.473849,1.0
2024-11-19 01:30:00,test,False,100,0.473849,0.012417638649702072,0.0,0,False,1,0.3788143017044016,0.3788143017044016,0.0,0.0,0.0,0.0,0.473849,0.0,0.11846225,0.473849,1.0
2024-11-19 02:30:00,test,False,100,0.473849,0.00973549566590786,0.0,0,False,1,0.37748902538062423,0.37748902538062423,0.0,0.0,0.0,0.0,0.473849,0.0,0.11846225,0.473849,1.0
2024-11-19 03:30:00,test,False,100,0.473849,0.007871976399928331,0.0,0,False,1,0.37755593752252187,0.37755593752252187,0.0,0.0,0.0,0.0,0.473849,0.0,0.11846225,0.473849,1.0
2024-11-19 04:30:00,test,False,100,0.473849,0.006902699238568544,0.0,0,False,1,0.3765216341713996,0.3765216341713996,0.0,0.0,0.0,0.0,0.473849,0.0,0.11846225,0.473849,1.0
2024-11-19 05:30:00,test,False,100,0.473849,0.009232773178175092,0.0,0,False,1,0.37707662899042504,0.37707662899042504,0.0,0.0,0.0,0.0,0.473849,0.0,0.11846225,0.473849,1.0
2024-11-19 06:30:00,test,False,100,0.473849,0.014867878260672093,0.022133602419329806,0,False,1,0.3947197579417978,0.3947197579417978,0.0,0.0,0.0,0.0,0.473849,0.0,0.11846225,0.473849,1.0
2024-11-19 07:30:00,test,True,100,0.473849,0.02720928138719499,0.08117606477369368,0,False,1,0.421349439537908,0.421349439537908,0.0,0.03815662317667603,0.03815662317667603,0.03815662317667603,0.473849,0.0,0.11846225,0.473849,1.0
2024-11-19 08:30:00,test,True,100,0.473849,0.12157668946810067,0.14243203103876115,0,False,1,0.4740972353094676,0.4264641,0.0,0.04423452951480475,0.04423452951480475,0.04423452951480475,0.435692376823324,0.0,0.11846225,0.473849,1.0
2024-11-19 09:30:00,test,True,100,0.473849,0.18335350267377495,0.20079682928687334,0,False,1,0.46633780973854905,0.4264641,0.0,0.04416465790551334,0.04416465790551334,0.04416465790551334,0.3914578473085193,0.0,0.11846225,0.473849,1.0
2024-11-19 10:30:00,test,True,100,0.473849,0.23326946782803534,0.2101763472005129,0,False,1,0.4438643575302014,0.4264641,0.0,0.02714566830488383,0.02714566830488383,0.02714566830488383,0.34729318940300596,0.0,0.11846225,0.473849,1.0
2024-11-19 11:30:00,test,True,100,0.473849,0.23130106554028393,0.23195363456201554,0,False,1,0.4013559153350812,0.4013559153350812,0.0,0.04009180647432604,0.04009180647432604,0.04009180647432604,0.3201475210981221,0.0,0.11846225,0.473849,1.0
2024-11-19 12:30:00,test,True,100,0.473849,0.2315754698472321,0.22182864689931273,0,False,1,0.381491586197286,0.381491586197286,0.0,0.03354060678375452,0.03354060678375452,0.03354060678375452,0.2800557146237961,0.0,0.11846225,0.473849,1.0
2024-11-19 13:30:00,test,True,100,0.473849,0.2032171664261818,0.21484157783225177,0,False,1,0.37722396902581246,0.37722396902581246,0.0,0.03460337841952736,0.03460337841952736,0.03460337841952736,0.24651510784004155,0.0,0.11846225,0.473849,1.0
2024-11-19 14:30:00,test,True,100,0.473849,0.17518412178692222,0.17080390388578176,0,False,1,0.4009749450806458,0.4009749450806458,0.0,0.02506102604173785,0.02506102604173785,0.02506102604173785,0.21191172942051417,0.0,0.11846225,0.473849,1.0
2024-11-19 15:30:00,test,True,100,0.473849,0.11388612214750052,0.09641688826107979,0,False,1,0.39494616936670884,0.39494616936670884,0.0,0.025401075161489255,0.025401075161489255,0.025401075161489255,0.18685070337877632,0.0,0.11846225,0.473849,1.0
2024-11-19 16:30:00,test,True,100,0.473849,0.040788004353709516,0.036989109143830835,0,False,1,0.4404742338246253,0.4264641,0.0,0.027723327922135357,0.027723327922135357,0.027723327922135357,0.16144962821728706,0.0,0.11846225,0.473849,1.0
2024-11-19 17:30:00,test,False,100,0.473849,1.8074716897681356e-05,0.0,0,False,1,0.4799643748987484,0.4264641,0.0,0.0,0.0,0.0,0.1337263002951517,0.0,0.11846225,0.473849,1.0
2024-11-19 18:30:00,test,False,100,0.473849,0.005473222136080265,0.0,0,False,1,0.5145159911228447,0.4264641,0.0,0.0,0.0,0.0,0.1337263002951517,0.0,0.11846225,0.473849,1.0
2024-11-19 19:30:00,test,False,100,0.473849,0.012374621737092733,0.0,0,False,1,0.5494862056280815,0.4264641,0.0,0.0,0.0,0.0,0.1337263002951517,0.0,0.11846225,0.473849,1.0
2024-11-19 20:30:00,test,False,100,0.473849,0.014413961117267608,0.0,0,False,1,0.5514612691428586,0.4264641,0.0,0.0,0.0,0.0,0.1337263002951517,0.0,0.11846225,0.473849,1.0
2024-11-19 21:30:00,test,False,100,0.473849,0.015233102915868163,0.0,0,False,1,0.4747182749297428,0.4264641,0.0,0.0,0.0,0.0,0.1337263002951517,0.0,0.11846225,0.473849,1.0
2024-11-19 22:30:00,test,False,100,0.473849,0.01943335543291271,0.0,0,False,1,0.4355160414818529,0.4264641,0.0,0.0,0.0,0.0,0.1337263002951517,0.0,0.11846225,0.473849,1.0
2024-11-19 23:30:00,test,False,100,0.473849,0.021275001976594328,0.0,0,False,1,0.4023481292754932,0.4023481292754932,0.0,0.0,0.0,0.0,0.1337263002951517,0.0,0.11846225,0.473849,1.0
2024-11-20 00:30:00,test,False,100,0.473849,0.018622503603354098,0.0,0,False,1,0.38814189653017506,0.38814189653017506,0.0,0.0,0.0,0.0,0.473849,0.0,0.11846225,0.473849,1.0
2024-11-20 01:30:00,test,False,100,0.473849,0.015605106968060136,0.0,0,False,1,0.3744277883789617,0.3744277883789617,0.0,0.0,0.0,0.0,0.473849,0.0,0.11846225,0.473849,1.0
2024-11-20 02:30:00,test,False,100,0.473849,0.01290701392428577,0.0,0,False,1,0.3700886025712949,0.3700886025712949,0.0,0.0,0.0,0.0,0.473849,0.0,0.11846225,0.473849,1.0
2024-11-20 03:30:00,test,False,100,0.473849,0.011032308688357473,0.0,0,False,1,0.38525392540868514,0.38525392540868514,0.0,0.0,0.0,0.0,0.473849,0.0,0.11846225,0.473849,1.0
2024-11-20 04:30:00,test,False,100,0.473849,0.010450309046700596,0.0,0,False,1,0.37367801180272514,0.37367801180272514,0.0,0.0,0.0,0.0,0.473849,0.0,0.11846225,0.473849,1.0
2024-11-20 05:30:00,test,False,100,0.473849,0.012492169671013952,0.0,0,False,1,0.3869850230221186,0.3869850230221186,0.0,0.0,0.0,0.0,0.473849,0.0,0.11846225,0.473849,1.0
2024-11-20 06:30:00,test,False,100,0.473849,0.01804932504068315,0.025124287024918944,0,False,1,0.3907681323850666,0.3907681323850666,0.0,0.0,0.0,0.0,0.473849,0.0,0.11846225,0.473849,1.0
2024-11-20 07:30:00,test,True,100,0.473849,0.030341220423653722,0.08656842366740107,0,False,1,0.43239215392735036,0.4264641,0.0,0.019973776619674227,0.019973776619674227,0.019973776619674227,0.473849,0.0,0.11846225,0.473849,1.0
2024-11-20 08:30:00,test,True,100,0.473849,0.1324161954192072,0.1519226569969356,0,False,1,0.4768565617370011,0.4264641,0.0,0.038448990109003524,0.038448990109003524,0.038448990109003524,0.4538752233803258,0.0,0.11846225,0.473849,1.0
2024-11-20 09:30:00,test,True,100,0.473849,0.19495191665536166,0.22581117073965074,0,False,1,0.46280834287619954,0.4264641,0.0,0.03248906843342883,0.03248906843342883,0.03248906843342883,0.4154262332713223,0.0,0.11846225,0.473849,1.0
2024-11-20 10:30:00,test,True,100,0.473849,0.26231471620070934,0.2537020358156562,0,False,1,0.4466274168893184,0.4264641,0.0,0.0315018154953309,0.0315018154953309,0.0315018154953309,0.3829371648378934,0.0,0.11846225,0.473849,1.0
2024-11-20 11:30:00,test,True,100,0.473849,0.2740141603922844,0.23120325193732977,0,False,1,0.41396473678683543,0.41396473678683543,0.0,0.03319580535588112,0.03319580535588112,0.03319580535588112,0.35143534934256254,0.0,0.11846225,0.473849,1.0
2024-11-20 12:30:00,test,True,100,0.473849,0.22687283281046153,0.18345128549525141,0,False,1,0.3828568866356185,0.3828568866356185,0.0,0.04830291083236017,0.04830291083236017,0.04830291083236017,0.3182395439866814,0.0,0.11846225,0.473849,1.0
2024-11-20 13:30:00,test,True,100,0.473849,0.16860390659341215,0.15171773523902893,0,False,1,0.3880793160500598,0.3880793160500598,0.0,0.06491165902102491,0.06491165902102491,0.06491165902102491,0.26993663315432126,0.0,0.11846225,0.473849,1.0
2024-11-20 14:30:00,test,True,100,0.473849,0.1271707667003572,0.1336914860433042,0,False,1,0.38827133210754566,0.38827133210754566,0.0,0.061099593017980264,0.061099593017980264,0.061099593017980264,0.20502497413329634,0.0,0.11846225,0.473849,1.0
2024-11-20 15:30:00,test,True,100,0.473849,0.09014749489966035,0.07629775977666677,0,False,1,0.40269371470098936,0.40269371470098936,0.0,0.05978528901891206,0.05978528901891206,0.05978528901891206,0.14392538111531608,0.0,0.11846225,0.473849,1.0
2024-11-20 16:30:00,test,True,100,0.473849,0.03261762499906123,0.02488138727068156,0,False,1,0.4342180491382151,0.4264641,0.0,0.05232081733323949,0.05232081733323949,0.05232081733323949,0.08414009209640402,0.0,0.11846225,0.473849,1.0
2024-11-20 17:30:00,test,False,100,0.473849,9.365205144742505e-05,0.001794831917707983,0,False,1,0.4755855658567546,0.4264641,0.0,0.0,0.0,0.0,0.03181927476316453,0.0,0.11846225,0.473849,1.0
2024-11-20 18:30:00,test,False,100,0.473849,0.0010073769904971122,0.0,0,False,1,0.508515492608027,0.4264641,0.0,0.0,0.0,0.0,0.03181927476316453,0.0,0.11846225,0.473849,1.0
2024-11-20 19:30:00,test,False,100,0.473849,0.013275622111305594,0.0,0,False,1,0.5538296901843409,0.4264641,0.0,0.0,0.0,0.0,0.03181927476316453,0.0,0.11846225,0.473849,1.0
2024-11-20 20:30:00,test,False,100,0.473849,0.018664095446631314,0.0,0,False,1,0.5223937221265805,0.4264641,0.0,0.0,0.0,0.0,0.03181927476316453,0.0,0.11846225,0.473849,1.0
2024-11-20 21:30:00,test,False,100,0.473849,0.021146784807264805,0.0,0,False,1,0.4615185437261469,0.4264641,0.0,0.0,0.0,0.0,0.03181927476316453,0.0,0.11846225,0.473849,1.0
2024-11-20 22:30:00,test,False,100,0.473849,0.02524404081185162,0.0,0,False,1,0.4276935111628897,0.4264641,0.0,0.0,0.0,0.0,0.03181927476316453,0.0,0.11846225,0.473849,1.0
2024-11-20 23:30:00,test,False,100,0.473849,0.025009425472423435,0.0,0,False,1,0.40092173413229765,0.40092173413229765,0.0,0.0,0.0,0.0,0.03181927476316453,0.0,0.11846225,0.473849,1.0
2024-11-21 00:30:00,test,False,100,0.473849,0.022456548480451106,0.0,0,False,1,0.3717496367223953,0.3717496367223953,0.0,0.0,0.0,0.0,0.473849,0.0,0.11846225,0.473849,1.0
2024-11-21 01:30:00,test,False,100,0.473849,0.019179649728387593,0.0,0,False,1,0.3850634537306802,0.3850634537306802,0.0,0.0,0.0,0.0,0.473849,0.0,0.11846225,0.473849,1.0
2024-11-21 02:30:00,test,False,100,0.473849,0.016497495631173253,0.0,0,False,1,0.38233051426061654,0.38233051426061654,0.0,0.0,0.0,0.0,0.473849,0.0,0.11846225,0.473849,1.0
2024-11-21 03:30:00,test,False,100,0.473849,0.014423493621230125,0.0,0,False,1,0.37939409262106866,0.37939409262106866,0.0,0.0,0.0,0.0,0.473849,0.0,0.11846225,0.473849,1.0
2024-11-21 04:30:00,test,False,100,0.473849,0.013542221499204636,0.0,0,False,1,0.3764598520578621,0.3764598520578621,0.0,0.0,0.0,0.0,0.473849,0.0,0.11846225,0.473849,1.0
2024-11-21 05:30:00,test,False,100,0.473849,0.015767530087858438,0.0,0,False,1,0.38422834474926804,0.38422834474926804,0.0,0.0,0.0,0.0,0.473849,0.0,0.11846225,0.473849,1.0
2024-11-21 06:30:00,test,False,100,0.473849,0.021874788140192628,0.019624838862489908,0,False,1,0.38707471156769285,0.38707471156769285,0.0,0.0,0.0,0.0,0.473849,0.0,0.11846225,0.473849,1.0
2024-11-21 07:30:00,test,True,100,0.473849,0.033051765971913935,0.0671049663809389,0,False,1,0.4317010212804832,0.4264641,0.0,0.052343633094902656,0.052343633094902656,0.052343633094902656,0.473849,0.0,0.11846225,0.473849,1.0
2024-11-21 08:30:00,test,True,100,0.473849,0.11712043500967323,0.12485833589868248,0,False,1,0.46845689478138036,0.4264641,0.0,0.0493978978692712,0.0493978978692712,0.0493978978692712,0.4215053669050974,0.0,0.11846225,0.473849,1.0
2024-11-21 09:30:00,test,True,100,0.473849,0.16706028280508517,0.19817984326961635,0,False,1,0.4613575982855936,0.4264641,0.0,0.029418498160844207,0.029418498160844207,0.029418498160844207,0.3721074690358262,0.0,0.11846225,0.473849,1.0
2024-11-21 10:30:00,test,True,100,0.473849,0.23295049989280103,0.22946420649528504,0,False,1,0.43320545595142695,0.4264641,0.0,0.022628637223000472,0.022628637223000472,0.022628637223000472,0.342688970874982,0.0,0.11846225,0.473849,1.0
2024-11-21 11:30:00,test,True,100,0.473849,0.2522534667032659,0.23371667111483216,0,False,1,0.3833709470316785,0.3833709470316785,0.0,0.02549736298510593,0.02549736298510593,0.02549736298510593,0.32006033365198155,0.0,0.11846225,0.473849,1.0
2024-11-21 12:30:00,test,True,100,0.473849,0.2292779711907804,0.23633530539295078,0,False,1,0.39649790464287693,0.39649790464287693,0.0,0.02803409731996651,0.02803409731996651,0.02803409731996651,0.29456297066687565,0.0,0.11846225,0.473849,1.0
2024-11-21 13:30:00,test,True,100,0.473849,0.2140823628257811,0.23532266446524858,0,False,1,0.3704616594949298,0.3704616594949298,0.0,0.02351716676891833,0.02351716676891833,0.02351716676891833,0.2665288733469091,0.0,0.11846225,0.473849,1.0
2024-11-21 14:30:00,test,True,100,0.473849,0.19103020703575016,0.16905461368480323,0,False,1,0.3901735319904989,0.3901735319904989,0.0,0.021396962989120333,0.021396962989120333,0.021396962989120333,0.2430117065779908,0.0,0.11846225,0.473849,1.0
2024-11-21 15:30:00,test,True,100,0.473849,0.1124523084308207,0.1039838560475856,0,False,1,0.4133134077886607,0.4133134077886607,0.0,0.032465671599928414,0.032465671599928414,0.032465671599928414,0.22161474358887046,0.0,0.11846225,0.473849,1.0
2024-11-21 16:30:00,test,True,100,0.473849,0.045428012834221126,0.03531244197322056,0,False,1,0.4289207733267742,0.4264641,0.0,0.030693189263559094,0.030693189263559094,0.030693189263559094,0.18914907198894204,0.0,0.11846225,0.473849,1.0
2024-11-21 17:30:00,test,False,100,0.473849,6.238182715512812e-05,0.0016895771923377179,0,False,1,0.47198014911586283,0.4264641,0.0,0.0,0.0,0.0,0.15845588272538294,0.0,0.11846225,0.473849,1.0
2024-11-21 18:30:00,test,False,100,0.473849,0.00593107700805366,0.0,0,False,1,0.519127492383666,0.4264641,0.0,0.0,0.0,0.0,0.15845588272538294,0.0,0.11846225,0.473849,1.0
2024-11-21 19:30:00,test,False,100,0.473849,0.013085876598075032,0.0,0,False,1,0.565067536539304,0.4264641,0.0,0.0,0.0,0.0,0.15845588272538294,0.0,0.11846225,0.473849,1.0
2024-11-21 20:30:00,test,False,100,0.473849,0.013928037374019623,0.0,0,False,1,0.5439558023985811,0.4264641,0.0,0.0,0.0,0.0,0.15845588272538294,0.0,0.11846225,0.473849,1.0
2024-11-21 21:30:00,test,False,100,0.473849,0.015098181558176875,0.0,0,False,1,0.4956446495191997,0.4264641,0.0,0.0,0.0,0.0,0.15845588272538294,0.0,0.11846225,0.473849,1.0
2024-11-21 22:30:00,test,False,100,0.473849,0.018012507773846387,0.0,0,False,1,0.4289701880246998,0.4264641,0.0,0.0,0.0,0.0,0.15845588272538294,0.0,0.11846225,0.473849,1.0
2024-11-21 23:30:00,test,False,100,0.473849,0.022139681410476564,0.0,0,False,1,0.3990290986580009,0.3990290986580009,0.0,0.0,0.0,0.0,0.15845588272538294,0.0,0.11846225,0.473849,1.0
2024-11-22 00:30:00,test,False,100,0.473849,0.020239558871388435,0.0,0,False,1,0.37389728153002844,0.37389728153002844,0.0,0.0,0.0,0.0,0.473849,0.0,0.11846225,0.473849,1.0
2024-11-22 01:30:00,test,False,100,0.473849,0.017263583091959356,0.0,0,False,1,0.3980822091563161,0.3980822091563161,0.0,0.0,0.0,0.0,0.473849,0.0,0.11846225,0.473849,1.0
2024-11-22 02:30:00,test,False,100,0.473849,0.014849082403808831,0.0,0,False,1,0.37972806903685236,0.37972806903685236,0.0,0.0,0.0,0.0,0.473849,0.0,0.11846225,0.473849,1.0
2024-11-22 03:30:00,test,False,100,0.473849,0.013391185928821563,0.0,0,False,1,0.3719108551817418,0.3719108551817418,0.0,0.0,0.0,0.0,0.473849,0.0,0.11846225,0.473849,1.0
2024-11-22 04:30:00,test,False,100,0.473849,0.01370483622983098,0.0,0,False,1,0.38866906809768664,0.38866906809768664,0.0,0.0,0.0,0.0,0.473849,0.0,0.11846225,0.473849,1.0
2024-11-22 05:30:00,test,False,100,0.473849,0.017655943981841206,0.0,0,False,1,0.37809868211734077,0.37809868211734077,0.0,0.0,0.0,0.0,0.473849,0.0,0.11846225,0.473849,1.0
2024-11-22 06:30:00,test,False,100,0.473849,0.024118806926101445,0.0269448286412172,0,False,1,0.40596640371086645,0.40596640371086645,0.0,0.0,0.0,0.0,0.473849,0.0,0.11846225,0.473849,1.0
2024-11-22 07:30:00,test,True,100,0.473849,0.03519557202845812,0.10347707654714584,0,False,1,0.441240730198377,0.4264641,0.0,0.03209509750674833,0.03209509750674833,0.03209509750674833,0.473849,0.0,0.11846225,0.473849,1.0
2024-11-22 08:30:00,test,True,100,0.473849,0.1605099704322815,0.18367870700240135,0,False,1,0.4699718659352199,0.4264641,0.0,0.0442020981713472,0.0442020981713472,0.0442020981713472,0.4417539024932517,0.0,0.11846225,0.473849,1.0
2024-11-22 09:30:00,test,True,100,0.473849,0.23256187539207934,0.24788349537098409,0,False,1,0.4813039487921177,0.4264641,0.0,0.04223404777213154,0.04223404777213154,0.04223404777213154,0.3975518043219045,0.0,0.11846225,0.473849,1.0
2024-11-22 10:30:00,test,True,100,0.473849,0.28667949325090647,0.27323662129074333,0,False,1,0.4325163169772674,0.4264641,0.0,0.042820436982824686,0.042820436982824686,0.042820436982824686,0.355317756549773,0.0,0.11846225,0.473849,1.0
2024-11-22 11:30:00,test,True,100,0.473849,0.28785184366613625,0.30270260494822265,0,False,1,0.40211436849172366,0.40211436849172366,0.0,0.03881088889540877,0.03881088889540877,0.03881088889540877,0.3124973195669483,0.0,0.11846225,0.473849,1.0
2024-11-22 12:30:00,test,True,100,0.473849,0.2991017514259815,0.28468307357746364,0,False,1,0.40113846356764393,0.40113846356764393,0.0,0.032086913900696276,0.032086913900696276,0.032086913900696276,0.2736864306715395,0.0,0.11846225,0.473849,1.0
2024-11-22 13:30:00,test,True,100,0.473849,0.25792041821876166,0.25269505356138944,0,False,1,0.3767765323036623,0.3767765323036623,0.0,0.03414388488907277,0.03414388488907277,0.03414388488907277,0.24159951677084324,0.0,0.11846225,0.473849,1.0
2024-11-22 14:30:00,test,True,100,0.473849,0.20423236669036746,0.19210556137287615,0,False,1,0.38171535647965166,0.38171535647965166,0.0,0.023547984839549545,0.023547984839549545,0.023547984839549545,0.20745563188177046,0.0,0.11846225,0.473849,1.0
2024-11-22 15:30:00,test,True,100,0.473849,0.13140653542616962,0.11369284139676392,0,False,1,0.3868418642983417,0.3868418642983417,0.0,0.02554145532868273,0.02554145532868273,0.02554145532868273,0.18390764704222093,0.0,0.11846225,0.473849,1.0
2024-11-22 16:30:00,test,True,100,0.473849,0.05350392711623758,0.03647113210433349,0,False,1,0.4271068850177555,0.4264641,0.0,0.0276419594856682,0.0276419594856682,0.0276419594856682,0.1583661917135382,0.0,0.11846225,0.473849,1.0
2024-11-22 17:30:00,test,False,100,0.473849,0.0034329482500357555,0.0018610043319282122,0,False,1,0.4943804588955489,0.4264641,0.0,0.0,0.0,0.0,0.13072423222787,0.0,0.11846225,0.473849,1.0
2024-11-22 18:30:00,test,False,100,0.473849,0.006802731532126665,0.0,0,False,1,0.5212502310983381,0.4264641,0.0,0.0,0.0,0.0,0.13072423222787,0.0,0.11846225,0.473849,1.0
2024-11-22 19:30:00,test,False,100,0.473849,0.016813455823794007,0.0,0,False,1,0.5518092112063112,0.4264641,0.0,0.0,0.0,0.0,0.13072423222787,0.0,0.11846225,0.473849,1.0
2024-11-22 20:30:00,test,False,100,0.473849,0.016882664361461998,0.0,0,False,1,0.5466235056324111,0.4264641,0.0,0.0,0.0,0.0,0.13072423222787,0.0,0.11846225,0.473849,1.0
2024-11-22 21:30:00,test,False,100,0.473849,0.01737124747377634,0.0,0,False,1,0.4795973155638541,0.4264641,0.0,0.0,0.0,0.0,0.13072423222787,0.0,0.11846225,0.473849,1.0
2024-11-22 22:30:00,test,False,100,0.473849,0.023091544362396,0.0,0,False,1,0.41711335968338176,0.41711335968338176,0.0,0.0,0.0,0.0,0.13072423222787,0.0,0.11846225,0.473849,1.0
2024-11-22 23:30:00,test,False,100,0.473849,0.024751312330961228,0.0,0,False,1,0.3987559779547484,0.3987559779547484,0.0,0.0,0.0,0.0,0.13072423222787,0.0,0.11846225,0.473849,1.0
2024-11-23 00:30:00,test,False,100,0.473849,0.021986156704589723,0.0,0,False,1,0.37684801970314385,0.37684801970314385,0.0,0.0,0.0,0.0,0.473849,0.0,0.11846225,0.473849,1.0
2024-11-23 01:30:00,test,False,100,0.473849,0.01886415789337456,0.0,0,False,1,0.39346451369628505,0.39346451369628505,0.0,0.0,0.0,0.0,0.473849,0.0,0.11846225,0.473849,1.0
2024-11-23 02:30:00,test,False,100,0.473849,0.016493251812323927,0.0,0,False,1,0.38120215319642353,0.38120215319642353,0.0,0.0,0.0,0.0,0.473849,0.0,0.11846225,0.473849,1.0
2024-11-23 03:30:00,test,False,100,0.473849,0.014664430498063563,0.0,0,False,1,0.3959309792969591,0.3959309792969591,0.0,0.0,0.0,0.0,0.473849,0.0,0.11846225,0.473849,1.0
2024-11-23 04:30:00,test,False,100,0.473849,0.014363531130194665,0.0,0,False,1,0.3729582228603947,0.3729582228603947,0.0,0.0,0.0,0.0,0.473849,0.0,0.11846225,0.473849,1.0
2024-11-23 05:30:00,test,False,100,0.473849,0.01676171664379537,0.0,0,False,1,0.38542450412738105,0.38542450412738105,0.0,0.0,0.0,0.0,0.473849,0.0,0.11846225,0.473849,1.0
2024-11-23 06:30:00,test,False,100,0.473849,0.023166913006544113,0.022607522242873906,0,False,1,0.3941795421638425,0.3941795421638425,0.0,0.0,0.0,0.0,0.473849,0.0,0.11846225,0.473849,1.0
2024-11-23 07:30:00,test,True,100,0.473849,0.03480326156292856,0.0846012753457278,0,False,1,0.4356585194023673,0.4264641,0.0,0.028914113296493578,0.028914113296493578,0.028914113296493578,0.473849,0.0,0.11846225,0.473849,1.0
2024-11-23 08:30:00,test,True,100,0.473849,0.13985813764341176,0.15339485068136455,0,False,1,0.47356263899310835,0.4264641,0.0,0.045801322656975896,0.045801322656975896,0.045801322656975896,0.44493488670350645,0.0,0.11846225,0.473849,1.0
2024-11-23 09:30:00,test,True,100,0.473849,0.19648773480305076,0.21426785613924265,0,False,1,0.48486956664279357,0.4264641,0.0,0.04114770152281984,0.04114770152281984,0.04114770152281984,0.39913356404653055,0.0,0.11846225,0.473849,1.0
2024-11-23 10:30:00,test,True,100,0.473849,0.24783684995400906,0.24826490015062688,0,False,1,0.44671491249760337,0.4264641,0.0,0.038027341108334445,0.038027341108334445,0.038027341108334445,0.35798586252371073,0.0,0.11846225,0.473849,1.0
2024-11-23 11:30:00,test,True,100,0.473849,0.26906502548760175,0.2610973102605939,0,False,1,0.4157841566869727,0.4157841566869727,0.0,0.033931334320880524,0.033931334320880524,0.033931334320880524,0.3199585214153763,0.0,0.11846225,0.473849,1.0
2024-11-23 12:30:00,test,True,100,0.473849,0.2570511955426335,0.23031899906888603,0,False,1,0.3709952664768053,0.3709952664768053,0.0,0.029501729100494728,0.029501729100494728,0.029501729100494728,0.28602718709449576,0.0,0.11846225,0.473849,1.0
2024-11-23 13:30:00,test,True,100,0.473849,0.20936406406000257,0.18154838792222738,0,False,1,0.37726064334259757,0.37726064334259757,0.0,0.03503351881783562,0.03503351881783562,0.03503351881783562,0.25652545799400106,0.0,0.11846225,0.473849,1.0
2024-11-23 14:30:00,test,True,100,0.473849,0.1499062143780589,0.13344882535138727,0,False,1,0.39717518164405524,0.39717518164405524,0.0,0.037138157208434705,0.037138157208434705,0.037138157208434705,0.22149193917616544,0.0,0.11846225,0.473849,1.0
2024-11-23 15:30:00,test,True,100,0.473849,0.09274283115164936,0.08236171195396781,0,False,1,0.3990579490930068,0.3990579490930068,0.0,0.038840173565076574,0.038840173565076574,0.038840173565076574,0.18435378196773072,0.0,0.11846225,0.473849,1.0
2024-11-23 16:30:00,test,True,100,0.473849,0.035908667217470706,0.03152168479485437,0,False,1,0.426526769078791,0.4264641,0.0,0.03302812661875072,0.03302812661875072,0.03302812661875072,0.14551360840265415,0.0,0.11846225,0.473849,1.0
2024-11-23 17:30:00,test,False,100,0.473849,0.002955713651163969,0.0013221754022323148,0,False,1,0.4817939235426642,0.4264641,0.0,0.0,0.0,0.0,0.11248548178390343,0.0,0.11846225,0.473849,1.0
2024-11-23 18:30:00,test,False,100,0.473849,0.004290414723694324,0.0,0,False,1,0.5304726363092126,0.4264641,0.0,0.0,0.0,0.0,0.11248548178390343,0.0,0.11846225,0.473849,1.0
2024-11-23 19:30:00,test,False,100,0.473849,0.012475145047754049,0.0,0,False,1,0.557843397351042,0.4264641,0.0,0.0,0.0,0.0,0.11248548178390343,0.0,0.11846225,0.473849,1.0
2024-11-23 20:30:00,test,False,100,0.473849,0.01981333299770951,0.0,0,False,1,0.5301803622183053,0.4264641,0.0,0.0,0.0,0.0,0.11248548178390343,0.0,0.11846225,0.473849,1.0
2024-11-23 21:30:00,test,False,100,0.473849,0.022492991901442407,0.0,0,False,1,0.47265871918110025,0.4264641,0.0,0.0,0.0,0.0,0.11248548178390343,0.0,0.11846225,0.473849,1.0
2024-11-23 22:30:00,test,False,100,0.473849,0.025874362201079727,0.0,0,False,1,0.4269189404751281,0.4264641,0.0,0.0,0.0,0.0,0.11248548178390343,0.0,0.11846225,0.473849,1.0
2024-11-23 23:30:00,test,False,100,0.473849,0.02638294564203918,0.0,0,False,1,0.38868415474494905,0.38868415474494905,0.0,0.0,0.0,0.0,0.11248548178390343,0.0,0.11846225,0.473849,1.0
2024-11-24 00:30:00,test,False,100,0.473849,0.02347971922571957,0.0,0,False,1,0.3893813994616118,0.3893813994616118,0.0,0.0,0.0,0.0,0.473849,0.0,0.11846225,0.473849,1.0
2024-11-24 01:30:00,test,False,100,0.473849,0.020102274749144913,0.0,0,False,1,0.38829955274772393,0.38829955274772393,0.0,0.0,0.0,0.0,0.473849,0.0,0.11846225,0.473849,1.0
2024-11-24 02:30:00,test,False,100,0.473849,0.017059371568858624,0.0,0,False,1,0.38115943956541337,0.38115943956541337,0.0,0.0,0.0,0.0,0.473849,0.0,0.11846225,0.473849,1.0
2024-11-24 03:30:00,test,False,100,0.473849,0.01449243959595263,0.0,0,False,1,0.36929892014377974,0.36929892014377974,0.0,0.0,0.0,0.0,0.473849,0.0,0.11846225,0.473849,1.0
2024-11-24 04:30:00,test,False,100,0.473849,0.013715049683898688,0.0,0,False,1,0.36624419831719673,0.36624419831719673,0.0,0.0,0.0,0.0,0.473849,0.0,0.11846225,0.473849,1.0
2024-11-24 05:30:00,test,False,100,0.473849,0.015023916133463383,0.0,0,False,1,0.38992378506673825,0.38992378506673825,0.0,0.0,0.0,0.0,0.473849,0.0,0.11846225,0.473849,1.0
2024-11-24 06:30:00,test,False,100,0.473849,0.020587919437766077,0.024249300907477737,0,False,1,0.4070995810559187,0.4070995810559187,0.0,0.0,0.0,0.0,0.473849,0.0,0.11846225,0.473849,1.0
2024-11-24 07:30:00,test,True,100,0.473849,0.03272587325206399,0.09286493605710566,0,False,1,0.4418585148635148,0.4264641,0.0,0.031825122444233564,0.031825122444233564,0.031825122444233564,0.473849,0.0,0.11846225,0.473849,1.0
2024-11-24 08:30:00,test,True,100,0.473849,0.14069305189491807,0.16930444013082982,0,False,1,0.4549729999537361,0.4264641,0.0,0.05829458723995927,0.05829458723995927,0.05829458723995927,0.44202387755576644,0.0,0.11846225,0.473849,1.0
2024-11-24 09:30:00,test,True,100,0.473849,0.21568699837872385,0.2073210388252735,0,False,1,0.4699332944848333,0.4264641,0.0,0.04940225297628328,0.04940225297628328,0.04940225297628328,0.38372929031580716,0.0,0.11846225,0.473849,1.0
2024-11-24 10:30:00,test,True,100,0.473849,0.24001150825423,0.22988703178316355,0,False,1,0.41819222325650546,0.41819222325650546,0.0,0.041154627971038804,0.041154627971038804,0.041154627971038804,0.3343270373395239,0.0,0.11846225,0.473849,1.0
2024-11-24 11:30:00,test,True,100,0.473849,0.24928004351976513,0.2507866175210774,0,False,1,0.4058882870468459,0.4058882870468459,0.0,0.03854616705174026,0.03854616705174026,0.03854616705174026,0.2931724093684851,0.0,0.11846225,0.473849,1.0
2024-11-24 12:30:00,test,True,100,0.473849,0.2518533100397587,0.2544607905212641,0,False,1,0.3946825620547432,0.3946825620547432,0.0,0.034547021873892074,0.034547021873892074,0.034547021873892074,0.25462624231674486,0.0,0.11846225,0.473849,1.0
2024-11-24 13:30:00,test,True,100,0.473849,0.23611697146835922,0.20376787712281944,0,False,1,0.37015144841509384,0.37015144841509384,0.0,0.03231871930327499,0.03231871930327499,0.03231871930327499,0.22007922044285277,0.0,0.11846225,0.473849,1.0
2024-11-24 14:30:00,test,True,100,0.473849,0.16558276113307477,0.1490511342767775,0,False,1,0.37153815444599925,0.37153815444599925,0.0,0.035849829615857504,0.035849829615857504,0.035849829615857504,0.1877605011395778,0.0,0.11846225,0.473849,1.0
2024-11-24 15:30:00,test,True,100,0.473849,0.10237299203559756,0.08983241470906138,0,False,1,0.39454216611567067,0.39454216611567067,0.0,0.03179155116378632,0.03179155116378632,0.03179155116378632,0.1519106715237203,0.0,0.11846225,0.473849,1.0
2024-11-24 16:30:00,test,True,100,0.473849,0.0383625829282999,0.033593646485455333,0,False,1,0.4403278482711386,0.4264641,0.0,0.032440763252581724,0.032440763252581724,0.032440763252581724,0.12011912035993397,0.0,0.11846225,0.473849,1.0
2024-11-24 17:30:00,test,False,100,0.473849,0.0018536077334694563,0.0016921719532510906,0,False,1,0.4970011542982179,0.4264641,0.0,0.0,0.0,0.0,0.08767835710735225,0.0,0.11846225,0.473849,1.0
2024-11-24 18:30:00,test,False,100,0.473849,0.006412371148616075,0.0,0,False,1,0.5256166786757178,0.4264641,0.0,0.0,0.0,0.0,0.08767835710735225,0.0,0.11846225,0.473849,1.0
2024-11-24 19:30:00,test,False,100,0.473849,0.013531859601587056,0.0,0,False,1,0.5414648359749498,0.4264641,0.0,0.0,0.0,0.0,0.08767835710735225,0.0,0.11846225,0.473849,1.0
2024-11-24 20:30:00,test,False,100,0.473849,0.019238654000416397,0.0,0,False,1,0.5254108997556917,0.4264641,0.0,0.0,0.0,0.0,0.08767835710735225,0.0,0.11846225,0.473849,1.0
2024-11-24 21:30:00,test,False,100,0.473849,0.02095119185936451,0.0,0,False,1,0.4917638347822632,0.4264641,0.0,0.0,0.0,0.0,0.08767835710735225,0.0,0.11846225,0.473849,1.0
2024-11-24 22:30:00,test,False,100,0.473849,0.023299205009520055,0.0,0,False,1,0.4168559952876461,0.4168559952876461,0.0,0.0,0.0,0.0,0.08767835710735225,0.0,0.11846225,0.473849,1.0
2024-11-24 23:30:00,test,False,100,0.473849,0.024919554542556406,0.0,0,False,1,0.39826681816401294,0.39826681816401294,0.0,0.0,0.0,0.0,0.08767835710735225,0.0,0.11846225,0.473849,1.0
2024-11-25 00:30:00,test,False,100,0.473849,0.0223581351454705,0.0,0,False,1,0.3971452873420933,0.3971452873420933,0.0,0.0,0.0,0.0,0.473849,0.0,0.11846225,0.473849,1.0
2024-11-25 01:30:00,test,False,100,0.473849,0.018986869989275932,0.0,0,False,1,0.3867923315854897,0.3867923315854897,0.0,0.0,0.0,0.0,0.473849,0.0,0.11846225,0.473849,1.0
2024-11-25 02:30:00,test,False,100,0.473849,0.01594700070871413,0.0,0,False,1,0.3759623628620077,0.3759623628620077,0.0,0.0,0.0,0.0,0.473849,0.0,0.11846225,0.473849,1.0
2024-11-25 03:30:00,test,False,100,0.473849,0.013854608128249644,0.0,0,False,1,0.36646178860232403,0.36646178860232403,0.0,0.0,0.0,0.0,0.473849,0.0,0.11846225,0.473849,1.0
2024-11-25 04:30:00,test,False,100,0.473849,0.0133731666995883,0.0,0,False,1,0.3707758511131139,0.3707758511131139,0.0,0.0,0.0,0.0,0.473849,0.0,0.11846225,0.473849,1.0
2024-11-25 05:30:00,test,False,100,0.473849,0.015625556347966193,0.0,0,False,1,0.3878958697871401,0.3878958697871401,0.0,0.0,0.0,0.0,0.473849,0.0,0.11846225,0.473849,1.0
2024-11-25 06:30:00,test,False,100,0.473849,0.02081162924578786,0.0214627324546203,0,False,1,0.4107206718210496,0.4107206718210496,0.0,0.0,0.0,0.0,0.473849,0.0,0.11846225,0.473849,1.0
2024-11-25 07:30:00,test,True,100,0.473849,0.03235504838310182,0.0703535659981966,0,False,1,0.43141385624201384,0.4264641,0.0,0.03200062790795388,0.03200062790795388,0.03200062790795388,0.473849,0.0,0.11846225,0.473849,1.0
2024-11-25 08:30:00,test,True,100,0.473849,0.11885421395803988,0.12960316998577118,0,False,1,0.467590769248115,0.4264641,0.0,0.043474821352198156,0.043474821352198156,0.043474821352198156,0.44184837209204614,0.0,0.11846225,0.473849,1.0
2024-11-25 09:30:00,test,True,100,0.473849,0.17243472561109066,0.19253375087568164,0,False,1,0.4529298180954582,0.4264641,0.0,0.04325459511744735,0.04325459511744735,0.04325459511744735,0.398373550739848,0.0,0.11846225,0.473849,1.0
2024-11-25 10:30:00,test,True,100,0.473849,0.22793277778413892,0.2097602925249338,0,False,1,0.44812473368162287,0.4264641,0.0,0.02876618004389245,0.02876618004389245,0.02876618004389245,0.35511895562240064,0.0,0.11846225,0.473849,1.0
2024-11-25 11:30:00,test,True,100,0.473849,0.2351552640632689,0.2550234973857999,0,False,1,0.395786121165024,0.395786121165024,0.0,0.029626161078257437,0.029626161078257437,0.029626161078257437,0.32635277557850817,0.0,0.11846225,0.473849,1.0
2024-11-25 12:30:00,test,True,100,0.473849,0.2544396183766425,0.2536056331806779,0,False,1,0.40013176253184335,0.40013176253184335,0.0,0.021853378098780386,0.021853378098780386,0.021853378098780386,0.29672661450025073,0.0,0.11846225,0.473849,1.0
2024-11-25 13:30:00,test,True,100,0.473849,0.2308654004215598,0.2261313860770762,0,False,1,0.3751249384887792,0.3751249384887792,0.0,0.020270115877370716,0.020270115877370716,0.020270115877370716,0.2748732364014703,0.0,0.11846225,0.473849,1.0
2024-11-25 14:30:00,test,True,100,0.473849,0.18339393497800827,0.1624332676179707,0,False,1,0.387029235312167,0.387029235312167,0.0,0.020409557479467846,0.020409557479467846,0.020409557479467846,0.2546031205240996,0.0,0.11846225,0.473849,1.0
2024-11-25 15:30:00,test,True,100,0.473849,0.10924271861813963,0.096909629223302,0,False,1,0.40180842496310926,0.40180842496310926,0.0,0.030099496443169668,0.030099496443169668,0.030099496443169668,0.23419356304463176,0.0,0.11846225,0.473849,1.0
2024-11-25 16:30:00,test,True,100,0.473849,0.04238815392082929,0.03411550721899793,0,False,1,0.42731270464457594,0.4264641,0.0,0.03069468555916512,0.03069468555916512,0.03069468555916512,0.2040940666014621,0.0,0.11846225,0.473849,1.0
2024-11-25 17:30:00,test,False,100,0.473849,0.0003716977652395144,0.002003384667286853,0,False,1,0.457516710026061,0.4264641,0.0,0.0,0.0,0.0,0.17339938104229696,0.0,0.11846225,0.473849,1.0
2024-11-25 18:30:00,test,False,100,0.473849,0.008569012921318411,0.0,0,False,1,0.5375823093006118,0.4264641,0.0,0.0,0.0,0.0,0.17339938104229696,0.0,0.11846225,0.473849,1.0
2024-11-25 19:30:00,test,False,100,0.473849,0.01658803520460427,0.0,0,False,1,0.5435872306074087,0.4264641,0.0,0.0,0.0,0.0,0.17339938104229696,0.0,0.11846225,0.473849,1.0
2024-11-25 20:30:00,test,False,100,0.473849,0.01700690141144395,0.0,0,False,1,0.5151932237014726,0.4264641,0.0,0.0,0.0,0.0,0.17339938104229696,0.0,0.11846225,0.473849,1.0
2024-11-25 21:30:00,test,False,100,0.473849,0.019232706355199216,0.0,0,False,1,0.4789738065718287,0.4264641,0.0,0.0,0.0,0.0,0.17339938104229696,0.0,0.11846225,0.473849,1.0
2024-11-25 22:30:00,test,False,100,0.473849,0.02463261608068645,0.0,0,False,1,0.41594248657528804,0.41594248657528804,0.0,0.0,0.0,0.0,0.17339938104229696,0.0,0.11846225,0.473849,1.0
2024-11-25 23:30:00,test,False,100,0.473849,0.026348833916142584,0.0,0,False,1,0.39775638137102987,0.39775638137102987,0.0,0.0,0.0,0.0,0.17339938104229696,0.0,0.11846225,0.473849,1.0
2024-11-26 00:30:00,test,False,100,0.473849,0.024771188068255783,0.0,0,False,1,0.3869587114659729,0.3869587114659729,0.0,0.0,0.0,0.0,0.473849,0.0,0.11846225,0.473849,1.0
2024-11-26 01:30:00,test,False,100,0.473849,0.02117814885082841,0.0,0,False,1,0.38329966988649095,0.38329966988649095,0.0,0.0,0.0,0.0,0.473849,0.0,0.11846225,0.473849,1.0
2024-11-26 02:30:00,test,False,100,0.473849,0.017990526792511344,0.0,0,False,1,0.39094497900052283,0.39094497900052283,0.0,0.0,0.0,0.0,0.473849,0.0,0.11846225,0.473849,1.0
2024-11-26 03:30:00,test,False,100,0.473849,0.015688308763876557,0.0,0,False,1,0.37609774862492795,0.37609774862492795,0.0,0.0,0.0,0.0,0.473849,0.0,0.11846225,0.473849,1.0
2024-11-26 04:30:00,test,False,100,0.473849,0.015008416657358407,0.0,0,False,1,0.3846732536913176,0.3846732536913176,0.0,0.0,0.0,0.0,0.473849,0.0,0.11846225,0.473849,1.0
2024-11-26 05:30:00,test,False,100,0.473849,0.017218813291370868,0.0,0,False,1,0.39284109605135137,0.39284109605135137,0.0,0.0,0.0,0.0,0.473849,0.0,0.11846225,0.473849,1.0
2024-11-26 06:30:00,test,False,100,0.473849,0.022776096863761544,0.021269551708389074,0,False,1,0.4041905347934802,0.4041905347934802,0.0,0.0,0.0,0.0,0.473849,0.0,0.11846225,0.473849,1.0
2024-11-26 07:30:00,test,True,100,0.473849,0.03389717013448477,0.07674202642472089,0,False,1,0.41963134278649555,0.41963134278649555,0.0,0.02726284669932249,0.02726284669932249,0.02726284669932249,0.473849,0.0,0.11846225,0.473849,1.0
2024-11-26 08:30:00,test,True,100,0.473849,0.12598912080386282,0.1395826251835823,0,False,1,0.47350006882843965,0.4264641,0.0,0.03760963871970941,0.03760963871970941,0.03760963871970941,0.4465861533006775,0.0,0.11846225,0.473849,1.0
2024-11-26 09:30:00,test,True,100,0.473849,0.18250999511492252,0.1742393752337396,0,False,1,0.46870456640601205,0.4264641,0.0,0.03643149031268641,0.03643149031268641,0.03643149031268641,0.4089765145809681,0.0,0.11846225,0.473849,1.0
2024-11-26 10:30:00,test,True,100,0.473849,0.20682961373639105,0.18169330715295673,0,False,1,0.4424864670638136,0.4264641,0.0,0.037415327941483084,0.037415327941483084,0.037415327941483084,0.37254502426828173,0.0,0.11846225,0.473849,1.0
2024-11-26 11:30:00,test,True,100,0.473849,0.20554494664803147,0.19786136368709803,0,False,1,0.3923154429614608,0.3923154429614608,0.0,0.03948308332630535,0.03948308332630535,0.03948308332630535,0.3351296963267987,0.0,0.11846225,0.473849,1.0
2024-11-26 12:30:00,test,True,100,0.473849,0.199622814627558,0.13810432783702015,0,False,1,0.3950976675976098,0.3950976675976098,0.0,0.038021034101314015,0.038021034101314015,0.038021034101314015,0.29564661300049333,0.0,0.11846225,0.473849,1.0
2024-11-26 13:30:00,test,True,100,0.473849,0.12843674258361756,0.1173200531899035,0,False,1,0.3774179481092937,0.3774179481092937,0.0,0.06565829081415002,0.06565829081415002,0.06565829081415002,0.2576255788991793,0.0,0.11846225,0.473849,1.0
2024-11-26 14:30:00,test,True,100,0.473849,0.09468671889889241,0.08733833594016731,0,False,1,0.38409611784044617,0.38409611784044617,0.0,0.05817741771998827,0.05817741771998827,0.05817741771998827,0.19196728808502928,0.0,0.11846225,0.473849,1.0
2024-11-26 15:30:00,test,True,100,0.473849,0.0470800355893299,0.05435949108856916,0,False,1,0.4222432226192588,0.4222432226192588,0.0,0.055289784535992564,0.055289784535992564,0.055289784535992564,0.133789870365041,0.0,0.11846225,0.473849,1.0
2024-11-26 16:30:00,test,True,100,0.473849,0.02085392574048415,0.019001185461511836,0,False,1,0.4400518136514697,0.4264641,0.0,0.05685822571588626,0.05685822571588626,0.05685822571588626,0.07850008582904844,0.0,0.11846225,0.473849,1.0
2024-11-26 17:30:00,test,False,100,0.473849,0.004276279429468792,0.001437590301951568,0,False,1,0.4718363466736823,0.4264641,0.0,0.0,0.0,0.0,0.02164186011316218,0.0,0.11846225,0.473849,1.0
2024-11-26 18:30:00,test,False,100,0.473849,0.011217833973795176,0.0,0,False,1,0.5261457200031932,0.4264641,0.0,0.0,0.0,0.0,0.02164186011316218,0.0,0.11846225,0.473849,1.0
2024-11-26 19:30:00,test,False,100,0.473849,0.01948492778509855,0.0,0,False,1,0.5470559955373878,0.4264641,0.0,0.0,0.0,0.0,0.02164186011316218,0.0,0.11846225,0.473849,1.0
2024-11-26 20:30:00,test,False,100,0.473849,0.02297520175547898,0.0,0,False,1,0.541335943628029,0.4264641,0.0,0.0,0.0,0.0,0.02164186011316218,0.0,0.11846225,0.473849,1.0
2024-11-26 21:30:00,test,False,100,0.473849,0.02472128123995662,0.0,0,False,1,0.4744246161188172,0.4264641,0.0,0.0,0.0,0.0,0.02164186011316218,0.0,0.11846225,0.473849,1.0
2024-11-26 22:30:00,test,False,100,0.473849,0.02696411327575147,0.0,0,False,1,0.43405310882246445,0.4264641,0.0,0.0,0.0,0.0,0.02164186011316218,0.0,0.11846225,0.473849,1.0
2024-11-26 23:30:00,test,False,100,0.473849,0.02577874834731221,0.0,0,False,1,0.3880264375055248,0.3880264375055248,0.0,0.0,0.0,0.0,0.02164186011316218,0.0,0.11846225,0.473849,1.0
2024-11-27 00:30:00,test,False,100,0.473849,0.022763022360146046,0.0,0,False,1,0.3660326695866048,0.3660326695866048,0.0,0.0,0.0,0.0,0.473849,0.0,0.11846225,0.473849,1.0
2024-11-27 01:30:00,test,False,100,0.473849,0.018902276008605955,0.0,0,False,1,0.36687556676629485,0.36687556676629485,0.0,0.0,0.0,0.0,0.473849,0.0,0.11846225,0.473849,1.0
2024-11-27 02:30:00,test,False,100,0.473849,0.015509081331044436,0.0,0,False,1,0.3851868422065563,0.3851868422065563,0.0,0.0,0.0,0.0,0.473849,0.0,0.11846225,0.473849,1.0
2024-11-27 03:30:00,test,False,100,0.473849,0.01305634001326561,0.0,0,False,1,0.37499120730684,0.37499120730684,0.0,0.0,0.0,0.0,0.473849,0.0,0.11846225,0.473849,1.0
2024-11-27 04:30:00,test,False,100,0.473849,0.01269897926659882,0.0,0,False,1,0.37107507565630665,0.37107507565630665,0.0,0.0,0.0,0.0,0.473849,0.0,0.11846225,0.473849,1.0
2024-11-27 05:30:00,test,False,100,0.473849,0.014157228293225169,0.0,0,False,1,0.37029299278056,0.37029299278056,0.0,0.0,0.0,0.0,0.473849,0.0,0.11846225,0.473849,1.0
2024-11-27 06:30:00,test,False,100,0.473849,0.019129107248812914,0.017719227330839263,0,False,1,0.40184641002185356,0.40184641002185356,0.0,0.0,0.0,0.0,0.473849,0.0,0.11846225,0.473849,1.0
2024-11-27 07:30:00,test,True,100,0.473849,0.02990741228990257,0.07038994388128816,0,False,1,0.4430829288836242,0.4264641,0.0,0.05366223563837776,0.05366223563837776,0.05366223563837776,0.473849,0.0,0.11846225,0.473849,1.0
2024-11-27 08:30:00,test,True,100,0.473849,0.11438508910505474,0.12770881876257062,0,False,1,0.4599403028214088,0.4264641,0.0,0.06005310865129924,0.06005310865129924,0.06005310865129924,0.4201867643616223,0.0,0.11846225,0.473849,1.0
2024-11-27 09:30:00,test,True,100,0.473849,0.1717181003281474,0.17399538878005744,0,False,1,0.4728127568478828,0.4264641,0.0,0.024182411778724832,0.024182411778724832,0.024182411778724832,0.360133655710323,0.0,0.11846225,0.473849,1.0
2024-11-27 10:30:00,test,True,100,0.473849,0.206750728946805,0.18282734358933567,0,False,1,0.43214213900372933,0.4264641,0.0,0.0189166264120758,0.0189166264120758,0.0189166264120758,0.3359512439315982,0.0,0.11846225,0.473849,1.0
2024-11-27 11:30:00,test,True,100,0.473849,0.20855358572897315,0.19541090823605656,0,False,1,0.40195152346338725,0.40195152346338725,0.0,0.028354374283454168,0.028354374283454168,0.028354374283454168,0.3170346175195224,0.0,0.11846225,0.473849,1.0
2024-11-27 12:30:00,test,True,100,0.473849,0.19634085537013413,0.16765911774751543,0,False,1,0.3818738720510004,0.3818738720510004,0.0,0.034072890180360624,0.034072890180360624,0.034072890180360624,0.2886802432360682,0.0,0.11846225,0.473849,1.0
2024-11-27 13:30:00,test,True,100,0.473849,0.15381813921558857,0.1755959950953424,0,False,1,0.3785360982019404,0.3785360982019404,0.0,0.0443368843617015,0.0443368843617015,0.0443368843617015,0.2546073530557076,0.0,0.11846225,0.473849,1.0
2024-11-27 14:30:00,test,True,100,0.473849,0.14298518539959193,0.11022689956340194,0,False,1,0.386547897050777,0.386547897050777,0.0,0.03836169542600027,0.03836169542600027,0.03836169542600027,0.2102704686940061,0.0,0.11846225,0.473849,1.0
2024-11-27 15:30:00,test,True,100,0.473849,0.06745258133927733,0.06181979232253879,0,False,1,0.40101170711292705,0.40101170711292705,0.0,0.046883327148943735,0.046883327148943735,0.046883327148943735,0.17190877326800583,0.0,0.11846225,0.473849,1.0
2024-11-27 16:30:00,test,True,100,0.473849,0.016390845272921027,0.020190601049082352,0,False,1,0.44393052463876237,0.4264641,0.0010755793658413296,0.04675730577078316,0.04783288513662449,0.04783288513662449,0.12502544611906208,0.0,0.11846225,0.473849,1.0
2024-11-27 17:30:00,test,False,100,0.473849,2.8271200277376922e-05,0.0014196567887505298,0,False,1,0.4710146243208978,0.4264641,0.0,0.0,0.0,0.0,0.0771925609824376,0.0,0.11846225,0.473849,1.0
2024-11-27 18:30:00,test,False,100,0.473849,0.008642943321600555,0.0,0,False,1,0.5314444255691156,0.4264641,0.0,0.0,0.0,0.0,0.0771925609824376,0.0,0.11846225,0.473849,1.0
2024-11-27 19:30:00,test,False,100,0.473849,0.01687148728041351,0.0,0,False,1,0.5528349315012846,0.4264641,0.0,0.0,0.0,0.0,0.0771925609824376,0.0,0.11846225,0.473849,1.0
2024-11-27 20:30:00,test,False,100,0.473849,0.020027968076363208,0.0,0,False,1,0.5230124839092454,0.4264641,0.0,0.0,0.0,0.0,0.0771925609824376,0.0,0.11846225,0.473849,1.0
2024-11-27 21:30:00,test,False,100,0.473849,0.021914029731407762,0.0,0,False,1,0.491401734351438,0.4264641,0.0,0.0,0.0,0.0,0.0771925609824376,0.0,0.11846225,0.473849,1.0
2024-11-27 22:30:00,test,False,100,0.473849,0.02716075327143073,0.0,0,False,1,0.41786906336995133,0.41786906336995133,0.0,0.0,0.0,0.0,0.0771925609824376,0.0,0.11846225,0.473849,1.0
2024-11-27 23:30:00,test,False,100,0.473849,0.02659827580408752,0.0,0,False,1,0.3972870753641887,0.3972870753641887,0.0,0.0,0.0,0.0,0.0771925609824376,0.0,0.11846225,0.473849,1.0
2024-11-28 00:30:00,test,False,100,0.473849,0.023825399890303613,0.0,0,False,1,0.38627495287505015,0.38627495287505015,0.0,0.0,0.0,0.0,0.473849,0.0,0.11846225,0.473849,1.0
2024-11-28 01:30:00,test,False,100,0.473849,0.020691724550902842,0.0,0,False,1,0.392176790439239,0.392176790439239,0.0,0.0,0.0,0.0,0.473849,0.0,0.11846225,0.473849,1.0
2024-11-28 02:30:00,test,False,100,0.473849,0.018033169189468026,0.0,0,False,1,0.3640781195726956,0.3640781195726956,0.0,0.0,0.0,0.0,0.473849,0.0,0.11846225,0.473849,1.0
2024-11-28 03:30:00,test,False,100,0.473849,0.016078913881182672,0.0,0,False,1,0.3806239314166914,0.3806239314166914,0.0,0.0,0.0,0.0,0.473849,0.0,0.11846225,0.473849,1.0
2024-11-28 04:30:00,test,False,100,0.473849,0.01608283495016396,0.0,0,False,1,0.383867296538185,0.383867296538185,0.0,0.0,0.0,0.0,0.473849,0.0,0.11846225,0.473849,1.0
2024-11-28 05:30:00,test,False,100,0.473849,0.01871278930103779,0.0,0,False,1,0.377592675279601,0.377592675279601,0.0,0.0,0.0,0.0,0.473849,0.0,0.11846225,0.473849,1.0
2024-11-28 06:30:00,test,False,100,0.473849,0.02464454680235684,0.02503234236424416,0,False,1,0.40617023631484955,0.40617023631484955,0.0,0.0,0.0,0.0,0.473849,0.0,0.11846225,0.473849,1.0
2024-11-28 07:30:00,test,True,100,0.473849,0.03593505609744787,0.10249402718144655,0,False,1,0.4197478126947143,0.4197478126947143,0.0,0.04274643843501273,0.04274643843501273,0.04274643843501273,0.473849,0.0,0.11846225,0.473849,1.0
2024-11-28 08:30:00,test,True,100,0.473849,0.16069801082211732,0.1656600169247389,0,False,1,0.4684465301116321,0.4264641,0.0,0.056220810478297786,0.056220810478297786,0.056220810478297786,0.4311025615649873,0.0,0.11846225,0.473849,1.0
2024-11-28 09:30:00,test,True,100,0.473849,0.2134290134976208,0.22557981329774857,0,False,1,0.4710775378963139,0.4264641,0.0,0.04463912547875485,0.04463912547875485,0.04463912547875485,0.3748817510866895,0.0,0.11846225,0.473849,1.0
2024-11-28 10:30:00,test,True,100,0.473849,0.26554371309757235,0.2583584333226085,0,False,1,0.43521886940611293,0.4264641,0.0,0.04547418131621785,0.04547418131621785,0.04547418131621785,0.3302426256079346,0.0,0.11846225,0.473849,1.0
2024-11-28 11:30:00,test,True,100,0.473849,0.2787831287456155,0.2553119997227788,0,False,1,0.39961383122766353,0.39961383122766353,0.0,0.032731666726999314,0.032731666726999314,0.032731666726999314,0.28476844429171677,0.0,0.11846225,0.473849,1.0
2024-11-28 12:30:00,test,True,100,0.473849,0.25455457455447317,0.24401559708955883,0,False,1,0.3740867121178217,0.3740867121178217,0.0,0.040860792709470226,0.040860792709470226,0.040860792709470226,0.25203677756471743,0.0,0.11846225,0.473849,1.0
2024-11-28 13:30:00,test,True,100,0.473849,0.22696024058508873,0.23332631225320696,0,False,1,0.3974693898661705,0.3974693898661705,0.0,0.04501467642858502,0.04501467642858502,0.04501467642858502,0.2111759848552472,0.0,0.11846225,0.473849,1.0
2024-11-28 14:30:00,test,True,100,0.473849,0.19222258760932087,0.16716660724273325,0,False,1,0.3866838591212386,0.3866838591212386,0.0,0.02470055366125252,0.02470055366125252,0.02470055366125252,0.16616130842666216,0.0,0.11846225,0.473849,1.0
2024-11-28 15:30:00,test,True,100,0.473849,0.11458301233901083,0.10623228289462626,0,False,1,0.4015493639443053,0.4015493639443053,0.0,0.03289901457959624,0.03289901457959624,0.03289901457959624,0.14146075476540965,0.0,0.11846225,0.473849,1.0
2024-11-28 16:30:00,test,True,100,0.473849,0.04975265187520534,0.03898028452040255,0,False,1,0.4365367243844177,0.4264641,0.0,0.03049306021974517,0.03049306021974517,0.03049306021974517,0.10856174018581341,0.0,0.11846225,0.473849,1.0
2024-11-28 17:30:00,test,False,100,0.473849,0.0003921979342596606,0.0021322504662422,0,False,1,0.4806838006791684,0.4264641,0.0,0.0,0.0,0.0,0.07806867996606824,0.0,0.11846225,0.473849,1.0
2024-11-28 18:30:00,test,False,100,0.473849,0.006520088916704058,0.0,0,False,1,0.5194323689602623,0.4264641,0.0,0.0,0.0,0.0,0.07806867996606824,0.0,0.11846225,0.473849,1.0
2024-11-28 19:30:00,test,False,100,0.473849,0.016785154024735092,0.0,0,False,1,0.5540049412551192,0.4264641,0.0,0.0,0.0,0.0,0.07806867996606824,0.0,0.11846225,0.473849,1.0
2024-11-28 20:30:00,test,False,100,0.473849,0.019890170196786523,0.0,0,False,1,0.5218356673875972,0.4264641,0.0,0.0,0.0,0.0,0.07806867996606824,0.0,0.11846225,0.473849,1.0
2024-11-28 21:30:00,test,False,100,0.473849,0.019914091739699245,0.0,0,False,1,0.5046313061578389,0.4264641,0.0,0.0,0.0,0.0,0.07806867996606824,0.0,0.11846225,0.473849,1.0
2024-11-28 22:30:00,test,False,100,0.473849,0.023883477286070584,0.0,0,False,1,0.430878297871557,0.4264641,0.0,0.0,0.0,0.0,0.07806867996606824,0.0,0.11846225,0.473849,1.0
2024-11-28 23:30:00,test,False,100,0.473849,0.025812730592414738,0.0,0,False,1,0.4001914139268437,0.4001914139268437,0.0,0.0,0.0,0.0,0.07806867996606824,0.0,0.11846225,0.473849,1.0
2024-11-29 00:30:00,test,False,100,0.473849,0.023449349530652166,0.0,0,False,1,0.3793104934496398,0.3793104934496398,0.0,0.0,0.0,0.0,0.473849,0.0,0.11846225,0.473849,1.0
2024-11-29 01:30:00,test,False,100,0.473849,0.020024644717887043,0.0,0,False,1,0.3799870967749747,0.3799870967749747,0.0,0.0,0.0,0.0,0.473849,0.0,0.11846225,0.473849,1.0
2024-11-29 02:30:00,test,False,100,0.473849,0.016909038917198776,0.0,0,False,1,0.3676324567907578,0.3676324567907578,0.0,0.0,0.0,0.0,0.473849,0.0,0.11846225,0.473849,1.0
2024-11-29 03:30:00,test,False,100,0.473849,0.015143615606889128,0.0,0,False,1,0.3784583988977272,0.3784583988977272,0.0,0.0,0.0,0.0,0.473849,0.0,0.11846225,0.473849,1.0
2024-11-29 04:30:00,test,False,100,0.473849,0.01519286345012486,0.0,0,False,1,0.37659951217405446,0.37659951217405446,0.0,0.0,0.0,0.0,0.473849,0.0,0.11846225,0.473849,1.0
2024-11-29 05:30:00,test,False,100,0.473849,0.0176372139018029,0.0,0,False,1,0.38763123745655687,0.38763123745655687,0.0,0.0,0.0,0.0,0.473849,0.0,0.11846225,0.473849,1.0
2024-11-29 06:30:00,test,False,100,0.473849,0.022815847562104464,0.021007230450198054,0,False,1,0.39562419843376856,0.39562419843376856,0.0,0.0,0.0,0.0,0.473849,0.0,0.11846225,0.473849,1.0
2024-11-29 07:30:00,test,True,100,0.473849,0.03390737630301714,0.07738802613005041,0,False,1,0.4346676569865815,0.4264641,0.0,0.030815569302746315,0.030815569302746315,0.030815569302746315,0.473849,0.0,0.11846225,0.473849,1.0
2024-11-29 08:30:00,test,True,100,0.473849,0.1271986425525844,0.13474148269867897,0,False,1,0.4818477528054019,0.4264641,0.0,0.04009455836477808,0.04009455836477808,0.04009455836477808,0.4430334306972537,0.0,0.11846225,0.473849,1.0
2024-11-29 09:30:00,test,True,100,0.473849,0.17951117434862257,0.16697821938627957,0,False,1,0.46668362139783576,0.4264641,0.0,0.03653085561401732,0.03653085561401732,0.03653085561401732,0.4029388723324756,0.0,0.11846225,0.473849,1.0
2024-11-29 10:30:00,test,True,100,0.473849,0.2031783517975211,0.1864350337407291,0,False,1,0.43337183216085323,0.4264641,0.0,0.040648218262239175,0.040648218262239175,0.040648218262239175,0.3664080167184583,0.0,0.11846225,0.473849,1.0
2024-11-29 11:30:00,test,True,100,0.473849,0.21537487373921274,0.1886745019236803,0,False,1,0.4086191131748386,0.4086191131748386,0.0,0.03685047285936879,0.03685047285936879,0.03685047285936879,0.3257597984562191,0.0,0.11846225,0.473849,1.0
2024-11-29 12:30:00,test,True,100,0.473849,0.19078243814003468,0.18877359843537211,0,False,1,0.3723388753302435,0.3723388753302435,0.0,0.04405434520205336,0.04405434520205336,0.04405434520205336,0.28890932559685034,0.0,0.11846225,0.473849,1.0
2024-11-29 13:30:00,test,True,100,0.473849,0.17627749193301798,0.1809194478343129,0,False,1,0.3741714695439841,0.3741714695439841,0.0,0.04207549736063437,0.04207549736063437,0.04207549736063437,0.24485498039479697,0.0,0.11846225,0.473849,1.0
2024-11-29 14:30:00,test,True,100,0.473849,0.14667866406574845,0.11917012749129534,0,False,1,0.3995448314290265,0.3995448314290265,0.0,0.029494338265298622,0.029494338265298622,0.029494338265298622,0.2027794830341626,0.0,0.11846225,0.473849,1.0
2024-11-29 15:30:00,test,True,100,0.473849,0.07626579379861056,0.0694846770336479,0,False,1,0.4159442433675604,0.4159442433675604,0.0,0.03483460150488318,0.03483460150488318,0.03483460150488318,0.17328514476886397,0.0,0.11846225,0.473849,1.0
2024-11-29 16:30:00,test,True,100,0.473849,0.020258074024379253,0.024711869429275394,0,False,1,0.44330495831966654,0.4264641,0.0,0.034357084657327286,0.034357084657327286,0.034357084657327286,0.1384505432639808,0.0,0.11846225,0.473849,1.0
2024-11-29 17:30:00,test,False,100,0.473849,0.0,0.0017966242646753673,0,False,1,0.49057730751708145,0.4264641,0.0,0.0,0.0,0.0,0.1040934586066535,0.0,0.11846225,0.473849,1.0
2024-11-29 18:30:00,test,False,100,0.473849,0.0067774073575437065,0.0,0,False,1,0.5135925106684092,0.4264641,0.0,0.0,0.0,0.0,0.1040934586066535,0.0,0.11846225,0.473849,1.0
2024-11-29 19:30:00,test,False,100,0.473849,0.013514122134208679,0.0,0,False,1,0.5675918899940643,0.4264641,0.0,0.0,0.0,0.0,0.1040934586066535,0.0,0.11846225,0.473849,1.0
2024-11-29 20:30:00,test,False,100,0.473849,0.015934546992883086,0.0,0,False,1,0.5205660550161736,0.4264641,0.0,0.0,0.0,0.0,0.1040934586066535,0.0,0.11846225,0.473849,1.0
2024-11-29 21:30:00,test,False,100,0.473849,0.01883038801716268,0.0,0,False,1,0.4956949396455282,0.4264641,0.0,0.0,0.0,0.0,0.1040934586066535,0.0,0.11846225,0.473849,1.0
2024-11-29 22:30:00,test,False,100,0.473849,0.023819086180314423,0.0,0,False,1,0.4422327272310659,0.4264641,0.0,0.0,0.0,0.0,0.1040934586066535,0.0,0.11846225,0.473849,1.0
2024-11-29 23:30:00,test,False,100,0.473849,0.024072555492237212,0.0,0,False,1,0.3972033334053905,0.3972033334053905,0.0,0.0,0.0,0.0,0.1040934586066535,0.0,0.11846225,0.473849,1.0
2024-11-30 00:30:00,test,False,100,0.473849,0.021521538518935443,0.0,0,False,1,0.40153026278024395,0.40153026278024395,0.0,0.0,0.0,0.0,0.473849,0.0,0.11846225,0.473849,1.0
2024-11-30 01:30:00,test,False,100,0.473849,0.01737449552114308,0.0,0,False,1,0.37302073012943243,0.37302073012943243,0.0,0.0,0.0,0.0,0.473849,0.0,0.11846225,0.473849,1.0
2024-11-30 02:30:00,test,False,100,0.473849,0.013696984907060861,0.0,0,False,1,0.3823731183992392,0.3823731183992392,0.0,0.0,0.0,0.0,0.473849,0.0,0.11846225,0.473849,1.0
2024-11-30 03:30:00,test,False,100,0.473849,0.01078547444395721,0.0,0,False,1,0.3815636399007373,0.3815636399007373,0.0,0.0,0.0,0.0,0.473849,0.0,0.11846225,0.473849,1.0
2024-11-30 04:30:00,test,False,100,0.473849,0.009710939875215293,0.0,0,False,1,0.38515295599952526,0.38515295599952526,0.0,0.0,0.0,0.0,0.473849,0.0,0.11846225,0.473849,1.0
2024-11-30 05:30:00,test,False,100,0.473849,0.010245172207131982,0.0,0,False,1,0.39463692853367927,0.39463692853367927,0.0,0.0,0.0,0.0,0.473849,0.0,0.11846225,0.473849,1.0
2024-11-30 06:30:00,test,False,100,0.473849,0.013982476792633532,0.009957430140415207,0,False,1,0.39738800236933647,0.39738800236933647,0.0,0.0,0.0,0.0,0.473849,0.0,0.11846225,0.473849,1.0
2024-11-30 07:30:00,test,True,100,0.473849,0.022069098906368018,0.03455209746197983,0,False,1,0.4405809056888408,0.4264641,0.0,0.03312204264672634,0.03312204264672634,0.03312204264672634,0.473849,0.0,0.11846225,0.473849,1.0
2024-11-30 08:30:00,test,True,100,0.473849,0.06785119212026149,0.07359549112826586,0,False,1,0.4651489298915095,0.4264641,0.0,0.025337881494980584,0.025337881494980584,0.025337881494980584,0.44072695735327366,0.0,0.11846225,0.473849,1.0
2024-11-30 09:30:00,test,True,100,0.473849,0.10979370277263224,0.10231340721783042,0,False,1,0.46471415734743704,0.4264641,0.0,0.02470975810962274,0.02470975810962274,0.02470975810962274,0.4153890758582931,0.0,0.11846225,0.473849,1.0
2024-11-30 10:30:00,test,True,100,0.473849,0.13284469758188724,0.08405262947133184,0,False,1,0.43218830615797493,0.4264641,0.0,0.026519691157693325,0.026519691157693325,0.026519691157693325,0.3906793177486704,0.0,0.11846225,0.473849,1.0
2024-11-30 11:30:00,test,True,100,0.473849,0.10712303970381618,0.07251870600783825,0,False,1,0.39351496557069426,0.39351496557069426,0.0,0.04291257896110079,0.04291257896110079,0.04291257896110079,0.36415962659097706,0.0,0.11846225,0.473849,1.0
2024-11-30 12:30:00,test,True,100,0.473849,0.08102942572638393,0.05894402960248291,0,False,1,0.378961019890653,0.378961019890653,0.0,0.05210808129812299,0.05210808129812299,0.05210808129812299,0.32124704762987627,0.0,0.11846225,0.473849,1.0
2024-11-30 13:30:00,test,True,100,0.473849,0.052543958407886324,0.030837356471646576,0,False,1,0.36835046115469233,0.36835046115469233,0.0,0.05481681510265001,0.05481681510265001,0.05481681510265001,0.26913896633175327,0.0,0.11846225,0.473849,1.0
2024-11-30 14:30:00,test,True,100,0.473849,0.02589640676726401,0.03389327347239479,0,False,1,0.3942372940238076,0.3942372940238076,0.0,0.053176083227470625,0.053176083227470625,0.053176083227470625,0.21432215122910325,0.0,0.11846225,0.473849,1.0
2024-11-30 15:30:00,test,True,100,0.473849,0.026412816197495907,0.022388737659692765,0,False,1,0.4160616036761938,0.4160616036761938,0.0,0.053866288095863635,0.053866288095863635,0.053866288095863635,0.16114606800163261,0.0,0.11846225,0.473849,1.0
2024-11-30 16:30:00,test,True,100,0.473849,0.021859366152714936,0.008474505993763799,0,False,1,0.45023997631642626,0.4264641,0.0019165101637113116,0.0541397946433749,0.05605630480708621,0.05605630480708621,0.10727977990576898,0.0,0.11846225,0.473849,1.0
2024-11-30 17:30:00,test,False,100,0.473849,0.018358644831785002,0.0009390868662578286,0,False,1,0.47137094582085454,0.4264641,0.0,0.0,0.0,0.0,0.05122347509868277,0.0,0.11846225,0.473849,1.0
2024-11-30 18:30:00,test,False,100,0.473849,0.022908062185749412,0.0,0,False,1,0.5278714328193267,0.4264641,0.0,0.0,0.0,0.0,0.05122347509868277,0.0,0.11846225,0.473849,1.0
2024-11-30 19:30:00,test,False,100,0.473849,0.029246402639880775,0.0,0,False,1,0.551720760801903,0.4264641,0.0,0.0,0.0,0.0,0.05122347509868277,0.0,0.11846225,0.473849,1.0
2024-11-30 20:30:00,test,False,100,0.473849,0.028348323786512017,0.0,0,False,1,0.5094717759831119,0.4264641,0.0,0.0,0.0,0.0,0.05122347509868277,0.0,0.11846225,0.473849,1.0
2024-11-30 21:30:00,test,False,100,0.473849,0.029238025035873055,0.0,0,False,1,0.494987070489608,0.4264641,0.0,0.0,0.0,0.0,0.05122347509868277,0.0,0.11846225,0.473849,1.0
2024-11-30 22:30:00,test,False,100,0.473849,0.028919606980368495,0.0,0,False,1,0.4517262483258096,0.4264641,0.0,0.0,0.0,0.0,0.05122347509868277,0.0,0.11846225,0.473849,1.0
2024-11-30 23:30:00,test,False,100,0.473849,0.0256421091337353,0.0,0,False,1,0.4002660470621338,0.4002660470621338,0.0,0.0,0.0,0.0,0.05122347509868277,0.0,0.11846225,0.473849,1.0
2024-12-01 00:30:00,test,False,100,0.473849,0.022301824885770677,0.0,0,False,1,0.38689636046586035,0.38689636046586035,0.0,0.0,0.0,0.0,0.473849,0.0,0.11846225,0.473849,1.0
2024-12-01 01:30:00,test,False,100,0.473849,0.018236727668330073,0.0,0,False,1,0.3747757601904031,0.3747757601904031,0.0,0.0,0.0,0.0,0.473849,0.0,0.11846225,0.473849,1.0
2024-12-01 02:30:00,test,False,100,0.473849,0.014689510732293128,0.0,0,False,1,0.3720021473918382,0.3720021473918382,0.0,0.0,0.0,0.0,0.473849,0.0,0.11846225,0.473849,1.0
2024-12-01 03:30:00,test,False,100,0.473849,0.012147961050063372,0.0,0,False,1,0.38335376846683744,0.38335376846683744,0.0,0.0,0.0,0.0,0.473849,0.0,0.11846225,0.473849,1.0
2024-12-01 04:30:00,test,False,100,0.473849,0.011307562893688679,0.0,0,False,1,0.377443830982805,0.377443830982805,0.0,0.0,0.0,0.0,0.473849,0.0,0.11846225,0.473849,1.0
2024-12-01 05:30:00,test,False,100,0.473849,0.012398671260729433,0.0,0,False,1,0.385141957276156,0.385141957276156,0.0,0.0,0.0,0.0,0.473849,0.0,0.11846225,0.473849,1.0
2024-12-01 06:30:00,test,False,100,0.473849,0.015827974485367536,0.005544751296678325,0,False,1,0.39405635087360885,0.39405635087360885,0.0,0.0,0.0,0.0,0.473849,0.0,0.11846225,0.473849,1.0
2024-12-01 07:30:00,test,True,100,0.473849,0.024190208663627505,0.022962462438251823,0,False,1,0.44242407755224766,0.4264641,0.0,0.03936937468428127,0.03936937468428127,0.03936937468428127,0.473849,0.0,0.11846225,0.473849,1.0
2024-12-01 08:30:00,test,True,100,0.473849,0.05759965064675361,0.04329477713339776,0,False,1,0.4707343604270362,0.4264641,0.0,0.028891499313982924,0.028891499313982924,0.028891499313982924,0.43447962531571876,0.0,0.11846225,0.473849,1.0
2024-12-01 09:30:00,test,True,100,0.473849,0.08379275041244924,0.058249026016414164,0,False,1,0.463025162101264,0.4264641,0.0,0.025397226334007796,0.025397226334007796,0.025397226334007796,0.4055881260017358,0.0,0.11846225,0.473849,1.0
2024-12-01 10:30:00,test,True,100,0.473849,0.09760460243718326,0.06994207283687591,0,False,1,0.4265322748495203,0.4264641,0.0,0.027780322187241635,0.027780322187241635,0.027780322187241635,0.380190899667728,0.0,0.11846225,0.473849,1.0
2024-12-01 11:30:00,test,True,100,0.473849,0.10501758018955588,0.061349634516768156,0,False,1,0.3959071735911609,0.3959071735911609,0.0,0.03210828315325019,0.03210828315325019,0.03210828315325019,0.3524105774804864,0.0,0.11846225,0.473849,1.0
2024-12-01 12:30:00,test,True,100,0.473849,0.08876918635755777,0.04554584604617208,0,False,1,0.3938397237789219,0.3938397237789219,0.0,0.045056859264775345,0.045056859264775345,0.045056859264775345,0.32030229432723617,0.0,0.11846225,0.473849,1.0
2024-12-01 13:30:00,test,True,100,0.473849,0.0663166130817309,0.04486181212147325,0,False,1,0.38548678825625277,0.38548678825625277,0.0,0.05308781078788345,0.05308781078788345,0.05308781078788345,0.2752454350624608,0.0,0.11846225,0.473849,1.0
2024-12-01 14:30:00,test,True,100,0.473849,0.05455016795779764,0.023310863963924348,0,False,1,0.3899488349934162,0.3899488349934162,0.0,0.04882014306044686,0.04882014306044686,0.04882014306044686,0.22215762427457736,0.0,0.11846225,0.473849,1.0
2024-12-01 15:30:00,test,True,100,0.473849,0.029943140626326203,0.015296891184188425,0,False,1,0.40216897195820245,0.40216897195820245,0.0,0.0474613571285615,0.0474613571285615,0.0474613571285615,0.1733374812141305,0.0,0.11846225,0.473849,1.0
2024-12-01 16:30:00,test,True,100,0.473849,0.019968828230524434,0.0062254233442101395,0,False,1,0.41913172135268556,0.41913172135268556,0.0,0.04945304510996787,0.04945304510996787,0.04945304510996787,0.125876124085569,0.0,0.11846225,0.473849,1.0
2024-12-01 17:30:00,test,False,100,0.473849,0.01703002904346585,0.001075659389307737,0,False,1,0.4826050865292928,0.4264641,0.0,0.0,0.0,0.0,0.07642307897560113,0.0,0.11846225,0.473849,1.0
2024-12-01 18:30:00,test,False,100,0.473849,0.023478520666271447,0.0,0,False,1,0.5205438172448988,0.4264641,0.0,0.0,0.0,0.0,0.07642307897560113,0.0,0.11846225,0.473849,1.0
2024-12-01 19:30:00,test,False,100,0.473849,0.02576042899480462,0.0,0,False,1,0.546624056275982,0.4264641,0.0,0.0,0.0,0.0,0.07642307897560113,0.0,0.11846225,0.473849,1.0
2024-12-01 20:30:00,test,False,100,0.473849,0.028226023159652947,0.0,0,False,1,0.5321450027512609,0.4264641,0.0,0.0,0.0,0.0,0.07642307897560113,0.0,0.11846225,0.473849,1.0
2024-12-01 21:30:00,test,False,100,0.473849,0.028229646546036005,0.0,0,False,1,0.48472954729263273,0.4264641,0.0,0.0,0.0,0.0,0.07642307897560113,0.0,0.11846225,0.473849,1.0
2024-12-01 22:30:00,test,False,100,0.473849,0.026902868320018054,0.0,0,False,1,0.4367574076290216,0.4264641,0.0,0.0,0.0,0.0,0.07642307897560113,0.0,0.11846225,0.473849,1.0
2024-12-01 23:30:00,test,False,100,0.473849,0.023568077632337807,0.0,0,False,1,0.4007862914530328,0.4007862914530328,0.0,0.0,0.0,0.0,0.07642307897560113,0.0,0.11846225,0.473849,1.0
2024-12-02 00:30:00,test,False,100,0.473849,0.02022195145907998,0.0,0,False,1,0.3748885012064071,0.3748885012064071,0.0,0.0,0.0,0.0,0.473849,0.0,0.11846225,0.473849,1.0
2024-12-02 01:30:00,test,False,100,0.473849,0.016375980409622192,0.0,0,False,1,0.3774892782649519,0.3774892782649519,0.0,0.0,0.0,0.0,0.473849,0.0,0.11846225,0.473849,1.0
2024-12-02 02:30:00,test,False,100,0.473849,0.013209665632426738,0.0,0,False,1,0.372945068961501,0.372945068961501,0.0,0.0,0.0,0.0,0.473849,0.0,0.11846225,0.473849,1.0
2024-12-02 03:30:00,test,False,100,0.473849,0.010756090187743306,0.0,0,False,1,0.3860792103613457,0.3860792103613457,0.0,0.0,0.0,0.0,0.473849,0.0,0.11846225,0.473849,1.0
2024-12-02 04:30:00,test,False,100,0.473849,0.010088535698190331,0.0,0,False,1,0.38675153601828116,0.38675153601828116,0.0,0.0,0.0,0.0,0.473849,0.0,0.11846225,0.473849,1.0
2024-12-02 05:30:00,test,False,100,0.473849,0.011179218317821621,0.0,0,False,1,0.3964503112118116,0.3964503112118116,0.0,0.0,0.0,0.0,0.473849,0.0,0.11846225,0.473849,1.0
2024-12-02 06:30:00,test,False,100,0.473849,0.01452754646588862,0.004191623316222321,0,False,1,0.40050790875685344,0.40050790875685344,0.0,0.0,0.0,0.0,0.473849,0.0,0.11846225,0.473849,1.0
2024-12-02 07:30:00,test,True,100,0.473849,0.02218409793455899,0.0168485541226957,0,False,1,0.4472673482385882,0.4264641,0.0,0.050212210758987116,0.050212210758987116,0.050212210758987116,0.473849,0.0,0.11846225,0.473849,1.0
2024-12-02 08:30:00,test,True,100,0.473849,0.049051313581649214,0.025889718834072352,0,False,1,0.4715769490567949,0.4264641,0.0,0.04410157453235393,0.04410157453235393,0.04410157453235393,0.4236367892410129,0.0,0.11846225,0.473849,1.0
2024-12-02 09:30:00,test,True,100,0.473849,0.06444925270905345,0.03866704708454013,0,False,1,0.48518824294466184,0.4264641,0.0,0.03303414098270027,0.03303414098270027,0.03303414098270027,0.379535214708659,0.0,0.11846225,0.473849,1.0
2024-12-02 10:30:00,test,True,100,0.473849,0.07976647479380668,0.05510897874744236,0,False,1,0.42917713339441904,0.4264641,0.0,0.03452698494172948,0.03452698494172948,0.03452698494172948,0.34650107372595873,0.0,0.11846225,0.473849,1.0
2024-12-02 11:30:00,test,True,100,0.473849,0.09500504859246314,0.08463770543271303,0,False,1,0.4011496547032928,0.4011496547032928,0.0,0.0310713536681488,0.0310713536681488,0.0310713536681488,0.3119740887842293,0.0,0.11846225,0.473849,1.0
2024-12-02 12:30:00,test,True,100,0.473849,0.11682490163491666,0.08795315137593449,0,False,1,0.36899171275084347,0.36899171275084347,0.0,0.0312128973497214,0.0312128973497214,0.0312128973497214,0.2809027351160805,0.0,0.11846225,0.473849,1.0
2024-12-02 13:30:00,test,True,100,0.473849,0.10657744281300902,0.07322412851169706,0,False,1,0.38347409263391385,0.38347409263391385,0.0,0.035319667670018276,0.035319667670018276,0.035319667670018276,0.24968983776635909,0.0,0.11846225,0.473849,1.0
2024-12-02 14:30:00,test,True,100,0.473849,0.0792328009840399,0.05262889789059758,0,False,1,0.3902137783529608,0.3902137783529608,0.0,0.03711884962525917,0.03711884962525917,0.03711884962525917,0.2143701700963408,0.0,0.11846225,0.473849,1.0
2024-12-02 15:30:00,test,True,100,0.473849,0.047394536670289936,0.031547800703406334,0,False,1,0.4107996687692299,0.4107996687692299,0.0,0.03772615572047301,0.03772615572047301,0.03772615572047301,0.1772513204710816,0.0,0.11846225,0.473849,1.0
2024-12-02 16:30:00,test,True,100,0.473849,0.02219566949528083,0.011717354944324587,0,False,1,0.4178819515270333,0.4178819515270333,0.0,0.03738846727582885,0.03738846727582885,0.03738846727582885,0.1395251647506086,0.0,0.11846225,0.473849,1.0
2024-12-02 17:30:00,test,False,100,0.473849,0.008081405334489885,0.0013855148154201743,0,False,1,0.48728972895888606,0.4264641,0.0,0.0,0.0,0.0,0.10213669747477977,0.0,0.11846225,0.473849,1.0
2024-12-02 18:30:00,test,False,100,0.473849,0.012643673777028918,0.0,0,False,1,0.5402042458689514,0.4264641,0.0,0.0,0.0,0.0,0.10213669747477977,0.0,0.11846225,0.473849,1.0
2024-12-02 19:30:00,test,False,100,0.473849,0.01945529318675399,0.0,0,False,1,0.5568065128241323,0.4264641,0.0,0.0,0.0,0.0,0.10213669747477977,0.0,0.11846225,0.473849,1.0
2024-12-02 20:30:00,test,False,100,0.473849,0.02060981930235028,0.0,0,False,1,0.536364049813938,0.4264641,0.0,0.0,0.0,0.0,0.10213669747477977,0.0,0.11846225,0.473849,1.0
2024-12-02 21:30:00,test,False,100,0.473849,0.021330111484080552,0.0,0,False,1,0.4942648689183162,0.4264641,0.0,0.0,0.0,0.0,0.10213669747477977,0.0,0.11846225,0.473849,1.0
2024-12-02 22:30:00,test,False,100,0.473849,0.020232955723911525,0.0,0,False,1,0.44151244100704656,0.4264641,0.0,0.0,0.0,0.0,0.10213669747477977,0.0,0.11846225,0.473849,1.0
2024-12-02 23:30:00,test,False,100,0.473849,0.017408613156959414,0.0,0,False,1,0.4045374408782982,0.4045374408782982,0.0,0.0,0.0,0.0,0.10213669747477977,0.0,0.11846225,0.473849,1.0
2024-12-03 00:30:00,test,False,100,0.473849,0.013901572534620762,0.0,0,False,1,0.3673354791719303,0.3673354791719303,0.0,0.0,0.0,0.0,0.473849,0.0,0.11846225,0.473849,1.0
2024-12-03 01:30:00,test,False,100,0.473849,0.010879306893393398,0.0,0,False,1,0.3964539549598694,0.3964539549598694,0.0,0.0,0.0,0.0,0.473849,0.0,0.11846225,0.473849,1.0
2024-12-03 02:30:00,test,False,100,0.473849,0.008397505824178458,0.0,0,False,1,0.3942631980986365,0.3942631980986365,0.0,0.0,0.0,0.0,0.473849,0.0,0.11846225,0.473849,1.0
2024-12-03 03:30:00,test,False,100,0.473849,0.006487092125490307,0.0,0,False,1,0.3761891259208588,0.3761891259208588,0.0,0.0,0.0,0.0,0.473849,0.0,0.11846225,0.473849,1.0
2024-12-03 04:30:00,test,False,100,0.473849,0.005890985173419118,0.0,0,False,1,0.39373345854796465,0.39373345854796465,0.0,0.0,0.0,0.0,0.473849,0.0,0.11846225,0.473849,1.0
2024-12-03 05:30:00,test,False,100,0.473849,0.00795029031676054,0.0,0,False,1,0.39557497058579766,0.39557497058579766,0.0,0.0,0.0,0.0,0.473849,0.0,0.11846225,0.473849,1.0
2024-12-03 06:30:00,test,False,100,0.473849,0.010926485778599978,0.013931019360981881,0,False,1,0.3935423053988862,0.3935423053988862,0.0,0.0,0.0,0.0,0.473849,0.0,0.11846225,0.473849,1.0
2024-12-03 07:30:00,test,True,100,0.473849,0.01874695302335918,0.05464685006884486,0,False,1,0.4518264921359842,0.4264641,0.006615439112625,0.037306961096950045,0.043922400209575045,0.043922400209575045,0.473849,0.0,0.11846225,0.473849,1.0
2024-12-03 08:30:00,test,True,100,0.473849,0.08580687025767565,0.0985836645475924,0,False,1,0.4731868300607452,0.4264641,0.0,0.05518751928832832,0.05518751928832832,0.05518751928832832,0.42992659979042497,0.0,0.11846225,0.473849,1.0
2024-12-03 09:30:00,test,True,100,0.473849,0.13415248989473283,0.15853146904191376,0,False,1,0.468900921031444,0.4264641,0.0,0.04914421910300937,0.04914421910300937,0.04914421910300937,0.37473908050209664,0.0,0.11846225,0.473849,1.0
2024-12-03 10:30:00,test,True,100,0.473849,0.1933615053229928,0.1575083787200749,0,False,1,0.43610671975864834,0.4264641,0.0,0.03725412418875524,0.03725412418875524,0.03725412418875524,0.3255948613990873,0.0,0.11846225,0.473849,1.0
2024-12-03 11:30:00,test,True,100,0.473849,0.18714840320751072,0.17149877703928948,0,False,1,0.40866334192958326,0.40866334192958326,0.0,0.04276853232435655,0.04276853232435655,0.04276853232435655,0.28834073721033204,0.0,0.11846225,0.473849,1.0
2024-12-03 12:30:00,test,True,100,0.473849,0.18099559366068244,0.21357468989941478,0,False,1,0.3911021265995952,0.3911021265995952,0.0,0.04269360791292838,0.04269360791292838,0.04269360791292838,0.2455722048859755,0.0,0.11846225,0.473849,1.0
2024-12-03 13:30:00,test,True,100,0.473849,0.20264552349293233,0.15923427007204294,0,False,1,0.39764429365143894,0.39764429365143894,0.0,0.038364398209620634,0.038364398209620634,0.038364398209620634,0.2028785969730471,0.0,0.11846225,0.473849,1.0
2024-12-03 14:30:00,test,True,100,0.473849,0.12942004710456728,0.11806785787910223,0,False,1,0.3855847304783252,0.3855847304783252,0.0,0.0568740134372214,0.0568740134372214,0.0568740134372214,0.1645141987634265,0.0,0.11846225,0.473849,1.0
2024-12-03 15:30:00,test,True,100,0.473849,0.07571984144868701,0.06712946246673167,0,False,1,0.4025828206784406,0.4025828206784406,0.0,0.05915158985942982,0.05915158985942982,0.05915158985942982,0.10764018532620509,0.0,0.11846225,0.473849,1.0
2024-12-03 16:30:00,test,True,100,0.473849,0.014162236273735761,0.024772310069378464,0,False,1,0.4439130051696233,0.4264641,0.003286668895887513,0.05754568423105183,0.06083235312693934,0.04848859546677527,0.04848859546677527,0.012343757660164073,0.11846225,0.473849,1.0
2024-12-03 17:30:00,test,False,100,0.473849,0.0006094888544790446,0.0017177081315090763,0,False,1,0.5071719721753821,0.4264641,0.0,0.0,0.0,0.0,0.0,0.0,0.11846225,0.473849,1.0
2024-12-03 18:30:00,test,False,100,0.473849,0.006411483065262437,0.0,0,False,1,0.5342255268985041,0.4264641,0.0,0.0,0.0,0.0,0.0,0.0,0.11846225,0.473849,1.0
2024-12-03 19:30:00,test,False,100,0.473849,0.01310093154513836,0.0,0,False,1,0.5416681761665799,0.4264641,0.0,0.0,0.0,0.0,0.0,0.0,0.11846225,0.473849,1.0
2024-12-03 20:30:00,test,False,100,0.473849,0.01599633216740191,0.0,0,False,1,0.509876630849445,0.4264641,0.0,0.0,0.0,0.0,0.0,0.0,0.11846225,0.473849,1.0
2024-12-03 21:30:00,test,False,100,0.473849,0.01812265940357745,0.0,0,False,1,0.4714097586490364,0.4264641,0.0,0.0,0.0,0.0,0.0,0.0,0.11846225,0.473849,1.0
2024-12-03 22:30:00,test,False,100,0.473849,0.02188489600971341,0.0,0,False,1,0.4408903987771798,0.4264641,0.0,0.0,0.0,0.0,0.0,0.0,0.11846225,0.473849,1.0
2024-12-03 23:30:00,test,False,100,0.473849,0.02067716553083062,0.0,0,False,1,0.3998450351452101,0.3998450351452101,0.0,0.0,0.0,0.0,0.0,0.0,0.11846225,0.473849,1.0
2024-12-04 00:30:00,test,False,100,0.473849,0.016657628301218152,0.0,0,False,1,0.36438890219233744,0.36438890219233744,0.0,0.0,0.0,0.0,0.473849,0.0,0.11846225,0.473849,1.0
2024-12-04 01:30:00,test,False,100,0.473849,0.013056877763688563,0.0,0,False,1,0.3784610680703261,0.3784610680703261,0.0,0.0,0.0,0.0,0.473849,0.0,0.11846225,0.473849,1.0
2024-12-04 02:30:00,test,False,100,0.473849,0.010634975797683001,0.0,0,False,1,0.3849089830312669,0.3849089830312669,0.0,0.0,0.0,0.0,0.473849,0.0,0.11846225,0.473849,1.0
2024-12-04 03:30:00,test,False,100,0.473849,0.009367786339133977,0.0,0,False,1,0.36591867307357684,0.36591867307357684,0.0,0.0,0.0,0.0,0.473849,0.0,0.11846225,0.473849,1.0
2024-12-04 04:30:00,test,False,100,0.473849,0.010114720812633633,0.0,0,False,1,0.39107235007372443,0.39107235007372443,0.0,0.0,0.0,0.0,0.473849,0.0,0.11846225,0.473849,1.0
2024-12-04 05:30:00,test,False,100,0.473849,0.013634925801306963,0.0,0,False,1,0.3896713087448478,0.3896713087448478,0.0,0.0,0.0,0.0,0.473849,0.0,0.11846225,0.473849,1.0
2024-12-04 06:30:00,test,False,100,0.473849,0.019337783090919256,0.015964650541178883,0,False,1,0.40406278075441165,0.40406278075441165,0.0,0.0,0.0,0.0,0.473849,0.0,0.11846225,0.473849,1.0
2024-12-04 07:30:00,test,True,100,0.473849,0.02927337137338519,0.0763147980825752,0,False,1,0.42958630592151054,0.4264641,0.0,0.04817682771413686,0.04817682771413686,0.04817682771413686,0.473849,0.0,0.11846225,0.473849,1.0
2024-12-04 08:30:00,test,True,100,0.473849,0.12218926175248623,0.1411456452899277,0,False,1,0.4702514446390561,0.4264641,0.0,0.0493435927489007,0.0493435927489007,0.0493435927489007,0.4256721722858632,0.0,0.11846225,0.473849,1.0
2024-12-04 09:30:00,test,True,100,0.473849,0.1877937363485396,0.20918672506901623,0,False,1,0.48634339074814187,0.4264641,0.0,0.04845002113817824,0.04845002113817824,0.04845002113817824,0.37632857953696247,0.0,0.11846225,0.473849,1.0
2024-12-04 10:30:00,test,True,100,0.473849,0.24899663408112527,0.2496802350219786,0,False,1,0.44812639486157146,0.4264641,0.0,0.02249492923688616,0.02249492923688616,0.02249492923688616,0.3278785583987842,0.0,0.11846225,0.473849,1.0
2024-12-04 11:30:00,test,True,100,0.473849,0.2796338698437214,0.28185969554269313,0,False,1,0.4094750789236292,0.4094750789236292,0.0,0.016742446162837994,0.016742446162837994,0.016742446162837994,0.30538362916189804,0.0,0.11846225,0.473849,1.0
2024-12-04 12:30:00,test,True,100,0.473849,0.28184569437032936,0.2530887073884606,0,False,1,0.3863198415945405,0.3863198415945405,0.0,0.01119968340343552,0.01119968340343552,0.01119968340343552,0.28864118299906005,0.0,0.11846225,0.473849,1.0
2024-12-04 13:30:00,test,True,100,0.473849,0.2339452125940919,0.18086678500270845,0,False,1,0.37953743800517115,0.37953743800517115,0.0,0.03155589467761334,0.03155589467761334,0.03155589467761334,0.27744149959562453,0.0,0.11846225,0.473849,1.0
2024-12-04 14:30:00,test,True,100,0.473849,0.15001876673519612,0.13290854952406883,0,False,1,0.3881016185823795,0.3881016185823795,0.0,0.054207742206033124,0.054207742206033124,0.054207742206033124,0.2458856049180112,0.0,0.11846225,0.473849,1.0
2024-12-04 15:30:00,test,True,100,0.473849,0.09627377993777395,0.07619998339292407,0,False,1,0.4094873311480893,0.4094873311480893,0.0,0.0557818720667887,0.0557818720667887,0.0557818720667887,0.19167786271197806,0.0,0.11846225,0.473849,1.0
2024-12-04 16:30:00,test,True,100,0.473849,0.03588185751752555,0.030469311648510397,0,False,1,0.4400094100956418,0.4264641,0.0,0.053049095129742985,0.053049095129742985,0.053049095129742985,0.13589599064518937,0.0,0.11846225,0.473849,1.0
2024-12-04 17:30:00,test,False,100,0.473849,0.006909084190073423,0.0016960107561789627,0,False,1,0.4871150843505858,0.4264641,0.0,0.0,0.0,0.0,0.08284689551544638,0.0,0.11846225,0.473849,1.0
2024-12-04 18:30:00,test,False,100,0.473849,0.010075801149129867,0.0,0,False,1,0.524128654718413,0.4264641,0.0,0.0,0.0,0.0,0.08284689551544638,0.0,0.11846225,0.473849,1.0
2024-12-04 19:30:00,test,False,100,0.473849,0.014686932638138533,0.0,0,False,1,0.5418658451841052,0.4264641,0.0,0.0,0.0,0.0,0.08284689551544638,0.0,0.11846225,0.473849,1.0
2024-12-04 20:30:00,test,False,100,0.473849,0.017892651632010936,0.0,0,False,1,0.5155945937137858,0.4264641,0.0,0.0,0.0,0.0,0.08284689551544638,0.0,0.11846225,0.473849,1.0
2024-12-04 21:30:00,test,False,100,0.473849,0.01964458280700445,0.0,0,False,1,0.4905027869831583,0.4264641,0.0,0.0,0.0,0.0,0.08284689551544638,0.0,0.11846225,0.473849,1.0
2024-12-04 22:30:00,test,False,100,0.473849,0.02209850850085914,0.0,0,False,1,0.42369914912824236,0.42369914912824236,0.0,0.0,0.0,0.0,0.08284689551544638,0.0,0.11846225,0.473849,1.0
2024-12-04 23:30:00,test,False,100,0.473849,0.022877342232584953,0.0,0,False,1,0.41628340284756593,0.41628340284756593,0.0,0.0,0.0,0.0,0.08284689551544638,0.0,0.11846225,0.473849,1.0
2024-12-05 00:30:00,test,False,100,0.473849,0.019554191706359386,0.0,0,False,1,0.3735443925599785,0.3735443925599785,0.0,0.0,0.0,0.0,0.473849,0.0,0.11846225,0.473849,1.0
2024-12-05 01:30:00,test,False,100,0.473849,0.01573644808702171,0.0,0,False,1,0.36935929913564536,0.36935929913564536,0.0,0.0,0.0,0.0,0.473849,0.0,0.11846225,0.473849,1.0
2024-12-05 02:30:00,test,False,100,0.473849,0.012695471093222499,0.0,0,False,1,0.36899620716620096,0.36899620716620096,0.0,0.0,0.0,0.0,0.473849,0.0,0.11846225,0.473849,1.0
2024-12-05 03:30:00,test,False,100,0.473849,0.010364050963819028,0.0,0,False,1,0.3617606712010855,0.3617606712010855,0.0,0.0,0.0,0.0,0.473849,0.0,0.11846225,0.473849,1.0
2024-12-05 04:30:00,test,False,100,0.473849,0.010082316328331828,0.0,0,False,1,0.3868403372787926,0.3868403372787926,0.0,0.0,0.0,0.0,0.473849,0.0,0.11846225,0.473849,1.0
2024-12-05 05:30:00,test,False,100,0.473849,0.011900574656739831,0.0,0,False,1,0.3861586455923989,0.3861586455923989,0.0,0.0,0.0,0.0,0.473849,0.0,0.11846225,0.473849,1.0
2024-12-05 06:30:00,test,False,100,0.473849,0.016124430137708784,0.0159347801510673,0,False,1,0.4108864658461915,0.4108864658461915,0.0,0.0,0.0,0.0,0.473849,0.0,0.11846225,0.473849,1.0
2024-12-05 07:30:00,test,True,100,0.473849,0.025329613209456207,0.06268152584133298,0,False,1,0.45212394852279264,0.4264641,0.00033023531333642095,0.05230661059608803,0.052636845909424454,0.052636845909424454,0.473849,0.0,0.11846225,0.473849,1.0
2024-12-05 08:30:00,test,True,100,0.473849,0.10097187706926465,0.11442872227573395,0,False,1,0.4856297259542309,0.4264641,0.0,0.06386245468135278,0.06386245468135278,0.06386245468135278,0.42121215409057555,0.0,0.11846225,0.473849,1.0
2024-12-05 09:30:00,test,True,100,0.473849,0.1570439184193611,0.1598558811441064,0,False,1,0.46649951153571023,0.4264641,0.0,0.05835176776381802,0.05835176776381802,0.05835176776381802,0.3573496994092228,0.0,0.11846225,0.473849,1.0
2024-12-05 10:30:00,test,True,100,0.473849,0.1936700051933229,0.19013318026575446,0,False,1,0.4329136877375171,0.4264641,0.0,0.03335571474312771,0.03335571474312771,0.03335571474312771,0.2989979316454048,0.0,0.11846225,0.473849,1.0
2024-12-05 11:30:00,test,True,100,0.473849,0.21813862148439883,0.2447415769431889,0,False,1,0.40258414327110614,0.40258414327110614,0.0,0.02820058696176659,0.02820058696176659,0.02820058696176659,0.2656422169022771,0.0,0.11846225,0.473849,1.0
2024-12-05 12:30:00,test,True,100,0.473849,0.24974996234360336,0.26390984563934805,0,False,1,0.3838390441780556,0.3838390441780556,0.0,0.01648702215628039,0.01648702215628039,0.01648702215628039,0.2374416299405105,0.0,0.11846225,0.473849,1.0
2024-12-05 13:30:00,test,True,100,0.473849,0.24430807278496028,0.2218465969326794,0,False,1,0.3844839579751179,0.3844839579751179,0.0,0.009579515510321834,0.009579515510321834,0.009579515510321834,0.2209546077842301,0.0,0.11846225,0.473849,1.0
2024-12-05 14:30:00,test,True,100,0.473849,0.18040450961613655,0.1839518433755636,0,False,1,0.38768143869674265,0.38768143869674265,0.0,0.02287461811761417,0.02287461811761417,0.02287461811761417,0.21137509227390827,0.0,0.11846225,0.473849,1.0
2024-12-05 15:30:00,test,True,100,0.473849,0.1255022728319913,0.1118131535795629,0,False,1,0.41040133434445913,0.41040133434445913,0.0,0.023720122222497777,0.023720122222497777,0.023720122222497777,0.1885004741562941,0.0,0.11846225,0.473849,1.0
2024-12-05 16:30:00,test,True,100,0.473849,0.05105278433533758,0.046311834083855155,0,False,1,0.44057341094023644,0.4264641,0.0,0.02885207628727713,0.02885207628727713,0.02885207628727713,0.1647803519337963,0.0,0.11846225,0.473849,1.0
2024-12-05 17:30:00,test,False,100,0.473849,0.003042807847637683,0.0021013528678186706,0,False,1,0.4824122680815891,0.4264641,0.0,0.0,0.0,0.0,0.1359282756465192,0.0,0.11846225,0.473849,1.0
2024-12-05 18:30:00,test,False,100,0.473849,0.007122095967903733,0.0,0,False,1,0.5214779539819798,0.4264641,0.0,0.0,0.0,0.0,0.1359282756465192,0.0,0.11846225,0.473849,1.0
2024-12-05 19:30:00,test,False,100,0.473849,0.01748189344166219,0.0,0,False,1,0.5363315546697411,0.4264641,0.0,0.0,0.0,0.0,0.1359282756465192,0.0,0.11846225,0.473849,1.0
2024-12-05 20:30:00,test,False,100,0.473849,0.018569291460558773,0.0,0,False,1,0.5112512780775916,0.4264641,0.0,0.0,0.0,0.0,0.1359282756465192,0.0,0.11846225,0.473849,1.0
2024-12-05 21:30:00,test,False,100,0.473849,0.019213466677442195,0.0,0,False,1,0.47332921001776157,0.4264641,0.0,0.0,0.0,0.0,0.1359282756465192,0.0,0.11846225,0.473849,1.0
2024-12-05 22:30:00,test,False,100,0.473849,0.021442470276489854,0.0,0,False,1,0.4194111357499309,0.4194111357499309,0.0,0.0,0.0,0.0,0.1359282756465192,0.0,0.11846225,0.473849,1.0
2024-12-05 23:30:00,test,False,100,0.473849,0.026704577459573747,0.0,0,False,1,0.39697593385208363,0.39697593385208363,0.0,0.0,0.0,0.0,0.1359282756465192,0.0,0.11846225,0.473849,1.0
2024-12-06 00:30:00,test,False,100,0.473849,0.02454849370290339,0.0,0,False,1,0.3749534396791133,0.3749534396791133,0.0,0.0,0.0,0.0,0.473849,0.0,0.11846225,0.473849,1.0
2024-12-06 01:30:00,test,False,100,0.473849,0.021274594709977508,0.0,0,False,1,0.3741798330567329,0.3741798330567329,0.0,0.0,0.0,0.0,0.473849,0.0,0.11846225,0.473849,1.0
2024-12-06 02:30:00,test,False,100,0.473849,0.018177228119060397,0.0,0,False,1,0.3848115149970417,0.3848115149970417,0.0,0.0,0.0,0.0,0.473849,0.0,0.11846225,0.473849,1.0
2024-12-06 03:30:00,test,False,100,0.473849,0.016059488016486167,0.0,0,False,1,0.3801684363621974,0.3801684363621974,0.0,0.0,0.0,0.0,0.473849,0.0,0.11846225,0.473849,1.0
2024-12-06 04:30:00,test,False,100,0.473849,0.01589273304067552,0.0,0,False,1,0.38698771491512357,0.38698771491512357,0.0,0.0,0.0,0.0,0.473849,0.0,0.11846225,0.473849,1.0
2024-12-06 05:30:00,test,False,100,0.473849,0.01771911401180923,0.0,0,False,1,0.3763873601474274,0.3763873601474274,0.0,0.0,0.0,0.0,0.473849,0.0,0.11846225,0.473849,1.0
2024-12-06 06:30:00,test,False,100,0.473849,0.022661331513866782,0.021320417252510784,0,False,1,0.3954766283429164,0.3954766283429164,0.0,0.0,0.0,0.0,0.473849,0.0,0.11846225,0.473849,1.0
2024-12-06 07:30:00,test,True,100,0.473849,0.033126461615011094,0.09522048367026448,0,False,1,0.43340336853878986,0.4264641,0.0,0.029158352108423942,0.029158352108423942,0.029158352108423942,0.473849,0.0,0.11846225,0.473849,1.0
2024-12-06 08:30:00,test,True,100,0.473849,0.14499421489794553,0.17460474308240415,0,False,1,0.46925260519956086,0.4264641,0.0,0.043029312152727345,0.043029312152727345,0.043029312152727345,0.4446906478915761,0.0,0.11846225,0.473849,1.0
2024-12-06 09:30:00,test,True,100,0.473849,0.2277760992564559,0.23743129248419403,0,False,1,0.4708545818785802,0.4264641,0.0,0.04278239668876662,0.04278239668876662,0.04278239668876662,0.40166133573884877,0.0,0.11846225,0.473849,1.0
2024-12-06 10:30:00,test,True,100,0.473849,0.2822590773217678,0.28221445102369785,0,False,1,0.432169367938905,0.4264641,0.0,0.030943073273248335,0.030943073273248335,0.030943073273248335,0.35887893905008217,0.0,0.11846225,0.473849,1.0
2024-12-06 11:30:00,test,True,100,0.473849,0.30809179067480563,0.3036017098198533,0,False,1,0.4009446272902029,0.4009446272902029,0.0,0.03206843149032211,0.03206843149032211,0.03206843149032211,0.3279358657768338,0.0,0.11846225,0.473849,1.0
2024-12-06 12:30:00,test,True,100,0.473849,0.3036042065076232,0.2825143758739829,0,False,1,0.3715850372482054,0.3715850372482054,0.0,0.027891137418705768,0.027891137418705768,0.027891137418705768,0.2958674342865117,0.0,0.11846225,0.473849,1.0
2024-12-06 13:30:00,test,True,100,0.473849,0.26129633301866056,0.24954731300583483,0,False,1,0.3939354884474283,0.3939354884474283,0.0,0.03580798606623547,0.03580798606623547,0.03580798606623547,0.26797629686780594,0.0,0.11846225,0.473849,1.0
2024-12-06 14:30:00,test,True,100,0.473849,0.20441156495195628,0.19160908123588563,0,False,1,0.3872339732757129,0.3872339732757129,0.0,0.028853721271922057,0.028853721271922057,0.028853721271922057,0.23216831080157047,0.0,0.11846225,0.473849,1.0
2024-12-06 15:30:00,test,True,100,0.473849,0.13372922754138708,0.116135564183563,0,False,1,0.4111327988628138,0.4111327988628138,0.0,0.024567369597649855,0.024567369597649855,0.024567369597649855,0.2033145895296484,0.0,0.11846225,0.473849,1.0
2024-12-06 16:30:00,test,True,100,0.473849,0.05897835915777832,0.04504162174914032,0,False,1,0.44017670929294467,0.4264641,0.0,0.024266753778032044,0.024266753778032044,0.024266753778032044,0.17874721993199855,0.0,0.11846225,0.473849,1.0
2024-12-06 17:30:00,test,False,100,0.473849,0.005042847517976537,0.0020075368676951183,0,False,1,0.4635934985547003,0.4264641,0.0,0.0,0.0,0.0,0.1544804661539665,0.0,0.11846225,0.473849,1.0
2024-12-06 18:30:00,test,False,100,0.473849,0.007818572858676313,0.0,0,False,1,0.5377789550343907,0.4264641,0.0,0.0,0.0,0.0,0.1544804661539665,0.0,0.11846225,0.473849,1.0
2024-12-06 19:30:00,test,False,100,0.473849,0.019585967176303266,0.0,0,False,1,0.5405422678311377,0.4264641,0.0,0.0,0.0,0.0,0.1544804661539665,0.0,0.11846225,0.473849,1.0
2024-12-06 20:30:00,test,False,100,0.473849,0.02123014430230856,0.0,0,False,1,0.5424943801414538,0.4264641,0.0,0.0,0.0,0.0,0.1544804661539665,0.0,0.11846225,0.473849,1.0
2024-12-06 21:30:00,test,False,100,0.473849,0.02174464811205864,0.0,0,False,1,0.49500261155526076,0.4264641,0.0,0.0,0.0,0.0,0.1544804661539665,0.0,0.11846225,0.473849,1.0
2024-12-06 22:30:00,test,False,100,0.473849,0.025155884477749465,0.0,0,False,1,0.4392298887922244,0.4264641,0.0,0.0,0.0,0.0,0.1544804661539665,0.0,0.11846225,0.473849,1.0
2024-12-06 23:30:00,test,False,100,0.473849,0.02841546254786849,0.0,0,False,1,0.39764585694192456,0.39764585694192456,0.0,0.0,0.0,0.0,0.1544804661539665,0.0,0.11846225,0.473849,1.0
2024-12-07 00:30:00,test,False,100,0.473849,0.026169680466875435,0.0,0,False,1,0.3801815389117421,0.3801815389117421,0.0,0.0,0.0,0.0,0.473849,0.0,0.11846225,0.473849,1.0
2024-12-07 01:30:00,test,False,100,0.473849,0.023021260194838047,0.0,0,False,1,0.3759416671802649,0.3759416671802649,0.0,0.0,0.0,0.0,0.473849,0.0,0.11846225,0.473849,1.0
2024-12-07 02:30:00,test,False,100,0.473849,0.020177379436343908,0.0,0,False,1,0.3829795473866818,0.3829795473866818,0.0,0.0,0.0,0.0,0.473849,0.0,0.11846225,0.473849,1.0
2024-12-07 03:30:00,test,False,100,0.473849,0.0182913040856719,0.0,0,False,1,0.3802770267145797,0.3802770267145797,0.0,0.0,0.0,0.0,0.473849,0.0,0.11846225,0.473849,1.0
2024-12-07 04:30:00,test,False,100,0.473849,0.018196106453090905,0.0,0,False,1,0.3775870398549112,0.3775870398549112,0.0,0.0,0.0,0.0,0.473849,0.0,0.11846225,0.473849,1.0
2024-12-07 05:30:00,test,False,100,0.473849,0.019776937324628235,0.0,0,False,1,0.3832754577813482,0.3832754577813482,0.0,0.0,0.0,0.0,0.473849,0.0,0.11846225,0.473849,1.0
2024-12-07 06:30:00,test,False,100,0.473849,0.024811214845836163,0.020283980375217274,0,False,1,0.4079618519312184,0.4079618519312184,0.0,0.0,0.0,0.0,0.473849,0.0,0.11846225,0.473849,1.0
2024-12-07 07:30:00,test,True,100,0.473849,0.034889961035504936,0.09648672836598754,0,False,1,0.4263928806553074,0.4263928806553074,0.0,0.02289207194494007,0.02289207194494007,0.02289207194494007,0.473849,0.0,0.11846225,0.473849,1.0
2024-12-07 08:30:00,test,True,100,0.473849,0.14729825412891806,0.1740976868406534,0,False,1,0.4780223299376128,0.4264641,0.0,0.054632640801761084,0.054632640801761084,0.054632640801761084,0.45095692805505994,0.0,0.11846225,0.473849,1.0
2024-12-07 09:30:00,test,True,100,0.473849,0.22696293161910772,0.23423560548827052,0,False,1,0.4636157222674861,0.4264641,0.0,0.047373068254274224,0.047373068254274224,0.047373068254274224,0.3963242872532988,0.0,0.11846225,0.473849,1.0
2024-12-07 10:30:00,test,True,100,0.473849,0.27871545159196853,0.26350911663591864,0,False,1,0.3987120168776883,0.3987120168776883,0.0,0.0423745017157616,0.0423745017157616,0.0423745017157616,0.3489512189990246,0.0,0.11846225,0.473849,1.0
2024-12-07 11:30:00,test,True,100,0.473849,0.28869859818321464,0.27113105855244396,0,False,1,0.39980010835773605,0.39980010835773605,0.0,0.04334304514708395,0.04334304514708395,0.04334304514708395,0.30657671728326297,0.0,0.11846225,0.473849,1.0
2024-12-07 12:30:00,test,True,100,0.473849,0.2735570255806148,0.2572998261296153,0,False,1,0.37865152898142596,0.37865152898142596,0.0,0.043331625857517195,0.043331625857517195,0.043331625857517195,0.263233672136179,0.0,0.11846225,0.473849,1.0
2024-12-07 13:30:00,test,True,100,0.473849,0.2436061125483513,0.22369222779622674,0,False,1,0.39173641315316077,0.39173641315316077,0.0,0.044277732682876256,0.044277732682876256,0.044277732682876256,0.21990204627866178,0.0,0.11846225,0.473849,1.0
2024-12-07 14:30:00,test,True,100,0.473849,0.1873680147561729,0.17680279919940234,0,False,1,0.39287401534870414,0.39287401534870414,0.0,0.03675223505973282,0.03675223505973282,0.03675223505973282,0.1756243135957855,0.0,0.11846225,0.473849,1.0
2024-12-07 15:30:00,test,True,100,0.473849,0.12507717512054742,0.10678097330592573,0,False,1,0.4027072945908544,0.4027072945908544,0.0,0.028414207656663693,0.028414207656663693,0.028414207656663693,0.13887207853605268,0.0,0.11846225,0.473849,1.0
2024-12-07 16:30:00,test,True,100,0.473849,0.052935017563529314,0.043038066969282925,0,False,1,0.4302673132448041,0.4264641,0.0,0.02164303081916427,0.02164303081916427,0.02164303081916427,0.11045787087938899,0.0,0.11846225,0.473849,1.0
2024-12-07 17:30:00,test,False,100,0.473849,0.0028667485755346717,0.002258677822763722,0,False,1,0.48148884408676046,0.4264641,0.0,0.0,0.0,0.0,0.08881484006022472,0.0,0.11846225,0.473849,1.0
2024-12-07 18:30:00,test,False,100,0.473849,0.007534750501796603,0.0,0,False,1,0.5199301780005537,0.4264641,0.0,0.0,0.0,0.0,0.08881484006022472,0.0,0.11846225,0.473849,1.0
2024-12-07 19:30:00,test,False,100,0.473849,0.01722383532731235,0.0,0,False,1,0.5476062914618303,0.4264641,0.0,0.0,0.0,0.0,0.08881484006022472,0.0,0.11846225,0.473849,1.0
2024-12-07 20:30:00,test,False,100,0.473849,0.019088315062850712,0.0,0,False,1,0.5240785266986171,0.4264641,0.0,0.0,0.0,0.0,0.08881484006022472,0.0,0.11846225,0.473849,1.0
2024-12-07 21:30:00,test,False,100,0.473849,0.019076276396229865,0.0,0,False,1,0.4905671410904342,0.4264641,0.0,0.0,0.0,0.0,0.08881484006022472,0.0,0.11846225,0.473849,1.0
2024-12-07 22:30:00,test,False,100,0.473849,0.02098051181142032,0.0,0,False,1,0.439010718860105,0.4264641,0.0,0.0,0.0,0.0,0.08881484006022472,0.0,0.11846225,0.473849,1.0
2024-12-07 23:30:00,test,False,100,0.473849,0.024634431507751346,0.0,0,False,1,0.3908902083940065,0.3908902083940065,0.0,0.0,0.0,0.0,0.08881484006022472,0.0,0.11846225,0.473849,1.0
2024-12-08 00:30:00,test,False,100,0.473849,0.022537894180372355,0.0,0,False,1,0.38039292409344566,0.38039292409344566,0.0,0.0,0.0,0.0,0.473849,0.0,0.11846225,0.473849,1.0
2024-12-08 01:30:00,test,False,100,0.473849,0.01967579888676107,0.0,0,False,1,0.37852321606696016,0.37852321606696016,0.0,0.0,0.0,0.0,0.473849,0.0,0.11846225,0.473849,1.0
2024-12-08 02:30:00,test,False,100,0.473849,0.0172779352325201,0.0,0,False,1,0.3725986269297758,0.3725986269297758,0.0,0.0,0.0,0.0,0.473849,0.0,0.11846225,0.473849,1.0
2024-12-08 03:30:00,test,False,100,0.473849,0.015431702443614602,0.0,0,False,1,0.38390805225984953,0.38390805225984953,0.0,0.0,0.0,0.0,0.473849,0.0,0.11846225,0.473849,1.0
2024-12-08 04:30:00,test,False,100,0.473849,0.015850866071343422,0.0,0,False,1,0.3822566368935564,0.3822566368935564,0.0,0.0,0.0,0.0,0.473849,0.0,0.11846225,0.473849,1.0
2024-12-08 05:30:00,test,False,100,0.473849,0.018476647154524923,0.0,0,False,1,0.37472368227206176,0.37472368227206176,0.0,0.0,0.0,0.0,0.473849,0.0,0.11846225,0.473849,1.0
2024-12-08 06:30:00,test,False,100,0.473849,0.02387959750314057,0.016467716340947895,0,False,1,0.40341698236834106,0.40341698236834106,0.0,0.0,0.0,0.0,0.473849,0.0,0.11846225,0.473849,1.0
2024-12-08 07:30:00,test,True,100,0.473849,0.033781479800358415,0.08125253528869152,0,False,1,0.4279572897786588,0.4264641,0.0,0.022310958697282585,0.022310958697282585,0.022310958697282585,0.473849,0.0,0.11846225,0.473849,1.0
2024-12-08 08:30:00,test,True,100,0.473849,0.1305002249661386,0.14314604329049588,0,False,1,0.46612578578538455,0.4264641,0.0,0.04704436853958674,0.04704436853958674,0.04704436853958674,0.45153804130271746,0.0,0.11846225,0.473849,1.0
2024-12-08 09:30:00,test,True,100,0.473849,0.19157427846130728,0.21804143360841274,0,False,1,0.4623349489402548,0.4264641,0.0,0.04236034956473804,0.04236034956473804,0.04236034956473804,0.40449367276313075,0.0,0.11846225,0.473849,1.0
2024-12-08 10:30:00,test,True,100,0.473849,0.260402085807085,0.26110808387231826,0,False,1,0.4452684366373246,0.4264641,0.0,0.034138831467943255,0.034138831467943255,0.034138831467943255,0.3621333231983927,0.0,0.11846225,0.473849,1.0
2024-12-08 11:30:00,test,True,100,0.473849,0.29129833541458844,0.29933511870485546,0,False,1,0.39570116381451204,0.39570116381451204,0.0,0.03020568737099877,0.03020568737099877,0.03020568737099877,0.3279944917304494,0.0,0.11846225,0.473849,1.0
2024-12-08 12:30:00,test,True,100,0.473849,0.30038060197007654,0.2902277655431032,0,False,1,0.3741688959370304,0.3741688959370304,0.0,0.019153347039076743,0.019153347039076743,0.019153347039076743,0.29778880435945065,0.0,0.11846225,0.473849,1.0
2024-12-08 13:30:00,test,True,100,0.473849,0.2689464168171585,0.2534968186012507,0,False,1,0.3915159056907169,0.3915159056907169,0.0,0.019296365353275287,0.019296365353275287,0.019296365353275287,0.2786354573203739,0.0,0.11846225,0.473849,1.0
2024-12-08 14:30:00,test,True,100,0.473849,0.20645463872006536,0.20250927271020414,0,False,1,0.3832240607992221,0.3832240607992221,0.0,0.021610646795146442,0.021610646795146442,0.021610646795146442,0.25933909196709864,0.0,0.11846225,0.473849,1.0
2024-12-08 15:30:00,test,True,100,0.473849,0.13993425707241894,0.12904029496856034,0,False,1,0.4035781140637663,0.4035781140637663,0.0,0.023647740584254166,0.023647740584254166,0.023647740584254166,0.2377284451719522,0.0,0.11846225,0.473849,1.0
2024-12-08 16:30:00,test,True,100,0.473849,0.06364736598589271,0.04812603626441211,0,False,1,0.437069295232283,0.4264641,0.0,0.01950200579332903,0.01950200579332903,0.01950200579332903,0.21408070458769804,0.0,0.11846225,0.473849,1.0
2024-12-08 17:30:00,test,False,100,0.473849,0.005952760517109186,0.002203074579581298,0,False,1,0.47882372632086595,0.4264641,0.0,0.0,0.0,0.0,0.194578698794369,0.0,0.11846225,0.473849,1.0
2024-12-08 18:30:00,test,False,100,0.473849,0.0076949094628840685,0.0,0,False,1,0.517845137740008,0.4264641,0.0,0.0,0.0,0.0,0.194578698794369,0.0,0.11846225,0.473849,1.0
2024-12-08 19:30:00,test,False,100,0.473849,0.019051421567499637,0.0,0,False,1,0.5537492352645281,0.4264641,0.0,0.0,0.0,0.0,0.194578698794369,0.0,0.11846225,0.473849,1.0
2024-12-08 20:30:00,test,False,100,0.473849,0.019808753101870417,0.0,0,False,1,0.527512965295066,0.4264641,0.0,0.0,0.0,0.0,0.194578698794369,0.0,0.11846225,0.473849,1.0
2024-12-08 21:30:00,test,False,100,0.473849,0.019609922362819315,0.0,0,False,1,0.4709214042006197,0.4264641,0.0,0.0,0.0,0.0,0.194578698794369,0.0,0.11846225,0.473849,1.0
2024-12-08 22:30:00,test,False,100,0.473849,0.02387885203535855,0.0,0,False,1,0.42170365861152936,0.42170365861152936,0.0,0.0,0.0,0.0,0.194578698794369,0.0,0.11846225,0.473849,1.0
2024-12-08 23:30:00,test,False,100,0.473849,0.028053845676988362,0.0,0,False,1,0.40963192757955963,0.40963192757955963,0.0,0.0,0.0,0.0,0.194578698794369,0.0,0.11846225,0.473849,1.0
2024-12-09 00:30:00,test,False,100,0.473849,0.026092658563151957,0.0,0,False,1,0.3759064051791773,0.3759064051791773,0.0,0.0,0.0,0.0,0.473849,0.0,0.11846225,0.473849,1.0
2024-12-09 01:30:00,test,False,100,0.473849,0.023111208771795035,0.0,0,False,1,0.3795394680140331,0.3795394680140331,0.0,0.0,0.0,0.0,0.473849,0.0,0.11846225,0.473849,1.0
2024-12-09 02:30:00,test,False,100,0.473849,0.020374328518718482,0.0,0,False,1,0.3723563561109997,0.3723563561109997,0.0,0.0,0.0,0.0,0.473849,0.0,0.11846225,0.473849,1.0
2024-12-09 03:30:00,test,False,100,0.473849,0.01870364124891162,0.0,0,False,1,0.3793942246400522,0.3793942246400522,0.0,0.0,0.0,0.0,0.473849,0.0,0.11846225,0.473849,1.0
2024-12-09 04:30:00,test,False,100,0.473849,0.018298226899504662,0.0,0,False,1,0.386814897855487,0.386814897855487,0.0,0.0,0.0,0.0,0.473849,0.0,0.11846225,0.473849,1.0
2024-12-09 05:30:00,test,False,100,0.473849,0.020496068169116973,0.0,0,False,1,0.386625880243837,0.386625880243837,0.0,0.0,0.0,0.0,0.473849,0.0,0.11846225,0.473849,1.0
2024-12-09 06:30:00,test,False,100,0.473849,0.025584633915394544,0.016860063537793235,0,False,1,0.4079009139652116,0.4079009139652116,0.0,0.0,0.0,0.0,0.473849,0.0,0.11846225,0.473849,1.0
2024-12-09 07:30:00,test,True,100,0.473849,0.03549977698896825,0.08324845724457502,0,False,1,0.4405874175377277,0.4264641,0.0,0.022675703073444162,0.022675703073444162,0.022675703073444162,0.473849,0.0,0.11846225,0.473849,1.0
2024-12-09 08:30:00,test,True,100,0.473849,0.13459724938619136,0.1466403709783256,0,False,1,0.4804801296798361,0.4264641,0.0,0.04156288737272716,0.04156288737272716,0.04156288737272716,0.45117329692655583,0.0,0.11846225,0.473849,1.0
2024-12-09 09:30:00,test,True,100,0.473849,0.1957870793158114,0.2156985358570814,0,False,1,0.46814578649540495,0.4264641,0.0,0.03800213506325265,0.03800213506325265,0.03800213506325265,0.40961040955382866,0.0,0.11846225,0.473849,1.0
2024-12-09 10:30:00,test,True,100,0.473849,0.25783540363204477,0.26129497896522286,0,False,1,0.43521495959116174,0.4264641,0.0,0.030636667293642686,0.030636667293642686,0.030636667293642686,0.371608274490576,0.0,0.11846225,0.473849,1.0
2024-12-09 11:30:00,test,True,100,0.473849,0.2912268238887787,0.28370495004189017,0,False,1,0.40270968509068417,0.40270968509068417,0.0,0.028454323083995092,0.028454323083995092,0.028454323083995092,0.3409716071969333,0.0,0.11846225,0.473849,1.0
2024-12-09 12:30:00,test,True,100,0.473849,0.2855022387530208,0.25916137655436994,0,False,1,0.3905797323806072,0.3905797323806072,0.0,0.026969183017035325,0.026969183017035325,0.026969183017035325,0.3125172841129382,0.0,0.11846225,0.473849,1.0
2024-12-09 13:30:00,test,True,100,0.473849,0.24315440809237956,0.22216046113601326,0,False,1,0.39270155138494467,0.39270155138494467,0.0,0.03325675662296912,0.03325675662296912,0.03325675662296912,0.2855481010959029,0.0,0.11846225,0.473849,1.0
2024-12-09 14:30:00,test,True,100,0.473849,0.18544809612119198,0.15813348031029106,0,False,1,0.39724115235381946,0.39724115235381946,0.0,0.033405754243749995,0.033405754243749995,0.033405754243749995,0.2522913444729338,0.0,0.11846225,0.473849,1.0
2024-12-09 15:30:00,test,True,100,0.473849,0.113754711151734,0.10291888866350055,0,False,1,0.3980252242136866,0.3980252242136866,0.0,0.04074291256857357,0.04074291256857357,0.04074291256857357,0.21888559022918377,0.0,0.11846225,0.473849,1.0
2024-12-09 16:30:00,test,True,100,0.473849,0.0517194289592728,0.036134528087109326,0,False,1,0.4521741737588527,0.4264641,0.0,0.03480184049752193,0.03480184049752193,0.03480184049752193,0.1781426776606102,0.0,0.11846225,0.473849,1.0
2024-12-09 17:30:00,test,False,100,0.473849,0.004361062007541768,0.001898030077712494,0,False,1,0.48150734326643485,0.4264641,0.0,0.0,0.0,0.0,0.14334083716308826,0.0,0.11846225,0.473849,1.0
2024-12-09 18:30:00,test,False,100,0.473849,0.008692203548178077,0.0,0,False,1,0.5277240613264623,0.4264641,0.0,0.0,0.0,0.0,0.14334083716308826,0.0,0.11846225,0.473849,1.0
2024-12-09 19:30:00,test,False,100,0.473849,0.016239080947488545,0.0,0,False,1,0.5442999449717337,0.4264641,0.0,0.0,0.0,0.0,0.14334083716308826,0.0,0.11846225,0.473849,1.0
2024-12-09 20:30:00,test,False,100,0.473849,0.02041905124606192,0.0,0,False,1,0.5376294447827166,0.4264641,0.0,0.0,0.0,0.0,0.14334083716308826,0.0,0.11846225,0.473849,1.0
2024-12-09 21:30:00,test,False,100,0.473849,0.02037726879964769,0.0,0,False,1,0.48256504429442987,0.4264641,0.0,0.0,0.0,0.0,0.14334083716308826,0.0,0.11846225,0.473849,1.0
2024-12-09 22:30:00,test,False,100,0.473849,0.024362105254635214,0.0,0,False,1,0.43202034372547515,0.4264641,0.0,0.0,0.0,0.0,0.14334083716308826,0.0,0.11846225,0.473849,1.0
2024-12-09 23:30:00,test,False,100,0.473849,0.026694995114430783,0.0,0,False,1,0.4112128371460624,0.4112128371460624,0.0,0.0,0.0,0.0,0.14334083716308826,0.0,0.11846225,0.473849,1.0
2024-12-10 00:30:00,test,False,100,0.473849,0.024804800261199474,0.0,0,False,1,0.3787948699443164,0.3787948699443164,0.0,0.0,0.0,0.0,0.473849,0.0,0.11846225,0.473849,1.0
2024-12-10 01:30:00,test,False,100,0.473849,0.021869564616471528,0.0,0,False,1,0.3661902641918515,0.3661902641918515,0.0,0.0,0.0,0.0,0.473849,0.0,0.11846225,0.473849,1.0
2024-12-10 02:30:00,test,False,100,0.473849,0.01916096509228647,0.0,0,False,1,0.38362629438616985,0.38362629438616985,0.0,0.0,0.0,0.0,0.473849,0.0,0.11846225,0.473849,1.0
2024-12-10 03:30:00,test,False,100,0.473849,0.017635367395684123,0.0,0,False,1,0.3848798060688365,0.3848798060688365,0.0,0.0,0.0,0.0,0.473849,0.0,0.11846225,0.473849,1.0
2024-12-10 04:30:00,test,False,100,0.473849,0.017788031113117934,0.0,0,False,1,0.3626721439067401,0.3626721439067401,0.0,0.0,0.0,0.0,0.473849,0.0,0.11846225,0.473849,1.0
2024-12-10 05:30:00,test,False,100,0.473849,0.01992987679453194,0.0,0,False,1,0.37457926654564266,0.37457926654564266,0.0,0.0,0.0,0.0,0.473849,0.0,0.11846225,0.473849,1.0
2024-12-10 06:30:00,test,False,100,0.473849,0.024769692088365554,0.015165938319973647,0,False,1,0.3917231035217764,0.3917231035217764,0.0,0.0,0.0,0.0,0.473849,0.0,0.11846225,0.473849,1.0
2024-12-10 07:30:00,test,True,100,0.473849,0.034357532666772606,0.07516582905687391,0,False,1,0.43992155474405087,0.4264641,0.0,0.03150572333084289,0.03150572333084289,0.03150572333084289,0.473849,0.0,0.11846225,0.473849,1.0
2024-12-10 08:30:00,test,True,100,0.473849,0.12360829131764173,0.13721662405571342,0,False,1,0.4722570508232224,0.4264641,0.0,0.05230740512667444,0.05230740512667444,0.05230740512667444,0.4423432766691571,0.0,0.11846225,0.473849,1.0
2024-12-10 09:30:00,test,True,100,0.473849,0.18520394473743437,0.20506932877728343,0,False,1,0.4690178535395635,0.4264641,0.0,0.04582696745102757,0.04582696745102757,0.04582696745102757,0.3900358715424827,0.0,0.11846225,0.473849,1.0
2024-12-10 10:30:00,test,True,100,0.473849,0.2448721523169875,0.2528517716126442,0,False,1,0.43388560658927,0.4264641,0.0,0.03871186770848675,0.03871186770848675,0.03871186770848675,0.3442089040914551,0.0,0.11846225,0.473849,1.0
2024-12-10 11:30:00,test,True,100,0.473849,0.2841905567063093,0.2720476813659668,0,False,1,0.3937527626968054,0.3937527626968054,0.0,0.02479694858659349,0.02479694858659349,0.02479694858659349,0.3054970363829683,0.0,0.11846225,0.473849,1.0
2024-12-10 12:30:00,test,True,100,0.473849,0.27435114941623806,0.25389595566529033,0,False,1,0.38344977078895986,0.38344977078895986,0.0,0.02544114608753517,0.02544114608753517,0.02544114608753517,0.28070008779637484,0.0,0.11846225,0.473849,1.0
2024-12-10 13:30:00,test,True,100,0.473849,0.23863367595165969,0.2011847875279486,0,False,1,0.3705208559325515,0.3705208559325515,0.0,0.028234027090234606,0.028234027090234606,0.028234027090234606,0.25525894170883967,0.0,0.11846225,0.473849,1.0
2024-12-10 14:30:00,test,True,100,0.473849,0.16913769234278797,0.14682308398455382,0,False,1,0.39210642750809493,0.39210642750809493,0.0,0.0413650736344735,0.0413650736344735,0.0413650736344735,0.22702491461860508,0.0,0.11846225,0.473849,1.0
2024-12-10 15:30:00,test,True,100,0.473849,0.10692147988526524,0.09467418632854521,0,False,1,0.40019691944276947,0.40019691944276947,0.0,0.045496196724061445,0.045496196724061445,0.045496196724061445,0.18565984098413157,0.0,0.11846225,0.473849,1.0
2024-12-10 16:30:00,test,True,100,0.473849,0.04619481420397013,0.035933014712389556,0,False,1,0.4331303053370999,0.4264641,0.0,0.04076335473528542,0.04076335473528542,0.04076335473528542,0.14016364426007014,0.0,0.11846225,0.473849,1.0
2024-12-10 17:30:00,test,False,100,0.473849,0.005022204939041286,0.0023563200315774883,0,False,1,0.4851278357052759,0.4264641,0.0,0.0,0.0,0.0,0.09940028952478472,0.0,0.11846225,0.473849,1.0
2024-12-10 18:30:00,test,False,100,0.473849,0.009238050120204688,0.0,0,False,1,0.5371999759685995,0.4264641,0.0,0.0,0.0,0.0,0.09940028952478472,0.0,0.11846225,0.473849,1.0
2024-12-10 19:30:00,test,False,100,0.473849,0.01595953764347732,0.0,0,False,1,0.5334230951989356,0.4264641,0.0,0.0,0.0,0.0,0.09940028952478472,0.0,0.11846225,0.473849,1.0
2024-12-10 20:30:00,test,False,100,0.473849,0.02007711344318092,0.0,0,False,1,0.5255249696048296,0.4264641,0.0,0.0,0.0,0.0,0.09940028952478472,0.0,0.11846225,0.473849,1.0
2024-12-10 21:30:00,test,False,100,0.473849,0.022336794340461492,0.0,0,False,1,0.4882616957766939,0.4264641,0.0,0.0,0.0,0.0,0.09940028952478472,0.0,0.11846225,0.473849,1.0
2024-12-10 22:30:00,test,False,100,0.473849,0.02587499102950096,0.0,0,False,1,0.4412624376127343,0.4264641,0.0,0.0,0.0,0.0,0.09940028952478472,0.0,0.11846225,0.473849,1.0
2024-12-10 23:30:00,test,False,100,0.473849,0.027754467584088446,0.0,0,False,1,0.4114043881825638,0.4114043881825638,0.0,0.0,0.0,0.0,0.09940028952478472,0.0,0.11846225,0.473849,1.0
2024-12-11 00:30:00,test,False,100,0.473849,0.025593649889558555,0.0,0,False,1,0.38352795252070465,0.38352795252070465,0.0,0.0,0.0,0.0,0.473849,0.0,0.11846225,0.473849,1.0
2024-12-11 01:30:00,test,False,100,0.473849,0.022138393816277385,0.0,0,False,1,0.3696200772622984,0.3696200772622984,0.0,0.0,0.0,0.0,0.473849,0.0,0.11846225,0.473849,1.0
2024-12-11 02:30:00,test,False,100,0.473849,0.01906952238701284,0.0,0,False,1,0.38110600732827543,0.38110600732827543,0.0,0.0,0.0,0.0,0.473849,0.0,0.11846225,0.473849,1.0
2024-12-11 03:30:00,test,False,100,0.473849,0.01705591387066245,0.0,0,False,1,0.3863333341634901,0.3863333341634901,0.0,0.0,0.0,0.0,0.473849,0.0,0.11846225,0.473849,1.0
2024-12-11 04:30:00,test,False,100,0.473849,0.016892868411079048,0.0,0,False,1,0.3815423724100287,0.3815423724100287,0.0,0.0,0.0,0.0,0.473849,0.0,0.11846225,0.473849,1.0
2024-12-11 05:30:00,test,False,100,0.473849,0.01918202084079385,0.0,0,False,1,0.4006450805547406,0.4006450805547406,0.0,0.0,0.0,0.0,0.473849,0.0,0.11846225,0.473849,1.0
2024-12-11 06:30:00,test,False,100,0.473849,0.023935301440790296,0.014557146449796856,0,False,1,0.39808134674132933,0.39808134674132933,0.0,0.0,0.0,0.0,0.473849,0.0,0.11846225,0.473849,1.0
2024-12-11 07:30:00,test,True,100,0.473849,0.03360367754395306,0.0607087499505952,0,False,1,0.4331785359806746,0.4264641,0.0,0.03595668409698938,0.03595668409698938,0.03595668409698938,0.473849,0.0,0.11846225,0.473849,1.0
2024-12-11 08:30:00,test,True,100,0.473849,0.10837208302877843,0.11035628077475726,0,False,1,0.4731495350250702,0.4264641,0.0,0.04830604617869675,0.04830604617869675,0.04830604617869675,0.43789231590301064,0.0,0.11846225,0.473849,1.0
2024-12-11 09:30:00,test,True,100,0.473849,0.15637469524908065,0.1639032395209968,0,False,1,0.46332275684439006,0.4264641,0.0,0.045072138789366875,0.045072138789366875,0.045072138789366875,0.38958626972431387,0.0,0.11846225,0.473849,1.0
2024-12-11 10:30:00,test,True,100,0.473849,0.2008523800921142,0.18196044349074364,0,False,1,0.43013523470885595,0.4264641,0.0,0.03020958918093986,0.03020958918093986,0.03020958918093986,0.344514130934947,0.0,0.11846225,0.473849,1.0
2024-12-11 11:30:00,test,True,100,0.473849,0.21201791897326708,0.1671373076931834,0,False,1,0.400305740561223,0.400305740561223,0.0,0.028357153571989365,0.028357153571989365,0.028357153571989365,0.3143045417540071,0.0,0.11846225,0.473849,1.0
2024-12-11 12:30:00,test,True,100,0.473849,0.1686680133538842,0.17885098902258276,0,False,1,0.38131141249152845,0.38131141249152845,0.0,0.04678396415172074,0.04678396415172074,0.04678396415172074,0.28594738818201776,0.0,0.11846225,0.473849,1.0
2024-12-11 13:30:00,test,True,100,0.473849,0.16990421470591427,0.15978452498441933,0,False,1,0.37953582076895237,0.37953582076895237,0.0,0.04458434112668654,0.04458434112668654,0.04458434112668654,0.23916342403029703,0.0,0.11846225,0.473849,1.0
2024-12-11 14:30:00,test,True,100,0.473849,0.13027518397147952,0.09866968722039461,0,False,1,0.3839960298857573,0.3839960298857573,0.0,0.04312805660654325,0.04312805660654325,0.04312805660654325,0.19457908290361048,0.0,0.11846225,0.473849,1.0
2024-12-11 15:30:00,test,True,100,0.473849,0.06176304063925892,0.06291920275859535,0,False,1,0.3996351777553171,0.3996351777553171,0.0,0.05027891750385557,0.05027891750385557,0.05027891750385557,0.15145102629706722,0.0,0.11846225,0.473849,1.0
2024-12-11 16:30:00,test,True,100,0.473849,0.017035728204809128,0.02462566898678243,0,False,1,0.4214082268710251,0.4214082268710251,0.0,0.04940160109048494,0.04940160109048494,0.04940160109048494,0.10117210879321165,0.0,0.11846225,0.473849,1.0
2024-12-11 17:30:00,test,False,100,0.473849,0.0010481847979524172,0.0018211459561968512,0,False,1,0.4870521372507247,0.4264641,0.0,0.0,0.0,0.0,0.051770507702726704,0.0,0.11846225,0.473849,1.0
2024-12-11 18:30:00,test,False,100,0.473849,0.00980478247013688,0.0,0,False,1,0.5253847211973038,0.4264641,0.0,0.0,0.0,0.0,0.051770507702726704,0.0,0.11846225,0.473849,1.0
2024-12-11 19:30:00,test,False,100,0.473849,0.019310952432647348,0.0,0,False,1,0.53849659992802,0.4264641,0.0,0.0,0.0,0.0,0.051770507702726704,0.0,0.11846225,0.473849,1.0
2024-12-11 20:30:00,test,False,100,0.473849,0.02401403800909221,0.0,0,False,1,0.5377378999821847,0.4264641,0.0,0.0,0.0,0.0,0.051770507702726704,0.0,0.11846225,0.473849,1.0
2024-12-11 21:30:00,test,False,100,0.473849,0.02599873640657961,0.0,0,False,1,0.48402967125214175,0.4264641,0.0,0.0,0.0,0.0,0.051770507702726704,0.0,0.11846225,0.473849,1.0
2024-12-11 22:30:00,test,False,100,0.473849,0.029634038478150965,0.0,0,False,1,0.4392226497244935,0.4264641,0.0,0.0,0.0,0.0,0.051770507702726704,0.0,0.11846225,0.473849,1.0
2024-12-11 23:30:00,test,False,100,0.473849,0.029289856256201865,0.0,0,False,1,0.4092176105858047,0.4092176105858047,0.0,0.0,0.0,0.0,0.051770507702726704,0.0,0.11846225,0.473849,1.0
2024-12-12 00:30:00,test,False,100,0.473849,0.02637713166578114,0.0,0,False,1,0.36217125366036695,0.36217125366036695,0.0,0.0,0.0,0.0,0.473849,0.0,0.11846225,0.473849,1.0
2024-12-12 01:30:00,test,False,100,0.473849,0.022876207390502095,0.0,0,False,1,0.36915200541105675,0.36915200541105675,0.0,0.0,0.0,0.0,0.473849,0.0,0.11846225,0.473849,1.0
2024-12-12 02:30:00,test,False,100,0.473849,0.01967192745320499,0.0,0,False,1,0.38872309478451184,0.38872309478451184,0.0,0.0,0.0,0.0,0.473849,0.0,0.11846225,0.473849,1.0
2024-12-12 03:30:00,test,False,100,0.473849,0.017406189305365086,0.0,0,False,1,0.3902466479879727,0.3902466479879727,0.0,0.0,0.0,0.0,0.473849,0.0,0.11846225,0.473849,1.0
2024-12-12 04:30:00,test,False,100,0.473849,0.017165772460505366,0.0,0,False,1,0.3876955161586766,0.3876955161586766,0.0,0.0,0.0,0.0,0.473849,0.0,0.11846225,0.473849,1.0
2024-12-12 05:30:00,test,False,100,0.473849,0.019306509936079384,0.0,0,False,1,0.38679438563570734,0.38679438563570734,0.0,0.0,0.0,0.0,0.473849,0.0,0.11846225,0.473849,1.0
2024-12-12 06:30:00,test,False,100,0.473849,0.024043181930825115,0.007956502670557704,0,False,1,0.3970835556279342,0.3970835556279342,0.0,0.0,0.0,0.0,0.473849,0.0,0.11846225,0.473849,1.0
2024-12-12 07:30:00,test,True,100,0.473849,0.032502539120346306,0.03605847709608078,0,False,1,0.43293394096062165,0.4264641,0.0,0.04816868587735061,0.04816868587735061,0.04816868587735061,0.473849,0.0,0.11846225,0.473849,1.0
2024-12-12 08:30:00,test,True,100,0.473849,0.07876252613919228,0.06695904067175835,0,False,1,0.46541819614622604,0.4264641,0.0,0.028846368038896775,0.028846368038896775,0.028846368038896775,0.4256803141226494,0.0,0.11846225,0.473849,1.0
2024-12-12 09:30:00,test,True,100,0.473849,0.11564124870054424,0.08184376871949434,0,False,1,0.45367321362291557,0.4264641,0.0,0.03046720441527663,0.03046720441527663,0.03046720441527663,0.3968339460837526,0.0,0.11846225,0.473849,1.0
2024-12-12 10:30:00,test,True,100,0.473849,0.12379232191251217,0.09211808341652154,0,False,1,0.4469730952520198,0.4264641,0.0,0.040697568763271956,0.040697568763271956,0.040697568763271956,0.366366741668476,0.0,0.11846225,0.473849,1.0
2024-12-12 11:30:00,test,True,100,0.473849,0.12907161183214189,0.09567671316896378,0,False,1,0.4118078572665156,0.4118078572665156,0.0,0.04073492850755022,0.04073492850755022,0.04073492850755022,0.32566917290520403,0.0,0.11846225,0.473849,1.0
2024-12-12 12:30:00,test,True,100,0.473849,0.11763067435374856,0.07086269530168175,0,False,1,0.3783044702566545,0.3783044702566545,0.0,0.04796465353152689,0.04796465353152689,0.04796465353152689,0.2849342443976538,0.0,0.11846225,0.473849,1.0
2024-12-12 13:30:00,test,True,100,0.473849,0.0811282470998168,0.10611523545831442,0,False,1,0.3803354803506855,0.3803354803506855,0.0,0.05555748389096599,0.05555748389096599,0.05555748389096599,0.2369695908661269,0.0,0.11846225,0.473849,1.0
2024-12-12 14:30:00,test,True,100,0.473849,0.09211198636710644,0.08455580906425417,0,False,1,0.39810168809609564,0.39810168809609564,0.0,0.06425392483868457,0.06425392483868457,0.06425392483868457,0.18141210697516091,0.0,0.11846225,0.473849,1.0
2024-12-12 15:30:00,test,True,100,0.473849,0.06088400888413191,0.054040628348052504,0,False,1,0.4059135443613508,0.4059135443613508,0.0,0.06419713282891971,0.06419713282891971,0.06419713282891971,0.11715818213647634,0.0,0.11846225,0.473849,1.0
2024-12-12 16:30:00,test,True,100,0.473849,0.026986611064307393,0.022060366069262847,0,False,1,0.4387067629041969,0.4264641,0.0,0.059294409578766465,0.059294409578766465,0.05296104930755663,0.05296104930755663,0.0063333602712098355,0.11846225,0.473849,1.0
2024-12-12 17:30:00,test,False,100,0.473849,0.0037840750816627404,0.0014609020752834477,0,False,1,0.4857569789646305,0.4264641,0.0,0.0,0.0,0.0,0.0,0.0,0.11846225,0.473849,1.0
2024-12-12 18:30:00,test,False,100,0.473849,0.01445912018583715,0.0,0,False,1,0.5403514226790421,0.4264641,0.0,0.0,0.0,0.0,0.0,0.0,0.11846225,0.473849,1.0
2024-12-12 19:30:00,test,False,100,0.473849,0.022376528766602278,0.0,0,False,1,0.5403553320137773,0.4264641,0.0,0.0,0.0,0.0,0.0,0.0,0.11846225,0.473849,1.0
2024-12-12 20:30:00,test,False,100,0.473849,0.026416645457074048,0.0,0,False,1,0.5302265452301184,0.4264641,0.0,0.0,0.0,0.0,0.0,0.0,0.11846225,0.473849,1.0
2024-12-12 21:30:00,test,False,100,0.473849,0.029036137027561665,0.0,0,False,1,0.47215866544803575,0.4264641,0.0,0.0,0.0,0.0,0.0,0.0,0.11846225,0.473849,1.0
2024-12-12 22:30:00,test,False,100,0.473849,0.03144941957141459,0.0,0,False,1,0.4275709343409542,0.4264641,0.0,0.0,0.0,0.0,0.0,0.0,0.11846225,0.473849,1.0
2024-12-12 23:30:00,test,False,100,0.473849,0.03033216823257506,0.0,0,False,1,0.411666783601714,0.411666783601714,0.0,0.0,0.0,0.0,0.0,0.0,0.11846225,0.473849,1.0
2024-12-13 00:30:00,test,False,100,0.473849,0.02741168018616736,0.0,0,False,1,0.3725915331133787,0.3725915331133787,0.0,0.0,0.0,0.0,0.473849,0.0,0.11846225,0.473849,1.0
2024-12-13 01:30:00,test,False,100,0.473849,0.02352516113293171,0.0,0,False,1,0.3761154636057588,0.3761154636057588,0.0,0.0,0.0,0.0,0.473849,0.0,0.11846225,0.473849,1.0
2024-12-13 02:30:00,test,False,100,0.473849,0.020412544179990888,0.0,0,False,1,0.38765680395986946,0.38765680395986946,0.0,0.0,0.0,0.0,0.473849,0.0,0.11846225,0.473849,1.0
2024-12-13 03:30:00,test,False,100,0.473849,0.018359333738103507,0.0,0,False,1,0.3750790957321034,0.3750790957321034,0.0,0.0,0.0,0.0,0.473849,0.0,0.11846225,0.473849,1.0
2024-12-13 04:30:00,test,False,100,0.473849,0.01867386731341481,0.0,0,False,1,0.37485937238160666,0.37485937238160666,0.0,0.0,0.0,0.0,0.473849,0.0,0.11846225,0.473849,1.0
2024-12-13 05:30:00,test,False,100,0.473849,0.02070384480421245,0.0,0,False,1,0.38168148896985604,0.38168148896985604,0.0,0.0,0.0,0.0,0.473849,0.0,0.11846225,0.473849,1.0
2024-12-13 06:30:00,test,False,100,0.473849,0.025297494986861943,0.0034661075035858665,0,False,1,0.39303691305713256,0.39303691305713256,0.0,0.0,0.0,0.0,0.473849,0.0,0.11846225,0.473849,1.0
2024-12-13 07:30:00,test,True,100,0.473849,0.03273126893608272,0.017081853589652106,0,False,1,0.44289546465255103,0.4264641,0.0,0.05357067747731547,0.05357067747731547,0.05357067747731547,0.473849,0.0,0.11846225,0.473849,1.0
2024-12-13 08:30:00,test,True,100,0.473849,0.06028065387196839,0.04483633673051745,0,False,1,0.4773610516229387,0.4264641,0.0,0.04731113022449576,0.04731113022449576,0.04731113022449576,0.42027832252268454,0.0,0.11846225,0.473849,1.0
2024-12-13 09:30:00,test,True,100,0.473849,0.09429692923825979,0.07011417487631738,0,False,1,0.4589674552251736,0.4264641,0.0,0.028946341447726037,0.028946341447726037,0.028946341447726037,0.37296719229818875,0.0,0.11846225,0.473849,1.0
2024-12-13 10:30:00,test,True,100,0.473849,0.11732340940906108,0.1079858867393732,0,False,1,0.43352615834304825,0.4264641,0.0,0.024495073396600966,0.024495073396600966,0.024495073396600966,0.34402085085046274,0.0,0.11846225,0.473849,1.0
2024-12-13 11:30:00,test,True,100,0.473849,0.14825570903488994,0.1538610844334662,0,False,1,0.3980228609582596,0.3980228609582596,0.0,0.02445682877022567,0.02445682877022567,0.02445682877022567,0.3195257774538618,0.0,0.11846225,0.473849,1.0
2024-12-13 12:30:00,test,True,100,0.473849,0.1789504236600101,0.10468545994573832,0,False,1,0.37902432638260714,0.37902432638260714,0.0,0.02758799851468672,0.02758799851468672,0.02758799851468672,0.29506894868363615,0.0,0.11846225,0.473849,1.0
2024-12-13 13:30:00,test,True,100,0.473849,0.11731029845924676,0.12078515637613833,0,False,1,0.3874367996251773,0.3874367996251773,0.0,0.06720929587949115,0.06720929587949115,0.06720929587949115,0.2674809501689494,0.0,0.11846225,0.473849,1.0
2024-12-13 14:30:00,test,True,100,0.473849,0.10885686446861922,0.0963565418355018,0,False,1,0.3879573851759331,0.3879573851759331,0.0,0.0672481332757563,0.0672481332757563,0.0672481332757563,0.20027165428945826,0.0,0.11846225,0.473849,1.0
2024-12-13 15:30:00,test,True,100,0.473849,0.06126810314835608,0.06514026827974617,0,False,1,0.3906427799432002,0.3906427799432002,0.0,0.06691601052095197,0.06691601052095197,0.06691601052095197,0.13302352101370196,0.0,0.11846225,0.473849,1.0
2024-12-13 16:30:00,test,True,100,0.473849,0.025702310356102882,0.027075372053142636,0,False,1,0.43193267012934605,0.4264641,0.0,0.06409993798925535,0.06409993798925535,0.06409993798925535,0.06610751049274999,0.0,0.11846225,0.473849,1.0
2024-12-13 17:30:00,test,False,100,0.473849,0.0005827490288214758,0.002031889596148132,0,False,1,0.5010518218716663,0.4264641,0.0,0.0,0.0,0.0,0.002007572503494634,0.0,0.11846225,0.473849,1.0
2024-12-13 18:30:00,test,False,100,0.473849,0.008169160495102405,0.0,0,False,1,0.5368907045158942,0.4264641,0.0,0.0,0.0,0.0,0.002007572503494634,0.0,0.11846225,0.473849,1.0
2024-12-13 19:30:00,test,False,100,0.473849,0.018842460646495224,0.0,0,False,1,0.5577984782292705,0.4264641,0.0,0.0,0.0,0.0,0.002007572503494634,0.0,0.11846225,0.473849,1.0
2024-12-13 20:30:00,test,False,100,0.473849,0.02409535693089664,0.0,0,False,1,0.5358986784387172,0.4264641,0.0,0.0,0.0,0.0,0.002007572503494634,0.0,0.11846225,0.473849,1.0
2024-12-13 21:30:00,test,False,100,0.473849,0.027113564079627395,0.0,0,False,1,0.48047742678051253,0.4264641,0.0,0.0,0.0,0.0,0.002007572503494634,0.0,0.11846225,0.473849,1.0
2024-12-13 22:30:00,test,False,100,0.473849,0.03141109692551196,0.0,0,False,1,0.4397951120821353,0.4264641,0.0,0.0,0.0,0.0,0.002007572503494634,0.0,0.11846225,0.473849,1.0
2024-12-13 23:30:00,test,False,100,0.473849,0.03148423235209286,0.0,0,False,1,0.39639401994842344,0.39639401994842344,0.0,0.0,0.0,0.0,0.002007572503494634,0.0,0.11846225,0.473849,1.0
2024-12-14 00:30:00,test,False,100,0.473849,0.028629480905398727,0.0,0,False,1,0.3675852661620473,0.3675852661620473,0.0,0.0,0.0,0.0,0.473849,0.0,0.11846225,0.473849,1.0
2024-12-14 01:30:00,test,False,100,0.473849,0.02509163006052375,0.0,0,False,1,0.3871891503266219,0.3871891503266219,0.0,0.0,0.0,0.0,0.473849,0.0,0.11846225,0.473849,1.0
2024-12-14 02:30:00,test,False,100,0.473849,0.021948032127708197,0.0,0,False,1,0.3804468749517204,0.3804468749517204,0.0,0.0,0.0,0.0,0.473849,0.0,0.11846225,0.473849,1.0
2024-12-14 03:30:00,test,False,100,0.473849,0.020126356164842842,0.0,0,False,1,0.38344773442918956,0.38344773442918956,0.0,0.0,0.0,0.0,0.473849,0.0,0.11846225,0.473849,1.0
2024-12-14 04:30:00,test,False,100,0.473849,0.020387645932748912,0.0,0,False,1,0.3884179029287158,0.3884179029287158,0.0,0.0,0.0,0.0,0.473849,0.0,0.11846225,0.473849,1.0
2024-12-14 05:30:00,test,False,100,0.473849,0.023692244902476668,0.0,0,False,1,0.3815759130334831,0.3815759130334831,0.0,0.0,0.0,0.0,0.473849,0.0,0.11846225,0.473849,1.0
2024-12-14 06:30:00,test,False,100,0.473849,0.02915981059627235,0.011091522035528439,0,False,1,0.40840642116176257,0.40840642116176257,0.0,0.0,0.0,0.0,0.473849,0.0,0.11846225,0.473849,1.0
2024-12-14 07:30:00,test,True,100,0.473849,0.038564410956934095,0.06276777461441606,0,False,1,0.4466927000503988,0.4264641,0.0,0.06334066975667646,0.06334066975667646,0.06334066975667646,0.473849,0.0,0.11846225,0.473849,1.0
2024-12-14 08:30:00,test,True,100,0.473849,0.11788970118668675,0.11769621251657605,0,False,1,0.4580776187998011,0.4264641,0.0,0.06501050790408808,0.06501050790408808,0.06501050790408808,0.41050833024332356,0.0,0.11846225,0.473849,1.0
2024-12-14 09:30:00,test,True,100,0.473849,0.16735841260260342,0.17509397184237838,0,False,1,0.46086538620533135,0.4264641,0.0,0.01613008176690875,0.01613008176690875,0.01613008176690875,0.3454978223392355,0.0,0.11846225,0.473849,1.0
2024-12-14 10:30:00,test,True,100,0.473849,0.21724721953728796,0.2205730296947956,0,False,1,0.4258966122132024,0.4258966122132024,0.0,0.015640797268393812,0.015640797268393812,0.015640797268393812,0.32936774057232676,0.0,0.11846225,0.473849,1.0
2024-12-14 11:30:00,test,True,100,0.473849,0.25689451276353004,0.22210423284971714,0,False,1,0.40305216574701014,0.40305216574701014,0.0,0.008042471338373103,0.008042471338373103,0.008042471338373103,0.31372694330393297,0.0,0.11846225,0.473849,1.0
2024-12-14 12:30:00,test,True,100,0.473849,0.22396832892152665,0.1990988753439784,0,False,1,0.4121659488767974,0.4121659488767974,0.0,0.03152180483628731,0.03152180483628731,0.03152180483628731,0.30568447196555987,0.0,0.11846225,0.473849,1.0
2024-12-14 13:30:00,test,True,100,0.473849,0.1842648313655257,0.18052386784803867,0,False,1,0.3869188624122174,0.3869188624122174,0.0,0.040020930116704524,0.040020930116704524,0.040020930116704524,0.27416266712927256,0.0,0.11846225,0.473849,1.0
2024-12-14 14:30:00,test,True,100,0.473849,0.14931257668602466,0.14824110851767658,0,False,1,0.3796629598938718,0.3796629598938718,0.0,0.03680334412945195,0.03680334412945195,0.03680334412945195,0.23414173701256805,0.0,0.11846225,0.473849,1.0
2024-12-14 15:30:00,test,True,100,0.473849,0.10357024518767,0.09240879254922271,0,False,1,0.4015517978767443,0.4015517978767443,0.0,0.036810500092829775,0.036810500092829775,0.036810500092829775,0.1973383928831161,0.0,0.11846225,0.473849,1.0
2024-12-14 16:30:00,test,True,100,0.473849,0.040618471784621475,0.03834389179379493,0,False,1,0.43076237561821973,0.4264641,0.0,0.03653954281862714,0.03653954281862714,0.03653954281862714,0.16052789279028634,0.0,0.11846225,0.473849,1.0
2024-12-14 17:30:00,test,False,100,0.473849,0.00014184109151829034,0.0021737333983544377,0,False,1,0.4777075626110939,0.4264641,0.0,0.0,0.0,0.0,0.1239883499716592,0.0,0.11846225,0.473849,1.0
2024-12-14 18:30:00,test,False,100,0.473849,0.005285367032721639,0.0,0,False,1,0.5391098721344177,0.4264641,0.0,0.0,0.0,0.0,0.1239883499716592,0.0,0.11846225,0.473849,1.0
2024-12-14 19:30:00,test,False,100,0.473849,0.0177882153865546,0.0,0,False,1,0.5368955721380754,0.4264641,0.0,0.0,0.0,0.0,0.1239883499716592,0.0,0.11846225,0.473849,1.0
2024-12-14 20:30:00,test,False,100,0.473849,0.024077296283498407,0.0,0,False,1,0.5210853777443017,0.4264641,0.0,0.0,0.0,0.0,0.1239883499716592,0.0,0.11846225,0.473849,1.0
2024-12-14 21:30:00,test,False,100,0.473849,0.027142972346112133,0.0,0,False,1,0.48140134721710953,0.4264641,0.0,0.0,0.0,0.0,0.1239883499716592,0.0,0.11846225,0.473849,1.0
2024-12-14 22:30:00,test,False,100,0.473849,0.03129600082425773,0.0,0,False,1,0.43304848223607256,0.4264641,0.0,0.0,0.0,0.0,0.1239883499716592,0.0,0.11846225,0.473849,1.0
2024-12-14 23:30:00,test,False,100,0.473849,0.03418883032912016,0.0,0,False,1,0.4181435945743516,0.4181435945743516,0.0,0.0,0.0,0.0,0.1239883499716592,0.0,0.11846225,0.473849,1.0
2024-12-15 00:30:00,test,False,100,0.473849,0.03188471503981948,0.0,0,False,1,0.38099310926890834,0.38099310926890834,0.0,0.0,0.0,0.0,0.473849,0.0,0.11846225,0.473849,1.0
2024-12-15 01:30:00,test,False,100,0.473849,0.028951999638050795,0.0,0,False,1,0.3877209865487821,0.3877209865487821,0.0,0.0,0.0,0.0,0.473849,0.0,0.11846225,0.473849,1.0
2024-12-15 02:30:00,test,False,100,0.473849,0.02682480826193094,0.0,0,False,1,0.37689869321003355,0.37689869321003355,0.0,0.0,0.0,0.0,0.473849,0.0,0.11846225,0.473849,1.0
2024-12-15 03:30:00,test,False,100,0.473849,0.02525818953694403,0.0,0,False,1,0.3591427962030814,0.3591427962030814,0.0,0.0,0.0,0.0,0.473849,0.0,0.11846225,0.473849,1.0
2024-12-15 04:30:00,test,False,100,0.473849,0.025550015662685038,0.0,0,False,1,0.3760744824773215,0.3760744824773215,0.0,0.0,0.0,0.0,0.473849,0.0,0.11846225,0.473849,1.0
2024-12-15 05:30:00,test,False,100,0.473849,0.028839998888760803,0.0,0,False,1,0.38906986627361656,0.38906986627361656,0.0,0.0,0.0,0.0,0.473849,0.0,0.11846225,0.473849,1.0
2024-12-15 06:30:00,test,False,100,0.473849,0.03520598535951972,0.01685427929495927,0,False,1,0.39664712322633683,0.39664712322633683,0.0,0.0,0.0,0.0,0.473849,0.0,0.11846225,0.473849,1.0
2024-12-15 07:30:00,test,True,100,0.473849,0.04530918940630555,0.08582261473478377,0,False,1,0.4304366363667809,0.4264641,0.0,0.03580177027763194,0.03580177027763194,0.03580177027763194,0.473849,0.0,0.11846225,0.473849,1.0
2024-12-15 08:30:00,test,True,100,0.473849,0.15236927934913336,0.1605854814029038,0,False,1,0.46760179055350737,0.4264641,0.0,0.0364979724177754,0.0364979724177754,0.0364979724177754,0.4380472297223681,0.0,0.11846225,0.473849,1.0
2024-12-15 09:30:00,test,True,100,0.473849,0.21685469168949126,0.24532170842278003,0,False,1,0.4624498786516336,0.4264641,0.0,0.025239487089274468,0.025239487089274468,0.025239487089274468,0.4015492573045927,0.0,0.11846225,0.473849,1.0
2024-12-15 10:30:00,test,True,100,0.473849,0.29514173596429827,0.29177048718357085,0,False,1,0.4426455336676666,0.4264641,0.0,0.022408775069280205,0.022408775069280205,0.022408775069280205,0.3763097702153182,0.0,0.11846225,0.473849,1.0
2024-12-15 11:30:00,test,True,100,0.473849,0.3215611706714034,0.3109731580040455,0,False,1,0.39213646290773674,0.39213646290773674,0.0,0.023261311663551706,0.023261311663551706,0.023261311663551706,0.353900995146038,0.0,0.11846225,0.473849,1.0
2024-12-15 12:30:00,test,True,100,0.473849,0.31033407673692703,0.30220981666851043,0,False,1,0.37783969569378306,0.37783969569378306,0.0,0.022969752627317964,0.022969752627317964,0.022969752627317964,0.3306396834824863,0.0,0.11846225,0.473849,1.0
2024-12-15 13:30:00,test,True,100,0.473849,0.280229292454958,0.2690182145771384,0,False,1,0.39209398297553383,0.39209398297553383,0.0,0.025336402187854323,0.025336402187854323,0.025336402187854323,0.3076699308551683,0.0,0.11846225,0.473849,1.0
2024-12-15 14:30:00,test,True,100,0.473849,0.22441969520276786,0.21243899164554478,0,False,1,0.3816310513570749,0.3816310513570749,0.0,0.024822803076113828,0.024822803076113828,0.024822803076113828,0.282333528667314,0.0,0.11846225,0.473849,1.0
2024-12-15 15:30:00,test,True,100,0.473849,0.15233752993056177,0.1369874123183787,0,False,1,0.3995866495190843,0.3995866495190843,0.0,0.02851571068577805,0.02851571068577805,0.02851571068577805,0.25751072559120014,0.0,0.11846225,0.473849,1.0
2024-12-15 16:30:00,test,True,100,0.473849,0.0706055634515211,0.055736126322902736,0,False,1,0.4264116794331279,0.4264116794331279,0.0,0.01675534491934468,0.01675534491934468,0.01675534491934468,0.2289950149054221,0.0,0.11846225,0.473849,1.0
2024-12-15 17:30:00,test,False,100,0.473849,0.00556912934564054,0.0032121695329114445,0,False,1,0.4898792683715818,0.4264641,0.0,0.0,0.0,0.0,0.2122396699860774,0.0,0.11846225,0.473849,1.0
2024-12-15 18:30:00,test,False,100,0.473849,0.007114081169426441,0.0,0,False,1,0.5182139540105953,0.4264641,0.0,0.0,0.0,0.0,0.2122396699860774,0.0,0.11846225,0.473849,1.0
2024-12-15 19:30:00,test,False,100,0.473849,0.01796321766965091,0.0,0,False,1,0.5551460505605085,0.4264641,0.0,0.0,0.0,0.0,0.2122396699860774,0.0,0.11846225,0.473849,1.0
2024-12-15 20:30:00,test,False,100,0.473849,0.019067803482070565,0.0,0,False,1,0.5228114004957851,0.4264641,0.0,0.0,0.0,0.0,0.2122396699860774,0.0,0.11846225,0.473849,1.0
2024-12-15 21:30:00,test,False,100,0.473849,0.02411003244021535,0.0,0,False,1,0.4790958421809996,0.4264641,0.0,0.0,0.0,0.0,0.2122396699860774,0.0,0.11846225,0.473849,1.0
2024-12-15 22:30:00,test,False,100,0.473849,0.03216902734550833,0.0,0,False,1,0.42624436803453,0.42624436803453,0.0,0.0,0.0,0.0,0.2122396699860774,0.0,0.11846225,0.473849,1.0
2024-12-15 23:30:00,test,False,100,0.473849,0.03718428071419895,0.0,0,False,1,0.41850290561063125,0.41850290561063125,0.0,0.0,0.0,0.0,0.2122396699860774,0.0,0.11846225,0.473849,1.0
2024-12-16 00:30:00,test,False,100,0.473849,0.03593151226936281,0.0,0,False,1,0.38581290618201697,0.38581290618201697,0.0,0.0,0.0,0.0,0.473849,0.0,0.11846225,0.473849,1.0
2024-12-16 01:30:00,test,False,100,0.473849,0.033762120007678864,0.0,0,False,1,0.3790123401182901,0.3790123401182901,0.0,0.0,0.0,0.0,0.473849,0.0,0.11846225,0.473849,1.0
2024-12-16 02:30:00,test,False,100,0.473849,0.03228368099145591,0.0,0,False,1,0.3735518305433875,0.3735518305433875,0.0,0.0,0.0,0.0,0.473849,0.0,0.11846225,0.473849,1.0
2024-12-16 03:30:00,test,False,100,0.473849,0.031444832846224305,0.0,0,False,1,0.3806063163239189,0.3806063163239189,0.0,0.0,0.0,0.0,0.473849,0.0,0.11846225,0.473849,1.0
2024-12-16 04:30:00,test,False,100,0.473849,0.03239119587664306,0.0,0,False,1,0.39408733146790575,0.39408733146790575,0.0,0.0,0.0,0.0,0.473849,0.0,0.11846225,0.473849,1.0
2024-12-16 05:30:00,test,False,100,0.473849,0.035436503678947684,0.0,0,False,1,0.3865573654972048,0.3865573654972048,0.0,0.0,0.0,0.0,0.473849,0.0,0.11846225,0.473849,1.0
2024-12-16 06:30:00,test,False,100,0.473849,0.040743964499235154,0.017756537252282722,0,False,1,0.40305227715928027,0.40305227715928027,0.0,0.0,0.0,0.0,0.473849,0.0,0.11846225,0.473849,1.0
2024-12-16 07:30:00,test,True,100,0.473849,0.05184743323980272,0.09386973583833873,0,False,1,0.44349778017418995,0.4264641,0.0,0.016500661600931332,0.016500661600931332,0.016500661600931332,0.473849,0.0,0.11846225,0.473849,1.0
2024-12-16 08:30:00,test,True,100,0.473849,0.17078225714811682,0.176673159116745,0,False,1,0.4883743616334001,0.4264641,0.0,0.03999080751641497,0.03999080751641497,0.03999080751641497,0.4573483383990687,0.0,0.11846225,0.473849,1.0
2024-12-16 09:30:00,test,True,100,0.473849,0.24147529384440183,0.25050569600835443,0,False,1,0.46754788019775156,0.4264641,0.0,0.03785414430386306,0.03785414430386306,0.03785414430386306,0.4173575308826537,0.0,0.11846225,0.473849,1.0
2024-12-16 10:30:00,test,True,100,0.473849,0.29940066337275506,0.29179283617049456,0,False,1,0.41887797687619444,0.41887797687619444,0.0,0.033924621930066484,0.033924621930066484,0.033924621930066484,0.3795033865787906,0.0,0.11846225,0.473849,1.0
2024-12-16 11:30:00,test,True,100,0.473849,0.3166833262991905,0.30836336930674313,0,False,1,0.40657182412923604,0.40657182412923604,0.0,0.03236582976080606,0.03236582976080606,0.03236582976080606,0.34557876464872417,0.0,0.11846225,0.473849,1.0
2024-12-16 12:30:00,test,True,100,0.473849,0.310749001945734,0.2989613062760234,0,False,1,0.388940071406957,0.388940071406957,0.0,0.029483003073452783,0.029483003073452783,0.029483003073452783,0.3132129348879181,0.0,0.11846225,0.473849,1.0
2024-12-16 13:30:00,test,True,100,0.473849,0.27728141255658867,0.2642846229612231,0,False,1,0.3769060774047324,0.3769060774047324,0.0,0.02807334097578914,0.02807334097578914,0.02807334097578914,0.2837299318144653,0.0,0.11846225,0.473849,1.0
2024-12-16 14:30:00,test,True,100,0.473849,0.22245878326404095,0.20384502527740597,0,False,1,0.39389149400386814,0.39389149400386814,0.0,0.01973482290536301,0.01973482290536301,0.01973482290536301,0.2556565908386762,0.0,0.11846225,0.473849,1.0
2024-12-16 15:30:00,test,True,100,0.473849,0.14760911540707947,0.13061826183742284,0,False,1,0.3992239781457429,0.3992239781457429,0.0,0.023836857208341607,0.023836857208341607,0.023836857208341607,0.23592176793331318,0.0,0.11846225,0.473849,1.0
2024-12-16 16:30:00,test,True,100,0.473849,0.0692369912302941,0.051902386943459514,0,False,1,0.43962607862287084,0.4264641,0.0,0.020054017495712517,0.020054017495712517,0.020054017495712517,0.21208491072497157,0.0,0.11846225,0.473849,1.0
2024-12-16 17:30:00,test,True,100,0.473849,0.005189825234180316,0.002805445440709402,0,False,1,0.4956692875526976,0.4264641,0.06401536231851729,0.02087128238479989,0.08488664470331718,0.08488664470331718,0.19203089322925906,0.0,0.11846225,0.473849,1.0
2024-12-16 18:30:00,test,False,100,0.473849,0.007834079765155912,0.0,0,False,1,0.5374470749067325,0.4264641,0.0,0.0,0.0,0.0,0.10714424852594188,0.0,0.11846225,0.473849,1.0
2024-12-16 19:30:00,test,False,100,0.473849,0.018524691137999295,0.0,0,False,1,0.5649145022524628,0.4264641,0.0,0.0,0.0,0.0,0.10714424852594188,0.0,0.11846225,0.473849,1.0
2024-12-16 20:30:00,test,False,100,0.473849,0.02175779179865122,0.0,0,False,1,0.5396337211559737,0.4264641,0.0,0.0,0.0,0.0,0.10714424852594188,0.0,0.11846225,0.473849,1.0
2024-12-16 21:30:00,test,False,100,0.473849,0.027220136633083224,0.0,0,False,1,0.49198837767809533,0.4264641,0.0,0.0,0.0,0.0,0.10714424852594188,0.0,0.11846225,0.473849,1.0
2024-12-16 22:30:00,test,False,100,0.473849,0.03525993462830782,0.0,0,False,1,0.43799470270017016,0.4264641,0.0,0.0,0.0,0.0,0.10714424852594188,0.0,0.11846225,0.473849,1.0
2024-12-16 23:30:00,test,False,100,0.473849,0.03926756119179726,0.0,0,False,1,0.404321858377155,0.404321858377155,0.0,0.0,0.0,0.0,0.10714424852594188,0.0,0.11846225,0.473849,1.0
2024-12-17 00:30:00,test,False,100,0.473849,0.037426276366576555,0.0,0,False,1,0.37254614468462327,0.37254614468462327,0.0,0.0,0.0,0.0,0.473849,0.0,0.11846225,0.473849,1.0
2024-12-17 01:30:00,test,False,100,0.473849,0.03506817060542106,0.0,0,False,1,0.3873068819098613,0.3873068819098613,0.0,0.0,0.0,0.0,0.473849,0.0,0.11846225,0.473849,1.0
2024-12-17 02:30:00,test,False,100,0.473849,0.03292770432786644,0.0,0,False,1,0.38216649176056006,0.38216649176056006,0.0,0.0,0.0,0.0,0.473849,0.0,0.11846225,0.473849,1.0
2024-12-17 03:30:00,test,False,100,0.473849,0.031532661013036964,0.0,0,False,1,0.37193891440792715,0.37193891440792715,0.0,0.0,0.0,0.0,0.473849,0.0,0.11846225,0.473849,1.0
2024-12-17 04:30:00,test,False,100,0.473849,0.03227277418525517,0.0,0,False,1,0.38888712048559343,0.38888712048559343,0.0,0.0,0.0,0.0,0.473849,0.0,0.11846225,0.473849,1.0
2024-12-17 05:30:00,test,False,100,0.473849,0.03644239396186173,0.0,0,False,1,0.3958580845377947,0.3958580845377947,0.0,0.0,0.0,0.0,0.473849,0.0,0.11846225,0.473849,1.0
2024-12-17 06:30:00,test,False,100,0.473849,0.04237402369350195,0.012541671412598342,0,False,1,0.4138499452390949,0.4138499452390949,0.0,0.0,0.0,0.0,0.473849,0.0,0.11846225,0.473849,1.0
2024-12-17 07:30:00,test,True,100,0.473849,0.05300882038745284,0.0659616568074897,0,False,1,0.4383136137312285,0.4264641,0.0,0.023210879967703223,0.023210879967703223,0.023210879967703223,0.473849,0.0,0.11846225,0.473849,1.0
2024-12-17 08:30:00,test,True,100,0.473849,0.1330976241712421,0.12154860929727554,0,False,1,0.4672253519451045,0.4264641,0.0,0.02960154420642796,0.02960154420642796,0.02960154420642796,0.4506381200322968,0.0,0.11846225,0.473849,1.0
2024-12-17 09:30:00,test,True,100,0.473849,0.17327136129957438,0.18750718751570583,0,False,1,0.470241728783209,0.4264641,0.0,0.029238158434302462,0.029238158434302462,0.029238158434302462,0.42103657582586884,0.0,0.11846225,0.473849,1.0
2024-12-17 10:30:00,test,True,100,0.473849,0.22687590795508028,0.2600649251063466,0,False,1,0.44931425242915246,0.4264641,0.0,0.02705880137286164,0.02705880137286164,0.02705880137286164,0.3917984173915664,0.0,0.11846225,0.473849,1.0
2024-12-17 11:30:00,test,True,100,0.473849,0.2939306106689572,0.28931948658794165,0,False,1,0.3969583749126742,0.3969583749126742,0.0,0.026098484711723803,0.026098484711723803,0.026098484711723803,0.36473961601870475,0.0,0.11846225,0.473849,1.0
2024-12-17 12:30:00,test,True,100,0.473849,0.2905664740356207,0.24467643876844644,0,False,1,0.3979070511457142,0.3979070511457142,0.0,0.01996129054173153,0.01996129054173153,0.01996129054173153,0.3386411313069809,0.0,0.11846225,0.473849,1.0
2024-12-17 13:30:00,test,True,100,0.473849,0.22323736823800205,0.205766681122303,0,False,1,0.38086126086879896,0.38086126086879896,0.0,0.045216781843018625,0.045216781843018625,0.045216781843018625,0.3186798407652494,0.0,0.11846225,0.473849,1.0
2024-12-17 14:30:00,test,True,100,0.473849,0.17139766171640158,0.1540654412101805,0,False,1,0.3993147625724568,0.3993147625724568,0.0,0.05008354722846066,0.05008354722846066,0.05008354722846066,0.2734630589222308,0.0,0.11846225,0.473849,1.0
2024-12-17 15:30:00,test,True,100,0.473849,0.11312369007171691,0.09298773750722408,0,False,1,0.39499369878941476,0.39499369878941476,0.0,0.05164567380839355,0.05164567380839355,0.05164567380839355,0.22337951169377013,0.0,0.11846225,0.473849,1.0
2024-12-17 16:30:00,test,True,100,0.473849,0.048304449580326675,0.040268693083629015,0,False,1,0.4427096032268103,0.4264641,0.0,0.0547429528108635,0.0547429528108635,0.0547429528108635,0.17173383788537658,0.0,0.11846225,0.473849,1.0
2024-12-17 17:30:00,test,True,100,0.473849,0.0048335136509155855,0.0027395084969846066,0,False,1,0.48798511933285654,0.4264641,0.05668750568194095,0.042824674503016816,0.09951218018495776,0.09951218018495776,0.11699088507451308,0.0,0.11846225,0.473849,1.0
2024-12-17 18:30:00,test,False,100,0.473849,0.008770804163590074,0.0,0,False,1,0.5255538976323583,0.4264641,0.0,0.0,0.0,0.0,0.017478704889555316,0.0,0.11846225,0.473849,1.0
2024-12-17 19:30:00,test,False,100,0.473849,0.01819071442192793,0.0,0,False,1,0.5436729368173935,0.4264641,0.0,0.0,0.0,0.0,0.017478704889555316,0.0,0.11846225,0.473849,1.0
2024-12-17 20:30:00,test,False,100,0.473849,0.023461817443355917,0.0,0,False,1,0.5452538334352764,0.4264641,0.0,0.0,0.0,0.0,0.017478704889555316,0.0,0.11846225,0.473849,1.0
2024-12-17 21:30:00,test,False,100,0.473849,0.026842895558983088,0.0,0,False,1,0.4724882360323767,0.4264641,0.0,0.0,0.0,0.0,0.017478704889555316,0.0,0.11846225,0.473849,1.0
2024-12-17 22:30:00,test,False,100,0.473849,0.030267040835127233,0.0,0,False,1,0.44833265097428604,0.4264641,0.0,0.0,0.0,0.0,0.017478704889555316,0.0,0.11846225,0.473849,1.0
2024-12-17 23:30:00,test,False,100,0.473849,0.0328437994543463,0.0,0,False,1,0.4009301142021079,0.4009301142021079,0.0,0.0,0.0,0.0,0.017478704889555316,0.0,0.11846225,0.473849,1.0
2024-12-18 00:30:00,test,False,100,0.473849,0.030378707737475634,0.0,0,False,1,0.36759516782323204,0.36759516782323204,0.0,0.0,0.0,0.0,0.473849,0.0,0.11846225,0.473849,1.0
2024-12-18 01:30:00,test,False,100,0.473849,0.027322524565786124,0.0,0,False,1,0.37484725114827083,0.37484725114827083,0.0,0.0,0.0,0.0,0.473849,0.0,0.11846225,0.473849,1.0
2024-12-18 02:30:00,test,False,100,0.473849,0.025339696481376885,0.0,0,False,1,0.3851963171856895,0.3851963171856895,0.0,0.0,0.0,0.0,0.473849,0.0,0.11846225,0.473849,1.0
2024-12-18 03:30:00,test,False,100,0.473849,0.02447466884547472,0.0,0,False,1,0.3884013568923147,0.3884013568923147,0.0,0.0,0.0,0.0,0.473849,0.0,0.11846225,0.473849,1.0
2024-12-18 04:30:00,test,False,100,0.473849,0.025727814688175917,0.0,0,False,1,0.38774326251319324,0.38774326251319324,0.0,0.0,0.0,0.0,0.473849,0.0,0.11846225,0.473849,1.0
2024-12-18 05:30:00,test,False,100,0.473849,0.02964881313960254,0.0,0,False,1,0.38300782081115686,0.38300782081115686,0.0,0.0,0.0,0.0,0.473849,0.0,0.11846225,0.473849,1.0
2024-12-18 06:30:00,test,False,100,0.473849,0.035946818933591244,0.017410232819527388,0,False,1,0.40401134766691793,0.40401134766691793,0.0,0.0,0.0,0.0,0.473849,0.0,0.11846225,0.473849,1.0
2024-12-18 07:30:00,test,True,100,0.473849,0.04597844615669548,0.09353055845789611,0,False,1,0.4319921415026037,0.4264641,0.0,0.04326408459990823,0.04326408459990823,0.04326408459990823,0.473849,0.0,0.11846225,0.473849,1.0
2024-12-18 08:30:00,test,True,100,0.473849,0.16512702095928788,0.17201902973267436,0,False,1,0.46744842126768626,0.4264641,0.0,0.04511311018621186,0.04511311018621186,0.04511311018621186,0.4305849154000918,0.0,0.11846225,0.473849,1.0
2024-12-18 09:30:00,test,True,100,0.473849,0.23136594666728377,0.22721501787102222,0,False,1,0.47642799698153077,0.4264641,0.0,0.039654735579032915,0.039654735579032915,0.039654735579032915,0.3854718052138799,0.0,0.11846225,0.473849,1.0
2024-12-18 10:30:00,test,True,100,0.473849,0.27509185019779203,0.2057404819652438,0,False,1,0.44194871744800024,0.4264641,0.0,0.0351214115548169,0.0351214115548169,0.0351214115548169,0.345817069634847,0.0,0.11846225,0.473849,1.0
2024-12-18 11:30:00,test,True,100,0.473849,0.23120974512547254,0.1555095116123557,0,False,1,0.39901402350300497,0.39901402350300497,0.0,0.0666836503971641,0.0666836503971641,0.0666836503971641,0.3106956580800301,0.0,0.11846225,0.473849,1.0
2024-12-18 12:30:00,test,True,100,0.473849,0.15937064440906049,0.16180723993560672,0,False,1,0.39051310356540075,0.39051310356540075,0.0,0.09436193281510744,0.09436193281510744,0.09436193281510744,0.24401200768286596,0.0,0.11846225,0.473849,1.0
2024-12-18 13:30:00,test,True,100,0.473849,0.16507217830342055,0.18634485917806626,0,False,1,0.3792887578789982,0.3792887578789982,0.0,0.09410470452060918,0.09410470452060918,0.09410470452060918,0.14965007486775853,0.0,0.11846225,0.473849,1.0
2024-12-18 14:30:00,test,True,100,0.473849,0.15902189237979053,0.15434179170203208,0,False,1,0.38618488287355374,0.38618488287355374,0.0,0.0884538649155834,0.0884538649155834,0.05554537034714935,0.05554537034714935,0.032908494568434046,0.11846225,0.473849,1.0
2024-12-18 15:30:00,test,True,100,0.473849,0.10829104222542048,0.09197584574452043,0,False,1,0.39657399304823526,0.39657399304823526,0.0,0.08836207286328447,0.08836207286328447,0.0,0.0,0.08836207286328447,0.11846225,0.473849,1.0
2024-12-18 16:30:00,test,True,100,0.473849,0.04116187755258381,0.035220440974175926,0,False,1,0.41998043479125363,0.41998043479125363,0.0,0.08914604295634035,0.08914604295634035,0.0,0.0,0.08914604295634035,0.11846225,0.473849,1.0
2024-12-18 17:30:00,test,True,100,0.473849,0.00014398020029533654,0.002441742567400244,0,False,1,0.5044754410927771,0.4264641,0.07786736089248174,0.0675797150538089,0.14544707594629064,0.0,0.0,0.14544707594629064,0.11846225,0.473849,1.0
2024-12-18 18:30:00,test,False,100,0.473849,0.004071203365623951,0.0,0,False,1,0.5435170499229063,0.4264641,0.0,0.0,0.0,0.0,0.0,0.0,0.11846225,0.473849,1.0
2024-12-18 19:30:00,test,False,100,0.473849,0.017666251472771167,0.0,0,False,1,0.5552352812529888,0.4264641,0.0,0.0,0.0,0.0,0.0,0.0,0.11846225,0.473849,1.0
2024-12-18 20:30:00,test,False,100,0.473849,0.02238771440818906,0.0,0,False,1,0.5343361320235158,0.4264641,0.0,0.0,0.0,0.0,0.0,0.0,0.11846225,0.473849,1.0
2024-12-18 21:30:00,test,False,100,0.473849,0.023557560741767288,0.0,0,False,1,0.4969665783495277,0.4264641,0.0,0.0,0.0,0.0,0.0,0.0,0.11846225,0.473849,1.0
2024-12-18 22:30:00,test,False,100,0.473849,0.02785263501597941,0.0,0,False,1,0.43808434859599926,0.4264641,0.0,0.0,0.0,0.0,0.0,0.0,0.11846225,0.473849,1.0
2024-12-18 23:30:00,test,False,100,0.473849,0.02980803470800817,0.0,0,False,1,0.3968839535268435,0.3968839535268435,0.0,0.0,0.0,0.0,0.0,0.0,0.11846225,0.473849,1.0
2024-12-19 00:30:00,test,False,100,0.473849,0.027182505241513253,0.0,0,False,1,0.40373074739523285,0.40373074739523285,0.0,0.0,0.0,0.0,0.473849,0.0,0.11846225,0.473849,1.0
2024-12-19 01:30:00,test,False,100,0.473849,0.0241453733176589,0.0,0,False,1,0.38436300705290316,0.38436300705290316,0.0,0.0,0.0,0.0,0.473849,0.0,0.11846225,0.473849,1.0
2024-12-19 02:30:00,test,False,100,0.473849,0.021514641061291098,0.0,0,False,1,0.3858833521814253,0.3858833521814253,0.0,0.0,0.0,0.0,0.473849,0.0,0.11846225,0.473849,1.0
2024-12-19 03:30:00,test,False,100,0.473849,0.020256480045184492,0.0,0,False,1,0.378453697812944,0.378453697812944,0.0,0.0,0.0,0.0,0.473849,0.0,0.11846225,0.473849,1.0
2024-12-19 04:30:00,test,False,100,0.473849,0.02066542419414222,0.0,0,False,1,0.3876215332899204,0.3876215332899204,0.0,0.0,0.0,0.0,0.473849,0.0,0.11846225,0.473849,1.0
2024-12-19 05:30:00,test,False,100,0.473849,0.023728107637435197,0.0,0,False,1,0.3755296494972605,0.3755296494972605,0.0,0.0,0.0,0.0,0.473849,0.0,0.11846225,0.473849,1.0
2024-12-19 06:30:00,test,False,100,0.473849,0.029061120179787278,0.010860782097027637,0,False,1,0.40297706394249505,0.40297706394249505,0.0,0.0,0.0,0.0,0.473849,0.0,0.11846225,0.473849,1.0
2024-12-19 07:30:00,test,True,100,0.473849,0.03785554947535694,0.05762321648000926,0,False,1,0.4418994477309955,0.4264641,0.0,0.0207910031535748,0.0207910031535748,0.0207910031535748,0.473849,0.0,0.11846225,0.473849,1.0
2024-12-19 08:30:00,test,True,100,0.473849,0.1077900157482773,0.10603819198352099,0,False,1,0.4773557026334097,0.4264641,0.0,0.02196250840494056,0.02196250840494056,0.02196250840494056,0.4530579968464252,0.0,0.11846225,0.473849,1.0
2024-12-19 09:30:00,test,True,100,0.473849,0.1551844921774566,0.16110213974294066,0,False,1,0.4634501706916363,0.4264641,0.0,0.02077602808893677,0.02077602808893677,0.02077602808893677,0.43109548844148465,0.0,0.11846225,0.473849,1.0
2024-12-19 10:30:00,test,True,100,0.473849,0.20088593768522142,0.19581135768997668,0,False,1,0.4204082306887189,0.4204082306887189,0.0,0.019252946489573507,0.019252946489573507,0.019252946489573507,0.4103194603525479,0.0,0.11846225,0.473849,1.0
2024-12-19 11:30:00,test,True,100,0.473849,0.22811289598694443,0.18545015078014135,0,False,1,0.4161175879582484,0.4161175879582484,0.0,0.013182525035145136,0.013182525035145136,0.013182525035145136,0.3910665138629744,0.0,0.11846225,0.473849,1.0
2024-12-19 12:30:00,test,True,100,0.473849,0.1888919927249849,0.18617339837524294,0,False,1,0.38816401125848393,0.38816401125848393,0.0,0.038109848918876775,0.038109848918876775,0.038109848918876775,0.3778839888278293,0.0,0.11846225,0.473849,1.0
2024-12-19 13:30:00,test,True,100,0.473849,0.1779126200886965,0.16702550045323372,0,False,1,0.3899367212448164,0.3899367212448164,0.0,0.03864648627792805,0.03864648627792805,0.03864648627792805,0.33977413990895255,0.0,0.11846225,0.473849,1.0
2024-12-19 14:30:00,test,True,100,0.473849,0.13806257621081172,0.14970160200297833,0,False,1,0.40184390545061044,0.40184390545061044,0.0,0.0376848604683452,0.0376848604683452,0.0376848604683452,0.3011276536310245,0.0,0.11846225,0.473849,1.0
2024-12-19 15:30:00,test,True,100,0.473849,0.10450798465938867,0.09225977930629253,0,False,1,0.4070474188378081,0.4070474188378081,0.0,0.038703026286996865,0.038703026286996865,0.038703026286996865,0.2634427931626793,0.0,0.11846225,0.473849,1.0
2024-12-19 16:30:00,test,True,100,0.473849,0.038477225682742894,0.034873370383135975,0,False,1,0.4204461482258442,0.4204461482258442,0.0,0.03991067858208036,0.03991067858208036,0.03991067858208036,0.22473976687568245,0.0,0.11846225,0.473849,1.0
2024-12-19 17:30:00,test,True,100,0.473849,0.0002656808132501319,0.0023420827097184547,0,False,1,0.4729393326947202,0.4264641,0.04620955188147007,0.03982286567024542,0.08603241755171549,0.08603241755171549,0.1848290882936021,0.0,0.11846225,0.473849,1.0
2024-12-19 18:30:00,test,False,100,0.473849,0.0037828995261341334,0.0,0,False,1,0.5205374729702709,0.4264641,0.0,0.0,0.0,0.0,0.0987966707418866,0.0,0.11846225,0.473849,1.0
2024-12-19 19:30:00,test,False,100,0.473849,0.017131340446606278,0.0,0,False,1,0.5371555212417136,0.4264641,0.0,0.0,0.0,0.0,0.0987966707418866,0.0,0.11846225,0.473849,1.0
2024-12-19 20:30:00,test,False,100,0.473849,0.022762526223123074,0.0,0,False,1,0.5413041707905126,0.4264641,0.0,0.0,0.0,0.0,0.0987966707418866,0.0,0.11846225,0.473849,1.0
2024-12-19 21:30:00,test,False,100,0.473849,0.024684258018016814,0.0,0,False,1,0.45756114466943915,0.4264641,0.0,0.0,0.0,0.0,0.0987966707418866,0.0,0.11846225,0.473849,1.0
2024-12-19 22:30:00,test,False,100,0.473849,0.028201685904711483,0.0,0,False,1,0.4435462540167238,0.4264641,0.0,0.0,0.0,0.0,0.0987966707418866,0.0,0.11846225,0.473849,1.0
2024-12-19 23:30:00,test,False,100,0.473849,0.029261998091071845,0.0,0,False,1,0.3977899246039127,0.3977899246039127,0.0,0.0,0.0,0.0,0.0987966707418866,0.0,0.11846225,0.473849,1.0
2024-12-20 00:30:00,test,False,100,0.473849,0.02673055835427344,0.0,0,False,1,0.3633453021029403,0.3633453021029403,0.0,0.0,0.0,0.0,0.473849,0.0,0.11846225,0.473849,1.0
2024-12-20 01:30:00,test,False,100,0.473849,0.024326331828981636,0.0,0,False,1,0.37476201021979444,0.37476201021979444,0.0,0.0,0.0,0.0,0.473849,0.0,0.11846225,0.473849,1.0
2024-12-20 02:30:00,test,False,100,0.473849,0.022250961301252245,0.0,0,False,1,0.3805852823297344,0.3805852823297344,0.0,0.0,0.0,0.0,0.473849,0.0,0.11846225,0.473849,1.0
2024-12-20 03:30:00,test,False,100,0.473849,0.02148530906958878,0.0,0,False,1,0.3882144955235735,0.3882144955235735,0.0,0.0,0.0,0.0,0.473849,0.0,0.11846225,0.473849,1.0
2024-12-20 04:30:00,test,False,100,0.473849,0.02224364425754547,0.0,0,False,1,0.37316602155491474,0.37316602155491474,0.0,0.0,0.0,0.0,0.473849,0.0,0.11846225,0.473849,1.0
2024-12-20 05:30:00,test,False,100,0.473849,0.02533213214638829,0.0,0,False,1,0.37652756793129544,0.37652756793129544,0.0,0.0,0.0,0.0,0.473849,0.0,0.11846225,0.473849,1.0
2024-12-20 06:30:00,test,False,100,0.473849,0.029981035142585634,0.013582967748334632,0,False,1,0.40048801906666615,0.40048801906666615,0.0,0.0,0.0,0.0,0.473849,0.0,0.11846225,0.473849,1.0
2024-12-20 07:30:00,test,True,100,0.473849,0.0394229104437232,0.06940065232463181,0,False,1,0.4266520233370081,0.4264641,0.0,0.01710219705686475,0.01710219705686475,0.01710219705686475,0.473849,0.0,0.11846225,0.473849,1.0
2024-12-20 08:30:00,test,True,100,0.473849,0.12423921997115016,0.12352176620130241,0,False,1,0.4698605157257367,0.4264641,0.0,0.023410371936058747,0.023410371936058747,0.023410371936058747,0.4567468029431353,0.0,0.11846225,0.473849,1.0
2024-12-20 09:30:00,test,True,100,0.473849,0.17551465979668499,0.17316540771788358,0,False,1,0.4517788576289636,0.4264641,0.0,0.01964641611006263,0.01964641611006263,0.01964641611006263,0.43333643100707653,0.0,0.11846225,0.473849,1.0
2024-12-20 10:30:00,test,True,100,0.473849,0.214189698723495,0.20543809153345227,0,False,1,0.437432115595051,0.4264641,0.0,0.021570339536262854,0.021570339536262854,0.021570339536262854,0.4136900148970139,0.0,0.11846225,0.473849,1.0
2024-12-20 11:30:00,test,True,100,0.473849,0.23717172214335203,0.24263498619630933,0,False,1,0.40616185399068533,0.40616185399068533,0.0,0.019930378630518594,0.019930378630518594,0.019930378630518594,0.39211967536075104,0.0,0.11846225,0.473849,1.0
2024-12-20 12:30:00,test,True,100,0.473849,0.2501544073342681,0.23514564982336758,0,False,1,0.37999924884588077,0.37999924884588077,0.0,0.017850633751097078,0.017850633751097078,0.017850633751097078,0.37218929673023243,0.0,0.11846225,0.473849,1.0
2024-12-20 13:30:00,test,True,100,0.473849,0.2234063041678965,0.2017888177115917,0,False,1,0.37326764697345965,0.37326764697345965,0.0,0.02430020954749295,0.02430020954749295,0.02430020954749295,0.35433866297913535,0.0,0.11846225,0.473849,1.0
2024-12-20 14:30:00,test,True,100,0.473849,0.16952927011477947,0.15514771067345143,0,False,1,0.3739968629950843,0.3739968629950843,0.0,0.023565165174232978,0.023565165174232978,0.023565165174232978,0.3300384534316424,0.0,0.11846225,0.473849,1.0
2024-12-20 15:30:00,test,True,100,0.473849,0.11026439244024455,0.09644096037453413,0,False,1,0.40136603284631633,0.40136603284631633,0.0,0.025499610222940054,0.025499610222940054,0.025499610222940054,0.30647328825740944,0.0,0.11846225,0.473849,1.0
2024-12-20 16:30:00,test,True,100,0.473849,0.0461695526984185,0.041898553627215326,0,False,1,0.41629729818331057,0.41629729818331057,0.0,0.026492234122794344,0.026492234122794344,0.026492234122794344,0.2809736780344694,0.0,0.11846225,0.473849,1.0
2024-12-20 17:30:00,test,True,100,0.473849,0.0018737434321530163,0.002906693172626183,0,False,1,0.4723592407725755,0.4264641,0.044021397340422486,0.02644494616164187,0.07046634350206435,0.07046634350206435,0.25448144391167504,0.0,0.11846225,0.473849,1.0
2024-12-20 18:30:00,test,False,100,0.473849,0.008187414925396442,0.0,0,False,1,0.543825955472256,0.4264641,0.0,0.0,0.0,0.0,0.1840151004096107,0.0,0.11846225,0.473849,1.0
2024-12-20 19:30:00,test,False,100,0.473849,0.01729804171656072,0.0,0,False,1,0.5442858281387611,0.4264641,0.0,0.0,0.0,0.0,0.1840151004096107,0.0,0.11846225,0.473849,1.0
2024-12-20 20:30:00,test,False,100,0.473849,0.022262921386674045,0.0,0,False,1,0.5230881407052156,0.4264641,0.0,0.0,0.0,0.0,0.1840151004096107,0.0,0.11846225,0.473849,1.0
2024-12-20 21:30:00,test,False,100,0.473849,0.02409529572160542,0.0,0,False,1,0.49341665337015905,0.4264641,0.0,0.0,0.0,0.0,0.1840151004096107,0.0,0.11846225,0.473849,1.0
2024-12-20 22:30:00,test,False,100,0.473849,0.02627660895617306,0.0,0,False,1,0.43334014618773503,0.4264641,0.0,0.0,0.0,0.0,0.1840151004096107,0.0,0.11846225,0.473849,1.0
2024-12-20 23:30:00,test,False,100,0.473849,0.02820514965330064,0.0,0,False,1,0.40915359679976865,0.40915359679976865,0.0,0.0,0.0,0.0,0.1840151004096107,0.0,0.11846225,0.473849,1.0
2024-12-21 00:30:00,test,False,100,0.473849,0.025558648247152566,0.0,0,False,1,0.3725815913320301,0.3725815913320301,0.0,0.0,0.0,0.0,0.473849,0.0,0.11846225,0.473849,1.0
2024-12-21 01:30:00,test,False,100,0.473849,0.022557042803511024,0.0,0,False,1,0.3738266463947801,0.3738266463947801,0.0,0.0,0.0,0.0,0.473849,0.0,0.11846225,0.473849,1.0
2024-12-21 02:30:00,test,False,100,0.473849,0.020268076950907706,0.0,0,False,1,0.3746208079228583,0.3746208079228583,0.0,0.0,0.0,0.0,0.473849,0.0,0.11846225,0.473849,1.0
2024-12-21 03:30:00,test,False,100,0.473849,0.019041423830658197,0.0,0,False,1,0.37574527701544186,0.37574527701544186,0.0,0.0,0.0,0.0,0.473849,0.0,0.11846225,0.473849,1.0
2024-12-21 04:30:00,test,False,100,0.473849,0.01999136337304115,0.0,0,False,1,0.3715468671332988,0.3715468671332988,0.0,0.0,0.0,0.0,0.473849,0.0,0.11846225,0.473849,1.0
2024-12-21 05:30:00,test,False,100,0.473849,0.023145362209886312,0.0,0,False,1,0.3873223954721768,0.3873223954721768,0.0,0.0,0.0,0.0,0.473849,0.0,0.11846225,0.473849,1.0
2024-12-21 06:30:00,test,False,100,0.473849,0.028728758471101522,0.011870078034597449,0,False,1,0.4049103160791141,0.4049103160791141,0.0,0.0,0.0,0.0,0.473849,0.0,0.11846225,0.473849,1.0
2024-12-21 07:30:00,test,True,100,0.473849,0.0374984244324565,0.0699321952803731,0,False,1,0.43118438673610443,0.4264641,0.0,0.02486004450471959,0.02486004450471959,0.02486004450471959,0.473849,0.0,0.11846225,0.473849,1.0
2024-12-21 08:30:00,test,True,100,0.473849,0.12098213689929246,0.12399937282697857,0,False,1,0.46217165055690446,0.4264641,0.0,0.035210129106664434,0.035210129106664434,0.035210129106664434,0.44898895549528045,0.0,0.11846225,0.473849,1.0
2024-12-21 09:30:00,test,True,100,0.473849,0.17626511367830633,0.18273247217434646,0,False,1,0.4521986402154214,0.4264641,0.0,0.027589048056356476,0.027589048056356476,0.027589048056356476,0.413778826388616,0.0,0.11846225,0.473849,1.0
2024-12-21 10:30:00,test,True,100,0.473849,0.2244344990939498,0.23761858947265146,0,False,1,0.4238412248838081,0.4238412248838081,0.0,0.021448255980267075,0.021448255980267075,0.021448255980267075,0.38618977833225954,0.0,0.11846225,0.473849,1.0
2024-12-21 11:30:00,test,True,100,0.473849,0.27205796239352226,0.2638112311720252,0,False,1,0.4048617642125856,0.4048617642125856,0.0,0.012773027425489478,0.012773027425489478,0.012773027425489478,0.3647415223519925,0.0,0.11846225,0.473849,1.0
2024-12-21 12:30:00,test,True,100,0.473849,0.2702505386334956,0.2577970313156247,0,False,1,0.37367395817668614,0.37367395817668614,0.0,0.014852474653252522,0.014852474653252522,0.014852474653252522,0.351968494926503,0.0,0.11846225,0.473849,1.0
2024-12-21 13:30:00,test,True,100,0.473849,0.24559276816150546,0.22092796908342838,0,False,1,0.3822306334191569,0.3822306334191569,0.0,0.020814728944632512,0.020814728944632512,0.020814728944632512,0.3371160202732505,0.0,0.11846225,0.473849,1.0
2024-12-21 14:30:00,test,True,100,0.473849,0.18582555450865626,0.17339919902795553,0,False,1,0.3901465596369038,0.3901465596369038,0.0,0.026696986937669774,0.026696986937669774,0.026696986937669774,0.316301291328618,0.0,0.11846225,0.473849,1.0
2024-12-21 15:30:00,test,True,100,0.473849,0.12548767373728753,0.10804891393126548,0,False,1,0.3942915275423837,0.3942915275423837,0.0,0.029137368850522052,0.029137368850522052,0.029137368850522052,0.28960430439094825,0.0,0.11846225,0.473849,1.0
2024-12-21 16:30:00,test,True,100,0.473849,0.0567508391822502,0.04398366772942245,0,False,1,0.4342047481290997,0.4264641,0.0,0.031433353335170076,0.031433353335170076,0.031433353335170076,0.2604669355404262,0.0,0.11846225,0.473849,1.0
2024-12-21 17:30:00,test,True,100,0.473849,0.0037470828313082454,0.002934448966788477,0,False,1,0.48828686008919153,0.4264641,0.058075677257883276,0.024040093412829436,0.08211577067071271,0.08211577067071271,0.22903358220525613,0.0,0.11846225,0.473849,1.0
2024-12-21 18:30:00,test,False,100,0.473849,0.008908663646087051,0.0,0,False,1,0.5260266998266224,0.4264641,0.0,0.0,0.0,0.0,0.14691781153454342,0.0,0.11846225,0.473849,1.0
2024-12-21 19:30:00,test,False,100,0.473849,0.017643712685212493,0.0,0,False,1,0.5584308048018644,0.4264641,0.0,0.0,0.0,0.0,0.14691781153454342,0.0,0.11846225,0.473849,1.0
2024-12-21 20:30:00,test,False,100,0.473849,0.020546024162009357,0.0,0,False,1,0.5332428175008141,0.4264641,0.0,0.0,0.0,0.0,0.14691781153454342,0.0,0.11846225,0.473849,1.0
2024-12-21 21:30:00,test,False,100,0.473849,0.019920921002611516,0.0,0,False,1,0.4695377549048492,0.4264641,0.0,0.0,0.0,0.0,0.14691781153454342,0.0,0.11846225,0.473849,1.0
2024-12-21 22:30:00,test,False,100,0.473849,0.021581936422482132,0.0,0,False,1,0.4505695478758644,0.4264641,0.0,0.0,0.0,0.0,0.14691781153454342,0.0,0.11846225,0.473849,1.0
2024-12-21 23:30:00,test,False,100,0.473849,0.023909759259402752,0.0,0,False,1,0.40073243967067207,0.40073243967067207,0.0,0.0,0.0,0.0,0.14691781153454342,0.0,0.11846225,0.473849,1.0
2024-12-22 00:30:00,test,False,100,0.473849,0.02311639359150827,0.0,0,False,1,0.3839590397083591,0.3839590397083591,0.0,0.0,0.0,0.0,0.473849,0.0,0.11846225,0.473849,1.0
2024-12-22 01:30:00,test,False,100,0.473849,0.02124182437823713,0.0,0,False,1,0.3803631450014054,0.3803631450014054,0.0,0.0,0.0,0.0,0.473849,0.0,0.11846225,0.473849,1.0
2024-12-22 02:30:00,test,False,100,0.473849,0.019617895043551922,0.0,0,False,1,0.37679678025003244,0.37679678025003244,0.0,0.0,0.0,0.0,0.473849,0.0,0.11846225,0.473849,1.0
2024-12-22 03:30:00,test,False,100,0.473849,0.01900130961239338,0.0,0,False,1,0.3815476763258641,0.3815476763258641,0.0,0.0,0.0,0.0,0.473849,0.0,0.11846225,0.473849,1.0
2024-12-22 04:30:00,test,False,100,0.473849,0.019740297359481455,0.0,0,False,1,0.3796532452608606,0.3796532452608606,0.0,0.0,0.0,0.0,0.473849,0.0,0.11846225,0.473849,1.0
2024-12-22 05:30:00,test,False,100,0.473849,0.02286506106865406,0.0,0,False,1,0.377482406508136,0.377482406508136,0.0,0.0,0.0,0.0,0.473849,0.0,0.11846225,0.473849,1.0
2024-12-22 06:30:00,test,False,100,0.473849,0.028437855228558184,0.010083320987675339,0,False,1,0.411700071507791,0.411700071507791,0.0,0.0,0.0,0.0,0.473849,0.0,0.11846225,0.473849,1.0
2024-12-22 07:30:00,test,True,100,0.473849,0.03836239072161913,0.055735075031071904,0,False,1,0.44640789418102134,0.4264641,0.0,0.02625050128379066,0.02625050128379066,0.02625050128379066,0.473849,0.0,0.11846225,0.473849,1.0
2024-12-22 08:30:00,test,True,100,0.473849,0.11125330624690652,0.0938813360505402,0,False,1,0.4565949959551411,0.4264641,0.0,0.03288994077567452,0.03288994077567452,0.03288994077567452,0.4475984987162094,0.0,0.11846225,0.473849,1.0
2024-12-22 09:30:00,test,True,100,0.473849,0.1441662089330554,0.15749991231331228,0,False,1,0.4673782114110906,0.4264641,0.0,0.02944579482686587,0.02944579482686587,0.02944579482686587,0.41470855794053485,0.0,0.11846225,0.473849,1.0
2024-12-22 10:30:00,test,True,100,0.473849,0.19810086906552316,0.21007312948152423,0,False,1,0.443261085374981,0.4264641,0.0,0.02839779945656765,0.02839779945656765,0.02839779945656765,0.38526276311366897,0.0,0.11846225,0.473849,1.0
2024-12-22 11:30:00,test,True,100,0.473849,0.24650389775002002,0.24133944575461744,0,False,1,0.40700533240542236,0.40700533240542236,0.0,0.022056545414412095,0.022056545414412095,0.022056545414412095,0.3568649636571013,0.0,0.11846225,0.473849,1.0
2024-12-22 12:30:00,test,True,100,0.473849,0.24777167398434877,0.2282330538331568,0,False,1,0.37560829281680813,0.37560829281680813,0.0,0.018720747771509956,0.018720747771509956,0.018720747771509956,0.3348084182426892,0.0,0.11846225,0.473849,1.0
2024-12-22 13:30:00,test,True,100,0.473849,0.21377652220135926,0.19872408922213317,0,False,1,0.3965638438500933,0.3965638438500933,0.0,0.02675726185264041,0.02675726185264041,0.02675726185264041,0.31608767047117925,0.0,0.11846225,0.473849,1.0
2024-12-22 14:30:00,test,True,100,0.473849,0.1655551266528964,0.151839813500911,0,False,1,0.38375980804893567,0.38375980804893567,0.0,0.029580029973537522,0.029580029973537522,0.029580029973537522,0.2893304086185388,0.0,0.11846225,0.473849,1.0
2024-12-22 15:30:00,test,True,100,0.473849,0.10764943459619582,0.09713875475488604,0,False,1,0.39786735926867733,0.39786735926867733,0.0,0.028095359089840764,0.028095359089840764,0.028095359089840764,0.2597503786450013,0.0,0.11846225,0.473849,1.0
2024-12-22 16:30:00,test,True,100,0.473849,0.04659627069684118,0.04344448261848092,0,False,1,0.4410116718747985,0.4264641,0.0,0.027074366850831887,0.027074366850831887,0.027074366850831887,0.23165501955516052,0.0,0.11846225,0.473849,1.0
2024-12-22 17:30:00,test,True,100,0.473849,0.0020848603360923007,0.003350590516099579,0,False,1,0.47201433315656344,0.4264641,0.043465372820471124,0.021391657663422575,0.0648570304838937,0.0648570304838937,0.20458065270432862,0.0,0.11846225,0.473849,1.0
2024-12-22 18:30:00,test,False,100,0.473849,0.007354378438040614,0.0,0,False,1,0.5516066646829609,0.4264641,0.0,0.0,0.0,0.0,0.13972362222043494,0.0,0.11846225,0.473849,1.0
2024-12-22 19:30:00,test,False,100,0.473849,0.016186404310896994,0.0,0,False,1,0.5449420177265734,0.4264641,0.0,0.0,0.0,0.0,0.13972362222043494,0.0,0.11846225,0.473849,1.0
2024-12-22 20:30:00,test,False,100,0.473849,0.02237552297523618,0.0,0,False,1,0.551858058150775,0.4264641,0.0,0.0,0.0,0.0,0.13972362222043494,0.0,0.11846225,0.473849,1.0
2024-12-22 21:30:00,test,False,100,0.473849,0.02519211372873187,0.0,0,False,1,0.4801657402464833,0.4264641,0.0,0.0,0.0,0.0,0.13972362222043494,0.0,0.11846225,0.473849,1.0
2024-12-22 22:30:00,test,False,100,0.473849,0.02812008084627986,0.0,0,False,1,0.4348802253469577,0.4264641,0.0,0.0,0.0,0.0,0.13972362222043494,0.0,0.11846225,0.473849,1.0
2024-12-22 23:30:00,test,False,100,0.473849,0.032195166453391315,0.0,0,False,1,0.39605646345348067,0.39605646345348067,0.0,0.0,0.0,0.0,0.13972362222043494,0.0,0.11846225,0.473849,1.0
2024-12-23 00:30:00,test,False,100,0.473849,0.029803023875296115,0.0,0,False,1,0.3802135493676912,0.3802135493676912,0.0,0.0,0.0,0.0,0.473849,0.0,0.11846225,0.473849,1.0
2024-12-23 01:30:00,test,False,100,0.473849,0.02668492604327202,0.0,0,False,1,0.3855860974090065,0.3855860974090065,0.0,0.0,0.0,0.0,0.473849,0.0,0.11846225,0.473849,1.0
2024-12-23 02:30:00,test,False,100,0.473849,0.02418211662618816,0.0,0,False,1,0.37306772646783726,0.37306772646783726,0.0,0.0,0.0,0.0,0.473849,0.0,0.11846225,0.473849,1.0
2024-12-23 03:30:00,test,False,100,0.473849,0.022825727532222867,0.0,0,False,1,0.3888565807734444,0.3888565807734444,0.0,0.0,0.0,0.0,0.473849,0.0,0.11846225,0.473849,1.0
2024-12-23 04:30:00,test,False,100,0.473849,0.02315470894895494,0.0,0,False,1,0.3999724503953453,0.3999724503953453,0.0,0.0,0.0,0.0,0.473849,0.0,0.11846225,0.473849,1.0
2024-12-23 05:30:00,test,False,100,0.473849,0.02633754110008478,0.0,0,False,1,0.39167521891826756,0.39167521891826756,0.0,0.0,0.0,0.0,0.473849,0.0,0.11846225,0.473849,1.0
2024-12-23 06:30:00,test,False,100,0.473849,0.03236828614403307,0.00817438723999105,0,False,1,0.3848562834109342,0.3848562834109342,0.0,0.0,0.0,0.0,0.473849,0.0,0.11846225,0.473849,1.0
2024-12-23 07:30:00,test,True,100,0.473849,0.04140176224303246,0.05077588498889655,0,False,1,0.44617050016517285,0.4264641,0.0,0.02294934044592456,0.02294934044592456,0.02294934044592456,0.473849,0.0,0.11846225,0.473849,1.0
2024-12-23 08:30:00,test,True,100,0.473849,0.1081770682336241,0.10015353885747492,0,False,1,0.46128929577447036,0.4264641,0.0,0.021008805792753226,0.021008805792753226,0.021008805792753226,0.45089965955407546,0.0,0.11846225,0.473849,1.0
2024-12-23 09:30:00,test,True,100,0.473849,0.15285570669439436,0.14268633688777685,0,False,1,0.47316475484256193,0.4264641,0.0,0.018087501447239192,0.018087501447239192,0.018087501447239192,0.42989085376132224,0.0,0.11846225,0.473849,1.0
2024-12-23 10:30:00,test,True,100,0.473849,0.18374183547991516,0.16651678015998006,0,False,1,0.4284886894968395,0.4264641,0.0,0.016333285631106413,0.016333285631106413,0.016333285631106413,0.41180335231408305,0.0,0.11846225,0.473849,1.0
2024-12-23 11:30:00,test,True,100,0.473849,0.20348621342027187,0.22025225010210275,0,False,1,0.41654319587941896,0.41654319587941896,0.0,0.019977612586661152,0.019977612586661152,0.019977612586661152,0.39547006668297663,0.0,0.11846225,0.473849,1.0
2024-12-23 12:30:00,test,True,100,0.473849,0.22986340277054906,0.22115410866093635,0,False,1,0.38143312780517197,0.38143312780517197,0.0,0.02245584129234612,0.02245584129234612,0.02245584129234612,0.3754924540963155,0.0,0.11846225,0.473849,1.0
2024-12-23 13:30:00,test,True,100,0.473849,0.2085330995707214,0.2105693258821368,0,False,1,0.38667611042273253,0.38667611042273253,0.0,0.024512119163023337,0.024512119163023337,0.024512119163023337,0.35303661280396936,0.0,0.11846225,0.473849,1.0
2024-12-23 14:30:00,test,True,100,0.473849,0.17612180977767705,0.17337300669646263,0,False,1,0.3909625629453393,0.3909625629453393,0.0,0.023941263095674643,0.023941263095674643,0.023941263095674643,0.32852449364094605,0.0,0.11846225,0.473849,1.0
2024-12-23 15:30:00,test,True,100,0.473849,0.12041155403926969,0.11293240935377777,0,False,1,0.4003521496636884,0.4003521496636884,0.0,0.022828476076076232,0.022828476076076232,0.022828476076076232,0.3045832305452714,0.0,0.11846225,0.473849,1.0
2024-12-23 16:30:00,test,True,100,0.473849,0.052893906662419436,0.05051893842764199,0,False,1,0.4380620648939543,0.4264641,0.0,0.02194903180009702,0.02194903180009702,0.02194903180009702,0.2817547544691952,0.0,0.11846225,0.473849,1.0
2024-12-23 17:30:00,test,True,100,0.473849,0.0013733852756675333,0.00314619115398344,0,False,1,0.491384331149922,0.4264641,0.06354684587425448,0.015657554417797835,0.07920440029205231,0.07920440029205231,0.2598057226690982,0.0,0.11846225,0.473849,1.0
2024-12-23 18:30:00,test,False,100,0.473849,0.004553448194697499,0.0,0,False,1,0.53031547926095,0.4264641,0.0,0.0,0.0,0.0,0.18060132237704588,0.0,0.11846225,0.473849,1.0
2024-12-23 19:30:00,test,False,100,0.473849,0.01703821015512943,0.0,0,False,1,0.5662448869697236,0.4264641,0.0,0.0,0.0,0.0,0.18060132237704588,0.0,0.11846225,0.473849,1.0
2024-12-23 20:30:00,test,False,100,0.473849,0.022816323770076037,0.0,0,False,1,0.5015100829417855,0.4264641,0.0,0.0,0.0,0.0,0.18060132237704588,0.0,0.11846225,0.473849,1.0
2024-12-23 21:30:00,test,False,100,0.473849,0.024956809558391573,0.0,0,False,1,0.4661063393375766,0.4264641,0.0,0.0,0.0,0.0,0.18060132237704588,0.0,0.11846225,0.473849,1.0
2024-12-23 22:30:00,test,False,100,0.473849,0.02860578256264329,0.0,0,False,1,0.431098534208527,0.4264641,0.0,0.0,0.0,0.0,0.18060132237704588,0.0,0.11846225,0.473849,1.0
2024-12-23 23:30:00,test,False,100,0.473849,0.03250781083352864,0.0,0,False,1,0.39385759770003453,0.39385759770003453,0.0,0.0,0.0,0.0,0.18060132237704588,0.0,0.11846225,0.473849,1.0
2024-12-24 00:30:00,test,False,100,0.473849,0.030436821549758315,0.0,0,False,1,0.38191884335642107,0.38191884335642107,0.0,0.0,0.0,0.0,0.473849,0.0,0.11846225,0.473849,1.0
2024-12-24 01:30:00,test,False,100,0.473849,0.027597992586895822,0.0,0,False,1,0.3605315513599049,0.3605315513599049,0.0,0.0,0.0,0.0,0.473849,0.0,0.11846225,0.473849,1.0
2024-12-24 02:30:00,test,False,100,0.473849,0.0257350434050709,0.0,0,False,1,0.3757522234553833,0.3757522234553833,0.0,0.0,0.0,0.0,0.473849,0.0,0.11846225,0.473849,1.0
2024-12-24 03:30:00,test,False,100,0.473849,0.025479055695414542,0.0,0,False,1,0.38287324900881287,0.38287324900881287,0.0,0.0,0.0,0.0,0.473849,0.0,0.11846225,0.473849,1.0
2024-12-24 04:30:00,test,False,100,0.473849,0.02690001637865603,0.0,0,False,1,0.3837113424458148,0.3837113424458148,0.0,0.0,0.0,0.0,0.473849,0.0,0.11846225,0.473849,1.0
2024-12-24 05:30:00,test,False,100,0.473849,0.030482786136567592,0.0,0,False,1,0.37213245766344677,0.37213245766344677,0.0,0.0,0.0,0.0,0.473849,0.0,0.11846225,0.473849,1.0
2024-12-24 06:30:00,test,False,100,0.473849,0.03591321052148938,0.011960779580452479,0,False,1,0.42054692494724377,0.42054692494724377,0.0,0.0,0.0,0.0,0.473849,0.0,0.11846225,0.473849,1.0
2024-12-24 07:30:00,test,True,100,0.473849,0.04577855042955279,0.08186801123325527,0,False,1,0.4302858031758807,0.4264641,0.0,0.0103177455385621,0.0103177455385621,0.0103177455385621,0.473849,0.0,0.11846225,0.473849,1.0
2024-12-24 08:30:00,test,True,100,0.473849,0.15083366653223335,0.15305255484840274,0,False,1,0.44889377332417696,0.4264641,0.0,0.021506978503125922,0.021506978503125922,0.021506978503125922,0.46353125446143795,0.0,0.11846225,0.473849,1.0
2024-12-24 09:30:00,test,True,100,0.473849,0.2107470374200642,0.2120801331169009,0,False,1,0.45664642766913277,0.4264641,0.0,0.021467289118536972,0.021467289118536972,0.021467289118536972,0.442024275958312,0.0,0.11846225,0.473849,1.0
2024-12-24 10:30:00,test,True,100,0.473849,0.25988036420971156,0.23118017958816886,0,False,1,0.4393264885855394,0.4264641,0.0,0.020305295819359945,0.020305295819359945,0.020305295819359945,0.42055698683977505,0.0,0.11846225,0.473849,1.0
2024-12-24 11:30:00,test,True,100,0.473849,0.26363009072580934,0.24781167931464315,0,False,1,0.40116467947546447,0.40116467947546447,0.0,0.03217690746194455,0.03217690746194455,0.03217690746194455,0.4002516910204151,0.0,0.11846225,0.473849,1.0
2024-12-24 12:30:00,test,True,100,0.473849,0.2540491339598596,0.24229685021200775,0,False,1,0.3797552315248005,0.3797552315248005,0.0,0.036438593079227644,0.036438593079227644,0.036438593079227644,0.3680747835584705,0.0,0.11846225,0.473849,1.0
2024-12-24 13:30:00,test,True,100,0.473849,0.2315965952475071,0.18875506308153273,0,False,1,0.3759874663258217,0.3759874663258217,0.0,0.03936798745942011,0.03936798745942011,0.03936798745942011,0.33163619047924286,0.0,0.11846225,0.473849,1.0
2024-12-24 14:30:00,test,True,100,0.473849,0.16172291877382994,0.13475213397067784,0,False,1,0.38562292678962945,0.38562292678962945,0.0,0.044720327092581544,0.044720327092581544,0.044720327092581544,0.29226820301982276,0.0,0.11846225,0.473849,1.0
2024-12-24 15:30:00,test,True,100,0.473849,0.09911414401543141,0.09540826368200779,0,False,1,0.4139938736826519,0.4139938736826519,0.0,0.046091131606961766,0.046091131606961766,0.046091131606961766,0.2475478759272412,0.0,0.11846225,0.473849,1.0
2024-12-24 16:30:00,test,True,100,0.473849,0.045932243041925135,0.03567936524196342,0,False,1,0.44187012155321964,0.4264641,0.0,0.04467189632630458,0.04467189632630458,0.04467189632630458,0.20145674432027944,0.0,0.11846225,0.473849,1.0
2024-12-24 17:30:00,test,True,100,0.473849,0.005367320838493295,0.0029747065719744423,0,False,1,0.472634254731153,0.4264641,0.04080283389265969,0.04186342331189108,0.08266625720455077,0.08266625720455077,0.15678484799397485,0.0,0.11846225,0.473849,1.0
2024-12-24 18:30:00,test,False,100,0.473849,0.008272344250395894,0.0,0,False,1,0.5276323496011023,0.4264641,0.0,0.0,0.0,0.0,0.07411859078942408,0.0,0.11846225,0.473849,1.0
2024-12-24 19:30:00,test,False,100,0.473849,0.016604926639005542,0.0,0,False,1,0.5517960966386595,0.4264641,0.0,0.0,0.0,0.0,0.07411859078942408,0.0,0.11846225,0.473849,1.0
2024-12-24 20:30:00,test,False,100,0.473849,0.02417071626664698,0.0,0,False,1,0.5275213905907197,0.4264641,0.0,0.0,0.0,0.0,0.07411859078942408,0.0,0.11846225,0.473849,1.0
2024-12-24 21:30:00,test,False,100,0.473849,0.02863767119012773,0.0,0,False,1,0.4798286435730456,0.4264641,0.0,0.0,0.0,0.0,0.07411859078942408,0.0,0.11846225,0.473849,1.0
2024-12-24 22:30:00,test,False,100,0.473849,0.03295874307020009,0.0,0,False,1,0.44566810218631686,0.4264641,0.0,0.0,0.0,0.0,0.07411859078942408,0.0,0.11846225,0.473849,1.0
2024-12-24 23:30:00,test,False,100,0.473849,0.03500013580787182,0.0,0,False,1,0.3909125817839515,0.3909125817839515,0.0,0.0,0.0,0.0,0.07411859078942408,0.0,0.11846225,0.473849,1.0
2024-12-25 00:30:00,test,False,100,0.473849,0.03251343599639833,0.0,0,False,1,0.38508812460013514,0.38508812460013514,0.0,0.0,0.0,0.0,0.473849,0.0,0.11846225,0.473849,1.0
2024-12-25 01:30:00,test,False,100,0.473849,0.029908467883959414,0.0,0,False,1,0.3632719803821729,0.3632719803821729,0.0,0.0,0.0,0.0,0.473849,0.0,0.11846225,0.473849,1.0
2024-12-25 02:30:00,test,False,100,0.473849,0.02761293939319253,0.0,0,False,1,0.3808608506230841,0.3808608506230841,0.0,0.0,0.0,0.0,0.473849,0.0,0.11846225,0.473849,1.0
2024-12-25 03:30:00,test,False,100,0.473849,0.026643110392183065,0.0,0,False,1,0.3822854575263641,0.3822854575263641,0.0,0.0,0.0,0.0,0.473849,0.0,0.11846225,0.473849,1.0
2024-12-25 04:30:00,test,False,100,0.473849,0.027329515597477556,0.0,0,False,1,0.3824725424984729,0.3824725424984729,0.0,0.0,0.0,0.0,0.473849,0.0,0.11846225,0.473849,1.0
2024-12-25 05:30:00,test,False,100,0.473849,0.030144106041684746,0.0,0,False,1,0.38946402770522454,0.38946402770522454,0.0,0.0,0.0,0.0,0.473849,0.0,0.11846225,0.473849,1.0
2024-12-25 06:30:00,test,False,100,0.473849,0.036141336385160684,0.008962296833731235,0,False,1,0.39992653420589275,0.39992653420589275,0.0,0.0,0.0,0.0,0.473849,0.0,0.11846225,0.473849,1.0
2024-12-25 07:30:00,test,True,100,0.473849,0.04567604016818106,0.05305283311952651,0,False,1,0.4368423284304232,0.4264641,0.0,0.042092594600648306,0.042092594600648306,0.042092594600648306,0.473849,0.0,0.11846225,0.473849,1.0
2024-12-25 08:30:00,test,True,100,0.473849,0.11667524585855008,0.11341972648747266,0,False,1,0.4703976944893516,0.4264641,0.0,0.04352539486086423,0.04352539486086423,0.04352539486086423,0.43175640539935173,0.0,0.11846225,0.473849,1.0
2024-12-25 09:30:00,test,True,100,0.473849,0.16698826153984667,0.14053307170027493,0,False,1,0.4775398275759357,0.4264641,0.0,0.02544429280637928,0.02544429280637928,0.02544429280637928,0.3882310105384875,0.0,0.11846225,0.473849,1.0
2024-12-25 10:30:00,test,True,100,0.473849,0.18173828928726912,0.1877950957249701,0,False,1,0.4412508231238102,0.4264641,0.0,0.02505762507826786,0.02505762507826786,0.02505762507826786,0.36278671773210824,0.0,0.11846225,0.473849,1.0
2024-12-25 11:30:00,test,True,100,0.473849,0.22534567531129718,0.1960944800516069,0,False,1,0.391502723075805,0.391502723075805,0.0,0.02527230945922948,0.02527230945922948,0.02527230945922948,0.3377290926538404,0.0,0.11846225,0.473849,1.0
2024-12-25 12:30:00,test,True,100,0.473849,0.20224976444986462,0.16800900092700125,0,False,1,0.3928550647927782,0.3928550647927782,0.0,0.03430652084998903,0.03430652084998903,0.03430652084998903,0.3124567831946109,0.0,0.11846225,0.473849,1.0
2024-12-25 13:30:00,test,True,100,0.473849,0.15902776924937964,0.11620191041146219,0,False,1,0.3826852682740742,0.3826852682740742,0.0,0.04423490771698754,0.04423490771698754,0.04423490771698754,0.27815026234462187,0.0,0.11846225,0.473849,1.0
2024-12-25 14:30:00,test,True,100,0.473849,0.09279633628101647,0.09856307876525819,0,False,1,0.3927998981129499,0.3927998981129499,0.0,0.05281737014843095,0.05281737014843095,0.05281737014843095,0.23391535462763433,0.0,0.11846225,0.473849,1.0
2024-12-25 15:30:00,test,True,100,0.473849,0.061069110519357026,0.06733677371056378,0,False,1,0.4028396655523499,0.4028396655523499,0.0,0.054612372894681065,0.054612372894681065,0.054612372894681065,0.1810979844792034,0.0,0.11846225,0.473849,1.0
2024-12-25 16:30:00,test,True,100,0.473849,0.028830761883303524,0.03591110549400002,0,False,1,0.43015944808378725,0.4264641,0.0,0.05274302491612705,0.05274302491612705,0.05274302491612705,0.12648561158452232,0.0,0.11846225,0.473849,1.0
2024-12-25 17:30:00,test,True,100,0.473849,0.006519080958533101,0.0028925388693728017,0,False,1,0.48562426961462574,0.4264641,0.05264108865609262,0.05287968926013501,0.10552077791622763,0.07374258666839527,0.07374258666839527,0.03177819124783236,0.11846225,0.473849,1.0
2024-12-25 18:30:00,test,False,100,0.473849,0.007664834409058094,0.0,0,False,1,0.5236540859290284,0.4264641,0.0,0.0,0.0,0.0,0.0,0.0,0.11846225,0.473849,1.0
2024-12-25 19:30:00,test,False,100,0.473849,0.020862222731232644,0.0,0,False,1,0.5618953748969591,0.4264641,0.0,0.0,0.0,0.0,0.0,0.0,0.11846225,0.473849,1.0
2024-12-25 20:30:00,test,False,100,0.473849,0.026488656175583603,0.0,0,False,1,0.511980780711309,0.4264641,0.0,0.0,0.0,0.0,0.0,0.0,0.11846225,0.473849,1.0
2024-12-25 21:30:00,test,False,100,0.473849,0.029914041570693255,0.0,0,False,1,0.47351152608693126,0.4264641,0.0,0.0,0.0,0.0,0.0,0.0,0.11846225,0.473849,1.0
2024-12-25 22:30:00,test,False,100,0.473849,0.031941888134613634,0.0,0,False,1,0.43299372889290694,0.4264641,0.0,0.0,0.0,0.0,0.0,0.0,0.11846225,0.473849,1.0
2024-12-25 23:30:00,test,False,100,0.473849,0.03221214764600992,0.0,0,False,1,0.4035249559944401,0.4035249559944401,0.0,0.0,0.0,0.0,0.0,0.0,0.11846225,0.473849,1.0
2024-12-26 00:30:00,test,False,100,0.473849,0.029352256687372923,0.0,0,False,1,0.37900933357092836,0.37900933357092836,0.0,0.0,0.0,0.0,0.473849,0.0,0.11846225,0.473849,1.0
2024-12-26 01:30:00,test,False,100,0.473849,0.026561568202778697,0.0,0,False,1,0.378052169292044,0.378052169292044,0.0,0.0,0.0,0.0,0.473849,0.0,0.11846225,0.473849,1.0
2024-12-26 02:30:00,test,False,100,0.473849,0.024312031736135484,0.0,0,False,1,0.37615035130477675,0.37615035130477675,0.0,0.0,0.0,0.0,0.473849,0.0,0.11846225,0.473849,1.0
2024-12-26 03:30:00,test,False,100,0.473849,0.023325857991665602,0.0,0,False,1,0.3751268441615674,0.3751268441615674,0.0,0.0,0.0,0.0,0.473849,0.0,0.11846225,0.473849,1.0
2024-12-26 04:30:00,test,False,100,0.473849,0.02441325381629169,0.0,0,False,1,0.3821502928925562,0.3821502928925562,0.0,0.0,0.0,0.0,0.473849,0.0,0.11846225,0.473849,1.0
2024-12-26 05:30:00,test,False,100,0.473849,0.028028595267295838,0.0,0,False,1,0.3743665625551366,0.3743665625551366,0.0,0.0,0.0,0.0,0.473849,0.0,0.11846225,0.473849,1.0
2024-12-26 06:30:00,test,False,100,0.473849,0.034056675662249326,0.011195428733017529,0,False,1,0.39385781491272925,0.39385781491272925,0.0,0.0,0.0,0.0,0.473849,0.0,0.11846225,0.473849,1.0
2024-12-26 07:30:00,test,True,100,0.473849,0.04332353029876947,0.05408449307077378,0,False,1,0.43816501165242233,0.4264641,0.0,0.04711896882734616,0.04711896882734616,0.04711896882734616,0.473849,0.0,0.11846225,0.473849,1.0
2024-12-26 08:30:00,test,True,100,0.473849,0.11290485950870811,0.09520726938451826,0,False,1,0.463287741514301,0.4264641,0.0,0.035986192301981315,0.035986192301981315,0.035986192301981315,0.42673003117265385,0.0,0.11846225,0.473849,1.0
2024-12-26 09:30:00,test,True,100,0.473849,0.14772106031408905,0.13169372884842753,0,False,1,0.4750950083389092,0.4264641,0.0,0.015867410055710553,0.015867410055710553,0.015867410055710553,0.39074383887067254,0.0,0.11846225,0.473849,1.0
2024-12-26 10:30:00,test,True,100,0.473849,0.17339950857764483,0.11860579318553209,0,False,1,0.4370797199513855,0.4264641,0.0,0.02247576098388462,0.02247576098388462,0.02247576098388462,0.37487642881496197,0.0,0.11846225,0.473849,1.0
2024-12-26 11:30:00,test,True,100,0.473849,0.15194829946160315,0.12035074131165445,0,False,1,0.4040577869516106,0.4040577869516106,0.0,0.05152551723997084,0.05152551723997084,0.05152551723997084,0.3524006678310774,0.0,0.11846225,0.473849,1.0
2024-12-26 12:30:00,test,True,100,0.473849,0.1305712889163941,0.1358708256099522,0,False,1,0.37604927902778257,0.37604927902778257,0.0,0.056138439725005075,0.056138439725005075,0.056138439725005075,0.30087515059110653,0.0,0.11846225,0.473849,1.0
2024-12-26 13:30:00,test,True,100,0.473849,0.1278911191008985,0.10200362491446734,0,False,1,0.383895207810416,0.383895207810416,0.0,0.05702501169746382,0.05702501169746382,0.05702501169746382,0.24473671086610146,0.0,0.11846225,0.473849,1.0
2024-12-26 14:30:00,test,True,100,0.473849,0.07808399923020601,0.07463693395502866,0,False,1,0.3807699348711354,0.3807699348711354,0.0,0.05609575077235296,0.05609575077235296,0.05609575077235296,0.18771169916863764,0.0,0.11846225,0.473849,1.0
2024-12-26 15:30:00,test,True,100,0.473849,0.044070127549029885,0.04965539636567235,0,False,1,0.4004595857919558,0.4004595857919558,0.0,0.05637429623138991,0.05637429623138991,0.05637429623138991,0.13161594839628468,0.0,0.11846225,0.473849,1.0
2024-12-26 16:30:00,test,True,100,0.473849,0.017316194766331464,0.02229927354254201,0,False,1,0.438102383581649,0.4264641,0.0,0.057156031680875546,0.057156031680875546,0.057156031680875546,0.07524165216489477,0.0,0.11846225,0.473849,1.0
2024-12-26 17:30:00,test,True,100,0.473849,0.009350189199880697,0.00251701987358203,0,False,1,0.4734703480806833,0.4264641,0.03765605888080257,0.03528972192531033,0.0729457808061129,0.018085620484019224,0.018085620484019224,0.054860160322093676,0.11846225,0.473849,1.0
2024-12-26 18:30:00,test,False,100,0.473849,0.015628692741289734,0.0,0,False,1,0.5248424567121838,0.4264641,0.0,0.0,0.0,0.0,0.0,0.0,0.11846225,0.473849,1.0
2024-12-26 19:30:00,test,False,100,0.473849,0.026029963413998485,0.0,0,False,1,0.5366109479871766,0.4264641,0.0,0.0,0.0,0.0,0.0,0.0,0.11846225,0.473849,1.0
2024-12-26 20:30:00,test,False,100,0.473849,0.030777484426394105,0.0,0,False,1,0.5249898292767741,0.4264641,0.0,0.0,0.0,0.0,0.0,0.0,0.11846225,0.473849,1.0
2024-12-26 21:30:00,test,False,100,0.473849,0.032957873043984176,0.0,0,False,1,0.490361323991631,0.4264641,0.0,0.0,0.0,0.0,0.0,0.0,0.11846225,0.473849,1.0
2024-12-26 22:30:00,test,False,100,0.473849,0.03417214726290107,0.0,0,False,1,0.425652756017254,0.425652756017254,0.0,0.0,0.0,0.0,0.0,0.0,0.11846225,0.473849,1.0
2024-12-26 23:30:00,test,False,100,0.473849,0.03270741641075909,0.0,0,False,1,0.4135327389556721,0.4135327389556721,0.0,0.0,0.0,0.0,0.0,0.0,0.11846225,0.473849,1.0
2024-12-27 00:30:00,test,False,100,0.473849,0.029920291450321674,0.0,0,False,1,0.37276562770204746,0.37276562770204746,0.0,0.0,0.0,0.0,0.473849,0.0,0.11846225,0.473849,1.0
2024-12-27 01:30:00,test,False,100,0.473849,0.026900277388438584,0.0,0,False,1,0.3810022925112657,0.3810022925112657,0.0,0.0,0.0,0.0,0.473849,0.0,0.11846225,0.473849,1.0
2024-12-27 02:30:00,test,False,100,0.473849,0.024549765657782555,0.0,0,False,1,0.3838862484654039,0.3838862484654039,0.0,0.0,0.0,0.0,0.473849,0.0,0.11846225,0.473849,1.0
2024-12-27 03:30:00,test,False,100,0.473849,0.023617311921089887,0.0,0,False,1,0.3915393353873362,0.3915393353873362,0.0,0.0,0.0,0.0,0.473849,0.0,0.11846225,0.473849,1.0
2024-12-27 04:30:00,test,False,100,0.473849,0.02464716767461598,0.0,0,False,1,0.37790353095879514,0.37790353095879514,0.0,0.0,0.0,0.0,0.473849,0.0,0.11846225,0.473849,1.0
2024-12-27 05:30:00,test,False,100,0.473849,0.02839665669940412,0.0,0,False,1,0.3787337439526324,0.3787337439526324,0.0,0.0,0.0,0.0,0.473849,0.0,0.11846225,0.473849,1.0
2024-12-27 06:30:00,test,False,100,0.473849,0.0340150210416913,0.01166232175752055,0,False,1,0.39583997588926473,0.39583997588926473,0.0,0.0,0.0,0.0,0.473849,0.0,0.11846225,0.473849,1.0
2024-12-27 07:30:00,test,True,100,0.473849,0.04215333416897058,0.07375375392991304,0,False,1,0.43447481792681575,0.4264641,0.0,0.02345008474809814,0.02345008474809814,0.02345008474809814,0.473849,0.0,0.11846225,0.473849,1.0
2024-12-27 08:30:00,test,True,100,0.473849,0.13344092440390587,0.13016696363316477,0,False,1,0.4643167576948294,0.4264641,0.0,0.030011731349356998,0.030011731349356998,0.030011731349356998,0.4503989152519019,0.0,0.11846225,0.473849,1.0
2024-12-27 09:30:00,test,True,100,0.473849,0.18727857084470986,0.18076029092544316,0,False,1,0.46456536619486644,0.4264641,0.0,0.01834610813119525,0.01834610813119525,0.01834610813119525,0.4203871839025449,0.0,0.11846225,0.473849,1.0
2024-12-27 10:30:00,test,True,100,0.473849,0.22848063154399395,0.21353519247853756,0,False,1,0.417844990339943,0.417844990339943,0.0,0.019530882994265236,0.019530882994265236,0.019530882994265236,0.4020410757713497,0.0,0.11846225,0.473849,1.0
2024-12-27 11:30:00,test,True,100,0.473849,0.24921019802442193,0.21569392965847253,0,False,1,0.39352508096316463,0.39352508096316463,0.0,0.026117029488500077,0.026117029488500077,0.026117029488500077,0.3825101927770844,0.0,0.11846225,0.473849,1.0
2024-12-27 12:30:00,test,True,100,0.473849,0.22402646050462127,0.15203110302326084,0,False,1,0.4052098645856759,0.4052098645856759,0.0,0.040538019577277776,0.040538019577277776,0.040538019577277776,0.35639316328858434,0.0,0.11846225,0.473849,1.0
2024-12-27 13:30:00,test,True,100,0.473849,0.1481133180118799,0.1414428820165992,0,False,1,0.3905832367135665,0.3905832367135665,0.0,0.07323014443947354,0.07323014443947354,0.07323014443947354,0.3158551437113066,0.0,0.11846225,0.473849,1.0
2024-12-27 14:30:00,test,True,100,0.473849,0.12195100535191596,0.11324454311381281,0,False,1,0.3915598533868363,0.3915598533868363,0.0,0.06635881171527093,0.06635881171527093,0.06635881171527093,0.24262499927183304,0.0,0.11846225,0.473849,1.0
2024-12-27 15:30:00,test,True,100,0.473849,0.07667478686361015,0.07171592326027156,0,False,1,0.4137095059203676,0.4137095059203676,0.0,0.0660813153396865,0.0660813153396865,0.0660813153396865,0.1762661875565621,0.0,0.11846225,0.473849,1.0
2024-12-27 16:30:00,test,True,100,0.473849,0.03489390182301402,0.033555025330614295,0,False,1,0.4318879123810937,0.4264641,0.0,0.06617567472171118,0.06617567472171118,0.06617567472171118,0.11018487221687559,0.0,0.11846225,0.473849,1.0
2024-12-27 17:30:00,test,True,100,0.473849,0.004454897898504511,0.003215241222325654,0,False,1,0.48355057551956365,0.4264641,0.05263157762105913,0.06628767146792514,0.11891924908898427,0.04400919749516441,0.04400919749516441,0.07491005159381986,0.11846225,0.473849,1.0
2024-12-27 18:30:00,test,False,100,0.473849,0.01081930218230188,0.0,0,False,1,0.535555693260416,0.4264641,0.0,0.0,0.0,0.0,0.0,0.0,0.11846225,0.473849,1.0
2024-12-27 19:30:00,test,False,100,0.473849,0.021627999160528183,0.0,0,False,1,0.559583781940369,0.4264641,0.0,0.0,0.0,0.0,0.0,0.0,0.11846225,0.473849,1.0
2024-12-27 20:30:00,test,False,100,0.473849,0.027813092186465858,0.0,0,False,1,0.5435944513405965,0.4264641,0.0,0.0,0.0,0.0,0.0,0.0,0.11846225,0.473849,1.0
2024-12-27 21:30:00,test,False,100,0.473849,0.0318121282902956,0.0,0,False,1,0.4821409458854164,0.4264641,0.0,0.0,0.0,0.0,0.0,0.0,0.11846225,0.473849,1.0
2024-12-27 22:30:00,test,False,100,0.473849,0.03634681682346761,0.0,0,False,1,0.4354125115979579,0.4264641,0.0,0.0,0.0,0.0,0.0,0.0,0.11846225,0.473849,1.0
2024-12-27 23:30:00,test,False,100,0.473849,0.03707245766808093,0.0,0,False,1,0.39100915674864234,0.39100915674864234,0.0,0.0,0.0,0.0,0.0,0.0,0.11846225,0.473849,1.0
2024-12-28 00:30:00,test,False,100,0.473849,0.0338406266092062,0.0,0,False,1,0.3717251496650575,0.3717251496650575,0.0,0.0,0.0,0.0,0.473849,0.0,0.11846225,0.473849,1.0
2024-12-28 01:30:00,test,False,100,0.473849,0.030111654567480085,0.0,0,False,1,0.3819623746066032,0.3819623746066032,0.0,0.0,0.0,0.0,0.473849,0.0,0.11846225,0.473849,1.0
2024-12-28 02:30:00,test,False,100,0.473849,0.02764620209723711,0.0,0,False,1,0.37024210072698394,0.37024210072698394,0.0,0.0,0.0,0.0,0.473849,0.0,0.11846225,0.473849,1.0
2024-12-28 03:30:00,test,False,100,0.473849,0.02640254346102476,0.0,0,False,1,0.3808523282756257,0.3808523282756257,0.0,0.0,0.0,0.0,0.473849,0.0,0.11846225,0.473849,1.0
2024-12-28 04:30:00,test,False,100,0.473849,0.02739749864631891,0.0,0,False,1,0.3806491011714178,0.3806491011714178,0.0,0.0,0.0,0.0,0.473849,0.0,0.11846225,0.473849,1.0
2024-12-28 05:30:00,test,False,100,0.473849,0.03129126325839758,0.0,0,False,1,0.3790656514141341,0.3790656514141341,0.0,0.0,0.0,0.0,0.473849,0.0,0.11846225,0.473849,1.0
2024-12-28 06:30:00,test,False,100,0.473849,0.037293153650164605,0.010441091467025224,0,False,1,0.40317090745415557,0.40317090745415557,0.0,0.0,0.0,0.0,0.473849,0.0,0.11846225,0.473849,1.0
2024-12-28 07:30:00,test,True,100,0.473849,0.04659609532055259,0.060420694634936746,0,False,1,0.4407686513819882,0.4264641,0.0,0.061343838337838644,0.061343838337838644,0.061343838337838644,0.473849,0.0,0.11846225,0.473849,1.0
2024-12-28 08:30:00,test,True,100,0.473849,0.12687821977303923,0.10031080553671717,0,False,1,0.45443979110399285,0.4264641,0.0,0.014787725356321224,0.014787725356321224,0.014787725356321224,0.4125051616621614,0.0,0.11846225,0.473849,1.0
2024-12-28 09:30:00,test,True,100,0.473849,0.15468491457602382,0.16154132126164436,0,False,1,0.48167962748969234,0.4264641,0.0,0.026411081892613115,0.026411081892613115,0.026411081892613115,0.39771743630584017,0.0,0.11846225,0.473849,1.0
2024-12-28 10:30:00,test,True,100,0.473849,0.20908110225763918,0.21335859299632906,0,False,1,0.45522631288458365,0.4264641,0.0,0.0248125071164077,0.0248125071164077,0.0248125071164077,0.37130635441322707,0.0,0.11846225,0.473849,1.0
2024-12-28 11:30:00,test,True,100,0.473849,0.25686502640903,0.26429261936855314,0,False,1,0.40426084704896137,0.40426084704896137,0.0,0.02352123694135773,0.02352123694135773,0.02352123694135773,0.34649384729681937,0.0,0.11846225,0.473849,1.0
2024-12-28 12:30:00,test,True,100,0.473849,0.2724663864870667,0.2691114008992314,0,False,1,0.38355692340121905,0.38355692340121905,0.0,0.02267776155140144,0.02267776155140144,0.02267776155140144,0.32297261035546165,0.0,0.11846225,0.473849,1.0
2024-12-28 13:30:00,test,True,100,0.473849,0.25209371270257236,0.24867672571524976,0,False,1,0.3779253214852985,0.3779253214852985,0.0,0.023170732224980586,0.023170732224980586,0.023170732224980586,0.3002948488040602,0.0,0.11846225,0.473849,1.0
2024-12-28 14:30:00,test,True,100,0.473849,0.20696723589760066,0.18375677157700063,0,False,1,0.3867195246043305,0.3867195246043305,0.0,0.02343519416735337,0.02343519416735337,0.02343519416735337,0.27712411657907965,0.0,0.11846225,0.473849,1.0
2024-12-28 15:30:00,test,True,100,0.473849,0.12950978693792223,0.11972640616367758,0,False,1,0.4104982211230564,0.4104982211230564,0.0,0.020807061676282802,0.020807061676282802,0.020807061676282802,0.2536889224117263,0.0,0.11846225,0.473849,1.0
2024-12-28 16:30:00,test,True,100,0.473849,0.06280396474479884,0.05642088570299744,0,False,1,0.43047211212564734,0.4264641,0.0,0.022689308432794077,0.022689308432794077,0.022689308432794077,0.2328818607354435,0.0,0.11846225,0.473849,1.0
2024-12-28 17:30:00,test,True,100,0.473849,0.004781203829959035,0.004244638455399487,0,False,1,0.47570716479555175,0.4264641,0.0444618609655927,0.022957832955363078,0.06741969392095579,0.06741969392095579,0.21019255230264944,0.0,0.11846225,0.473849,1.0
2024-12-28 18:30:00,test,False,100,0.473849,0.008280659664958716,0.0,0,False,1,0.5455719674459977,0.4264641,0.0,0.0,0.0,0.0,0.14277285838169365,0.0,0.11846225,0.473849,1.0
2024-12-28 19:30:00,test,False,100,0.473849,0.018728626084163785,0.0,0,False,1,0.5464125550617214,0.4264641,0.0,0.0,0.0,0.0,0.14277285838169365,0.0,0.11846225,0.473849,1.0
2024-12-28 20:30:00,test,False,100,0.473849,0.02570095806439221,0.0,0,False,1,0.5139527485364861,0.4264641,0.0,0.0,0.0,0.0,0.14277285838169365,0.0,0.11846225,0.473849,1.0
2024-12-28 21:30:00,test,False,100,0.473849,0.029335909958556294,0.0,0,False,1,0.4759046775950669,0.4264641,0.0,0.0,0.0,0.0,0.14277285838169365,0.0,0.11846225,0.473849,1.0
2024-12-28 22:30:00,test,False,100,0.473849,0.03406068682354688,0.0,0,False,1,0.45321245746002653,0.4264641,0.0,0.0,0.0,0.0,0.14277285838169365,0.0,0.11846225,0.473849,1.0
2024-12-28 23:30:00,test,False,100,0.473849,0.03804171232029795,0.0,0,False,1,0.4141317416779414,0.4141317416779414,0.0,0.0,0.0,0.0,0.14277285838169365,0.0,0.11846225,0.473849,1.0
2024-12-29 00:30:00,test,False,100,0.473849,0.035666247156351805,0.0,0,False,1,0.3785942174312868,0.3785942174312868,0.0,0.0,0.0,0.0,0.473849,0.0,0.11846225,0.473849,1.0
2024-12-29 01:30:00,test,False,100,0.473849,0.031938347575619815,0.0,0,False,1,0.35917672742395873,0.35917672742395873,0.0,0.0,0.0,0.0,0.473849,0.0,0.11846225,0.473849,1.0
2024-12-29 02:30:00,test,False,100,0.473849,0.029710924583896993,0.0,0,False,1,0.3836478522898261,0.3836478522898261,0.0,0.0,0.0,0.0,0.473849,0.0,0.11846225,0.473849,1.0
2024-12-29 03:30:00,test,False,100,0.473849,0.028428162037983536,0.0,0,False,1,0.36913910682502593,0.36913910682502593,0.0,0.0,0.0,0.0,0.473849,0.0,0.11846225,0.473849,1.0
2024-12-29 04:30:00,test,False,100,0.473849,0.02869750544206798,0.0,0,False,1,0.37433156053843547,0.37433156053843547,0.0,0.0,0.0,0.0,0.473849,0.0,0.11846225,0.473849,1.0
2024-12-29 05:30:00,test,False,100,0.473849,0.03275311958399415,0.0,0,False,1,0.3826097387635016,0.3826097387635016,0.0,0.0,0.0,0.0,0.473849,0.0,0.11846225,0.473849,1.0
2024-12-29 06:30:00,test,False,100,0.473849,0.03899166240034997,0.011725437826481647,0,False,1,0.3904630861714263,0.3904630861714263,0.0,0.0,0.0,0.0,0.473849,0.0,0.11846225,0.473849,1.0
2024-12-29 07:30:00,test,True,100,0.473849,0.04910453584137559,0.08354385012854636,0,False,1,0.4342088346491178,0.4264641,0.0,0.021247593840903654,0.021247593840903654,0.021247593840903654,0.473849,0.0,0.11846225,0.473849,1.0
2024-12-29 08:30:00,test,True,100,0.473849,0.15682545955604316,0.15688545520856975,0,False,1,0.4840658498899182,0.4264641,0.0,0.03320697657701466,0.03320697657701466,0.03320697657701466,0.4526014061590964,0.0,0.11846225,0.473849,1.0
2024-12-29 09:30:00,test,True,100,0.473849,0.21912834845888615,0.22190543574616312,0,False,1,0.471451824473387,0.4264641,0.0,0.03259862184951651,0.03259862184951651,0.03259862184951651,0.41939442958208173,0.0,0.11846225,0.473849,1.0
2024-12-29 10:30:00,test,True,100,0.473849,0.27476234223008156,0.2803774184195995,0,False,1,0.4281212757759426,0.4264641,0.0,0.022682184674616926,0.022682184674616926,0.022682184674616926,0.3867958077325652,0.0,0.11846225,0.473849,1.0
2024-12-29 11:30:00,test,True,100,0.473849,0.31556005597156284,0.3051270837723613,0,False,1,0.40746576674570045,0.40746576674570045,0.0,0.01784861478504083,0.01784861478504083,0.01784861478504083,0.3641136230579483,0.0,0.11846225,0.473849,1.0
2024-12-29 12:30:00,test,True,100,0.473849,0.30986924236446617,0.2984474307394028,0,False,1,0.3818499399008962,0.3818499399008962,0.0,0.019783086979166732,0.019783086979166732,0.019783086979166732,0.34626500827290746,0.0,0.11846225,0.473849,1.0
2024-12-29 13:30:00,test,True,100,0.473849,0.2810450315567851,0.2718369427000284,0,False,1,0.3768411116849795,0.3768411116849795,0.0,0.02392754758058758,0.02392754758058758,0.02392754758058758,0.3264819212937407,0.0,0.11846225,0.473849,1.0
2024-12-29 14:30:00,test,True,100,0.473849,0.2267853633107543,0.2190951763124168,0,False,1,0.38317717981653887,0.38317717981653887,0.0,0.01603626174867087,0.01603626174867087,0.01603626174867087,0.30255437371315314,0.0,0.11846225,0.473849,1.0
2024-12-29 15:30:00,test,True,100,0.473849,0.15649876599508525,0.14576246965682507,0,False,1,0.3870295010033406,0.3870295010033406,0.0,0.017121384256360447,0.017121384256360447,0.017121384256360447,0.2865181119644823,0.0,0.11846225,0.473849,1.0
2024-12-29 16:30:00,test,True,100,0.473849,0.07762322482867538,0.06435503344451636,0,False,1,0.4168644718273316,0.4168644718273316,0.0,0.017952035290318448,0.017952035290318448,0.017952035290318448,0.26939672770812184,0.0,0.11846225,0.473849,1.0
2024-12-29 17:30:00,test,True,100,0.473849,0.01022868328243494,0.0045916666315257895,0,False,1,0.49217079554713183,0.4264641,0.05547801226469688,0.01359149233414693,0.06906950459884381,0.06906950459884381,0.2514446924178034,0.0,0.11846225,0.473849,1.0
2024-12-29 18:30:00,test,False,100,0.473849,0.007335729817464947,0.0,0,False,1,0.5200792994677091,0.4264641,0.0,0.0,0.0,0.0,0.18237518781895956,0.0,0.11846225,0.473849,1.0
2024-12-29 19:30:00,test,False,100,0.473849,0.020191870798513294,0.0,0,False,1,0.5533083074279558,0.4264641,0.0,0.0,0.0,0.0,0.18237518781895956,0.0,0.11846225,0.473849,1.0
2024-12-29 20:30:00,test,False,100,0.473849,0.02546818539187312,0.0,0,False,1,0.5186814429993394,0.4264641,0.0,0.0,0.0,0.0,0.18237518781895956,0.0,0.11846225,0.473849,1.0
2024-12-29 21:30:00,test,False,100,0.473849,0.027990928647562863,0.0,0,False,1,0.4923850352558912,0.4264641,0.0,0.0,0.0,0.0,0.18237518781895956,0.0,0.11846225,0.473849,1.0
2024-12-29 22:30:00,test,False,100,0.473849,0.03171451941937208,0.0,0,False,1,0.42782581150051624,0.4264641,0.0,0.0,0.0,0.0,0.18237518781895956,0.0,0.11846225,0.473849,1.0
2024-12-29 23:30:00,test,False,100,0.473849,0.037425207804515956,0.0,0,False,1,0.39294157065548446,0.39294157065548446,0.0,0.0,0.0,0.0,0.18237518781895956,0.0,0.11846225,0.473849,1.0
2024-12-30 00:30:00,test,False,100,0.473849,0.03552510034970939,0.0,0,False,1,0.36930898562667297,0.36930898562667297,0.0,0.0,0.0,0.0,0.473849,0.0,0.11846225,0.473849,1.0
2024-12-30 01:30:00,test,False,100,0.473849,0.0322162963128686,0.0,0,False,1,0.38733213917456694,0.38733213917456694,0.0,0.0,0.0,0.0,0.473849,0.0,0.11846225,0.473849,1.0
2024-12-30 02:30:00,test,False,100,0.473849,0.030055274947106837,0.0,0,False,1,0.39001425557032093,0.39001425557032093,0.0,0.0,0.0,0.0,0.473849,0.0,0.11846225,0.473849,1.0
2024-12-30 03:30:00,test,False,100,0.473849,0.029051640110522508,0.0,0,False,1,0.38170091362114905,0.38170091362114905,0.0,0.0,0.0,0.0,0.473849,0.0,0.11846225,0.473849,1.0
2024-12-30 04:30:00,test,False,100,0.473849,0.0293739919975549,0.0,0,False,1,0.39655360804183426,0.39655360804183426,0.0,0.0,0.0,0.0,0.473849,0.0,0.11846225,0.473849,1.0
2024-12-30 05:30:00,test,False,100,0.473849,0.03265877840910852,0.0,0,False,1,0.3846052595492041,0.3846052595492041,0.0,0.0,0.0,0.0,0.473849,0.0,0.11846225,0.473849,1.0
2024-12-30 06:30:00,test,False,100,0.473849,0.03916946859116852,0.010354660339847208,0,False,1,0.3971563624842708,0.3971563624842708,0.0,0.0,0.0,0.0,0.473849,0.0,0.11846225,0.473849,1.0
2024-12-30 07:30:00,test,True,100,0.473849,0.04915954074504972,0.07386846949777007,0,False,1,0.4506143050808436,0.4264641,0.0,0.014167897805126575,0.014167897805126575,0.014167897805126575,0.473849,0.0,0.11846225,0.473849,1.0
2024-12-30 08:30:00,test,True,100,0.473849,0.14665197348608075,0.1329212034084201,0,False,1,0.4806337016636851,0.4264641,0.0,0.026878306396717816,0.026878306396717816,0.026878306396717816,0.45968110219487346,0.0,0.11846225,0.473849,1.0
2024-12-30 09:30:00,test,True,100,0.473849,0.1891410329349935,0.1891361723921895,0,False,1,0.4639887807526858,0.4264641,0.0,0.02840420766812557,0.02840420766812557,0.02840420766812557,0.4328027957981556,0.0,0.11846225,0.473849,1.0
2024-12-30 10:30:00,test,True,100,0.473849,0.23702192661863566,0.20414160049447416,0,False,1,0.43651638961679967,0.4264641,0.0,0.027106737937208244,0.027106737937208244,0.027106737937208244,0.40439858813003005,0.0,0.11846225,0.473849,1.0
2024-12-30 11:30:00,test,True,100,0.473849,0.23966404507860542,0.18879935272490977,0,False,1,0.42238042138097087,0.42238042138097087,0.0,0.03810093291993119,0.03810093291993119,0.03810093291993119,0.3772918501928218,0.0,0.11846225,0.473849,1.0
2024-12-30 12:30:00,test,True,100,0.473849,0.1941986746237278,0.1611715434537232,0,False,1,0.3887373406938349,0.3887373406938349,0.0,0.05642815515736247,0.05642815515736247,0.05642815515736247,0.33919091727289064,0.0,0.11846225,0.473849,1.0
2024-12-30 13:30:00,test,True,100,0.473849,0.1587660767429769,0.1250585673480481,0,False,1,0.3775144244382883,0.3775144244382883,0.0,0.06233337149529054,0.06233337149529054,0.06233337149529054,0.28276276211552814,0.0,0.11846225,0.473849,1.0
2024-12-30 14:30:00,test,True,100,0.473849,0.106301800645262,0.12587582014083862,0,False,1,0.40093608343711984,0.40093608343711984,0.0,0.05669572230315591,0.05669572230315591,0.05669572230315591,0.2204293906202376,0.0,0.11846225,0.473849,1.0
2024-12-30 15:30:00,test,True,100,0.473849,0.08655061857582629,0.07865658543936908,0,False,1,0.40572647099140513,0.40572647099140513,0.0,0.06485077272430115,0.06485077272430115,0.06485077272430115,0.1637336683170817,0.0,0.11846225,0.473849,1.0
2024-12-30 16:30:00,test,True,100,0.473849,0.03233172338707,0.03842564452248812,0,False,1,0.43066706356682816,0.4264641,0.0,0.064286759392408,0.064286759392408,0.064286759392408,0.09888289559278055,0.0,0.11846225,0.473849,1.0
2024-12-30 17:30:00,test,True,100,0.473849,0.004269987118745222,0.003625479811912461,0,False,1,0.49195943673167064,0.4264641,0.0612253496129254,0.06099342583618098,0.12221877544910639,0.03459613620037255,0.03459613620037255,0.08762263924873384,0.11846225,0.473849,1.0
2024-12-30 18:30:00,test,False,100,0.473849,0.006971030142843723,0.0,0,False,1,0.5487104178834252,0.4264641,0.0,0.0,0.0,0.0,0.0,0.0,0.11846225,0.473849,1.0
2024-12-30 19:30:00,test,False,100,0.473849,0.022949391604557633,0.0,0,False,1,0.552557743204292,0.4264641,0.0,0.0,0.0,0.0,0.0,0.0,0.11846225,0.473849,1.0
2024-12-30 20:30:00,test,False,100,0.473849,0.02760963728444278,0.0,0,False,1,0.5176999120448095,0.4264641,0.0,0.0,0.0,0.0,0.0,0.0,0.11846225,0.473849,1.0
2024-12-30 21:30:00,test,False,100,0.473849,0.031936009497016665,0.0,0,False,1,0.4803087467762967,0.4264641,0.0,0.0,0.0,0.0,0.0,0.0,0.11846225,0.473849,1.0
2024-12-30 22:30:00,test,False,100,0.473849,0.03474663465723395,0.0,0,False,1,0.4428740656810589,0.4264641,0.0,0.0,0.0,0.0,0.0,0.0,0.11846225,0.473849,1.0
2024-12-30 23:30:00,test,False,100,0.473849,0.03566811099819839,0.0,0,False,1,0.4089678867612937,0.4089678867612937,0.0,0.0,0.0,0.0,0.0,0.0,0.11846225,0.473849,1.0
2024-12-31 00:30:00,test,False,100,0.473849,0.03310839380185306,0.0,0,False,1,0.3727949875494497,0.3727949875494497,0.0,0.0,0.0,0.0,0.473849,0.0,0.11846225,0.473849,1.0
2024-12-31 01:30:00,test,False,100,0.473849,0.029853806657657026,0.0,0,False,1,0.38097019217462114,0.38097019217462114,0.0,0.0,0.0,0.0,0.473849,0.0,0.11846225,0.473849,1.0
2024-12-31 02:30:00,test,False,100,0.473849,0.028061892333105205,0.0,0,False,1,0.39038015607435594,0.39038015607435594,0.0,0.0,0.0,0.0,0.473849,0.0,0.11846225,0.473849,1.0
2024-12-31 03:30:00,test,False,100,0.473849,0.027594807117417453,0.0,0,False,1,0.38015019800036004,0.38015019800036004,0.0,0.0,0.0,0.0,0.473849,0.0,0.11846225,0.473849,1.0
2024-12-31 04:30:00,test,False,100,0.473849,0.028887103116482495,0.0,0,False,1,0.38057957168018497,0.38057957168018497,0.0,0.0,0.0,0.0,0.473849,0.0,0.11846225,0.473849,1.0
2024-12-31 05:30:00,test,False,100,0.473849,0.03263078063590825,0.0,0,False,1,0.3847087491455987,0.3847087491455987,0.0,0.0,0.0,0.0,0.473849,0.0,0.11846225,0.473849,1.0
2024-12-31 06:30:00,test,False,100,0.473849,0.03945158263999224,0.012734682818578556,0,False,1,0.4094246733160538,0.4094246733160538,0.0,0.0,0.0,0.0,0.473849,0.0,0.11846225,0.473849,1.0
2024-12-31 07:30:00,test,True,100,0.473849,0.04979297548618913,0.09278657191590965,0,False,1,0.44135960934178414,0.4264641,0.0,0.04354482691883898,0.04354482691883898,0.04354482691883898,0.473849,0.0,0.11846225,0.473849,1.0
2024-12-31 08:30:00,test,True,100,0.473849,0.1889442721180022,0.1757593207412064,0,False,1,0.45228836748584655,0.4264641,0.0,0.03818203090146704,0.03818203090146704,0.03818203090146704,0.43030417308116103,0.0,0.11846225,0.473849,1.0
2024-12-31 09:30:00,test,True,100,0.473849,0.24228757626911998,0.24064536741656065,0,False,1,0.460779807937682,0.4264641,0.0,0.02619091784976634,0.02619091784976634,0.02619091784976634,0.392122142179694,0.0,0.11846225,0.473849,1.0
2024-12-31 10:30:00,test,True,100,0.473849,0.2952746739922762,0.28219380762416124,0,False,1,0.43961662012537794,0.4264641,0.0,0.028729856653416437,0.028729856653416437,0.028729856653416437,0.36593122432992764,0.0,0.11846225,0.473849,1.0
2024-12-31 11:30:00,test,True,100,0.473849,0.3123547228402495,0.30251388174712657,0,False,1,0.3964081414736956,0.3964081414736956,0.0,0.03079179086814961,0.03079179086814961,0.03079179086814961,0.3372013676765112,0.0,0.11846225,0.473849,1.0
2024-12-31 12:30:00,test,True,100,0.473849,0.30661364350020887,0.2980440279238224,0,False,1,0.38934372498667824,0.38934372498667824,0.0,0.034433384858012554,0.034433384858012554,0.034433384858012554,0.3064095768083616,0.0,0.11846225,0.473849,1.0
2024-12-31 13:30:00,test,True,100,0.473849,0.28141039794319866,0.2707208804286718,0,False,1,0.38925611447461306,0.38925611447461306,0.0,0.03632384273587864,0.03632384273587864,0.03632384273587864,0.27197619195034906,0.0,0.11846225,0.473849,1.0
2024-12-31 14:30:00,test,True,100,0.473849,0.22729623481154443,0.22098243914720417,0,False,1,0.37523148223914243,0.37523148223914243,0.0,0.016500879751189596,0.016500879751189596,0.016500879751189596,0.23565234921447042,0.0,0.11846225,0.473849,1.0
2024-12-31 15:30:00,test,True,100,0.473849,0.158337164472878,0.15145899830690027,0,False,1,0.3931182546931871,0.3931182546931871,0.0,0.01490528790079631,0.01490528790079631,0.01490528790079631,0.21915146946328082,0.0,0.11846225,0.473849,1.0
2024-12-31 16:30:00,test,True,100,0.473849,0.0799779861036986,0.07034687936161459,0,False,1,0.4365890367925261,0.4264641,0.0,0.013377221621120086,0.013377221621120086,0.013377221621120086,0.2042461815624845,0.0,0.11846225,0.473849,1.0
2024-12-31 17:30:00,test,True,100,0.473849,0.010671361293788999,0.0048494526604509446,0,False,1,0.47829402310003205,0.4264641,0.04115856180624304,0.011516445687480331,0.05267500749372337,0.05267500749372337,0.1908689599413644,0.0,0.11846225,0.473849,1.0
2024-12-31 18:30:00,test,False,100,0.473849,0.006453684185415506,0.0,0,False,1,0.5280649700439183,0.4264641,0.0,0.0,0.0,0.0,0.13819395244764104,0.0,0.11846225,0.473849,1.0
2024-12-31 19:30:00,test,False,100,0.473849,0.020220814539819956,0.0,0,False,1,0.5636824523938346,0.4264641,0.0,0.0,0.0,0.0,0.13819395244764104,0.0,0.11846225,0.473849,1.0
2024-12-31 20:30:00,test,False,100,0.473849,0.02555951805846393,0.0,0,False,1,0.5331925361060799,0.4264641,0.0,0.0,0.0,0.0,0.13819395244764104,0.0,0.11846225,0.473849,1.0
2024-12-31 21:30:00,test,False,100,0.473849,0.027557630306839942,0.0,0,False,1,0.4855145876848544,0.4264641,0.0,0.0,0.0,0.0,0.13819395244764104,0.0,0.11846225,0.473849,1.0
2024-12-31 22:30:00,test,False,100,0.473849,0.03210187755061686,0.0,0,False,1,0.4271179104213708,0.4264641,0.0,0.0,0.0,0.0,0.13819395244764104,0.0,0.11846225,0.473849,1.0
2024-12-31 23:30:00,test,False,100,0.473849,0.03824883735944331,0.0,0,False,1,0.41195501536715756,0.41195501536715756,0.0,0.0,0.0,0.0,0.13819395244764104,0.0,0.11846225,0.473849,1.0
2025-01-01 00:30:00,test,False,100,0.473849,0.036021601068601014,0.0,0,False,1,0.37427240870812006,0.37427240870812006,0.0,0.0,0.0,0.0,0.473849,0.0,0.11846225,0.473849,1.0
2025-01-01 01:30:00,test,False,100,0.473849,0.032701379436850544,0.0,0,False,1,0.37002140313701615,0.37002140313701615,0.0,0.0,0.0,0.0,0.473849,0.0,0.11846225,0.473849,1.0
2025-01-01 02:30:00,test,False,100,0.473849,0.03103469055365026,0.0,0,False,1,0.3754493760902073,0.3754493760902073,0.0,0.0,0.0,0.0,0.473849,0.0,0.11846225,0.473849,1.0
2025-01-01 03:30:00,test,False,100,0.473849,0.030349306387230754,0.0,0,False,1,0.3828119545926695,0.3828119545926695,0.0,0.0,0.0,0.0,0.473849,0.0,0.11846225,0.473849,1.0
2025-01-01 04:30:00,test,False,100,0.473849,0.031031437521591782,0.0,0,False,1,0.38361199024202297,0.38361199024202297,0.0,0.0,0.0,0.0,0.473849,0.0,0.11846225,0.473849,1.0
