seed,method,site,mae,rmse,bias,n
42,persistence,A,0.08729068836370527,0.09886652035812148,-0.00080860036213704,559
42,persistence,B,0.08366507291361691,0.0954536382603393,-0.000793546477733813,559
42,persistence,C,0.0903304131778227,0.10244531731777991,-0.0007654925581727556,559
42,persistence,D,0.08800451444307415,0.10008257018375223,-0.0007097998350543805,559
42,persistence,E,0.08544959000991541,0.09670837673082226,-0.0007141145635129674,559
42,persistence,F,0.09066321003006701,0.10295794537438444,-0.0005917332852792414,559
42,persistence,G,0.08480274878493935,0.0960722701407374,-0.0007071884466445137,559
42,persistence,H,0.08378259180250498,0.09497606293791917,-0.0005321588948987964,559
42,persistence,I,0.08995339775138096,0.10243263528779832,-0.0009247555517406604,559
42,persistence,J,0.08962120522856579,0.10157596098754204,-0.0007226267981148044,559
42,persistence,K,0.09283537708540145,0.1049817113172099,-0.0008455611338615268,559
42,persistence,L,0.0869751412064097,0.09880445273621977,-0.0007582736190755007,559
42,persistence,M,0.08632843123793882,0.09808395853455895,-0.0008967308963154158,559
42,persistence,N,0.08590139466948467,0.09753832688563069,-0.0006716578262933065,559
42,persistence,O,0.0883526431035487,0.10009427735590905,-0.0006586300833517275,559
42,persistence,P,0.08305864623699451,0.09419257851795557,-0.0006795936915523677,559
42,persistence,Q,0.08791098843890113,0.09991149202888795,-0.0008019309012762442,559
42,persistence,R,0.08854698324001233,0.10054288640622944,-0.0007097713715081938,559
42,persistence,S,0.08989012412487801,0.10202642641346449,-0.0007779908277784109,559
42,persistence,T,0.09231000425202696,0.10445038753082,-0.0008049985078802896,559
42,persistence,U,0.08644292788250599,0.09795031580922918,-0.0007143768877389113,559
42,persistence,V,0.08458344557033919,0.09627463017239692,-0.0007170705485644156,559
42,persistence,W,0.09075448909992676,0.10369838461058113,-0.0009248381116542439,559
42,persistence,X,0.08366999505958245,0.09501395405530268,-0.0006683410987947702,559
42,persistence,Y,0.08944251661783265,0.10141722958438786,-0.0006597071498913994,559
42,persistence,Z,0.08824492862622199,0.1004745031169325,-0.000689554018008461,559
42,persistence,S26,0.08256913594199633,0.09355588434713619,-0.0006779097886191688,559
42,persistence,S27,0.08743494826582242,0.09939543399773128,-0.0006160170672051542,559
42,persistence,S28,0.09121660056377366,0.10392455405351088,-0.0007537796286189653,559
42,persistence,S29,0.08920867375919948,0.10113901670596386,-0.0006775363332388693,559
42,persistence,S30,0.08316878138683996,0.09440734841918906,-0.0006381968818921496,559
42,persistence,S31,0.08637911607286425,0.09789520635295798,-0.0006804812353017718,559
42,persistence,S32,0.0835870826185376,0.09468175387201078,-0.0006817152835295431,559
42,persistence,S33,0.08483256469041403,0.09630498761387159,-0.0005612320540117684,559
42,persistence,S34,0.085316742315646,0.09739385015989825,-0.0008700709509470022,559
42,persistence,S35,0.09235098618521081,0.10503418405816967,-0.000740435022278897,559
42,persistence,S36,0.09015248915803667,0.10222922668879349,-0.0010920024721854913,559
42,persistence,S37,0.08243475206365412,0.09350752073194332,-0.0006542468240671193,559
42,persistence,S38,0.08922141132003059,0.10156043135267102,-0.0008342035131113294,559
42,persistence,S39,0.08662976396864877,0.09824245588797272,-0.0007251425294708694,559
42,persistence,S40,0.08467331860207808,0.09617144618185103,-0.000731087701265202,559
42,persistence,S41,0.08874316272585718,0.10114237396009755,-0.0009367392021056418,559
42,persistence,S42,0.0819555778736965,0.09304348973410213,-0.0010167273900210058,559
42,persistence,S43,0.08791544531452868,0.09995870326943881,-0.0007061583320285346,559
42,persistence,S44,0.08573044487150229,0.09720653953036591,-0.0008224936577862992,559
42,persistence,S45,0.09096923416642029,0.10311952908919753,-0.0007970310328611588,559
42,persistence,S46,0.0922771604950973,0.10453996029241423,-0.0007626670397100021,559
42,persistence,S47,0.08556699962907076,0.0970454513201753,-0.0007563930167066857,559
42,persistence,S48,0.08264330810532373,0.09362520364457913,-0.000716421000113001,559
42,persistence,S49,0.08655927089417406,0.0984925064709607,-0.0005923711832434486,559
42,persistence,S50,0.08620305188666207,0.09780656692830555,-0.0007734850361611701,559
42,persistence,S51,0.08729363656486176,0.09892856443825733,-0.000895442634784285,559
42,persistence,S52,0.08591834620834196,0.09735966409013484,-0.0007031108760849734,559
42,persistence,S53,0.09008966847397853,0.10198136783981027,-0.0007428085966258974,559
42,persistence,S54,0.08448301793212715,0.0959433101662562,-0.0009663916748576866,559
42,persistence,S55,0.08871016354158051,0.10064905096873093,-0.001041459864607724,559
42,persistence,S56,0.08579573304953024,0.09737737122640265,-0.0008061810903507743,559
42,persistence,S57,0.08363135928189805,0.09491470680661916,-0.0007526263222264955,559
42,persistence,S58,0.08812861818304178,0.10019977149424562,-0.0008512780090922254,559
42,persistence,S59,0.08698790993838036,0.09861148676662722,-0.000874184494361628,559
42,persistence,S60,0.08291568484220634,0.0940183585403413,-0.0006769694152999543,559
42,persistence,S61,0.08484067377065391,0.09624874774339548,-0.000694725125376635,559
42,persistence,S62,0.09208008065278898,0.10423460791714959,-0.0008181230869908086,559
42,persistence,S63,0.0862880409318264,0.09832950177304861,-0.000638361672257708,559
42,persistence,S64,0.08452802508620806,0.0958652073439206,-0.0004775789660183598,559
42,persistence,S65,0.0880370939097139,0.09966139843476308,-0.0007305649410739994,559
42,persistence,S66,0.08883613721036047,0.10067735193809882,-0.0006829522056954918,559
42,persistence,S67,0.08740940872499217,0.09919154065356195,-0.00053694686778048,559
42,persistence,S68,0.08469064071839459,0.09602653272815406,-0.0007512460234500001,559
42,persistence,S69,0.09150063969138243,0.1037339091732507,-0.0007877960369617334,559
42,persistence,S70,0.08192955613659432,0.09284476869358646,-0.0006696930803251927,559
42,persistence,S71,0.0833634339761962,0.09478391226543602,-0.000847885703787954,559
42,persistence,S72,0.08437654812785268,0.0955393063819546,-0.0006889930279835499,559
42,persistence,S73,0.09171604848390175,0.10396423723445225,-0.0007001943490592919,559
42,persistence,S74,0.08959663561620285,0.10163788639284499,-0.0007062817312283892,559
42,persistence,S75,0.08508226749508463,0.09643737571761636,-0.0007277124109244797,559
42,persistence,S76,0.0831075555045984,0.09432990178306265,-0.0006490114610642195,559
42,persistence,S77,0.08824251801061256,0.10008824765555231,-0.0006709526176772652,559
42,persistence,S78,0.08942120303820539,0.1013915597429116,-0.0008251731904983281,559
42,persistence,S79,0.09002236531854128,0.10196336631097717,-0.0007323341482453888,559
42,persistence,S80,0.0824720638324419,0.09369413623132718,-0.0005926574317031175,559
42,persistence,S81,0.09005786650008164,0.10276295922363625,-0.000833959891298396,559
42,persistence,S82,0.08301804031325381,0.09396446224686603,-0.0007047690147090843,559
42,persistence,S83,0.09013630430945503,0.10256380438407374,-0.0008627342040215707,559
42,persistence,S84,0.08547901211361432,0.09712852086383984,-0.0007563627475776005,559
42,persistence,S85,0.08136194279210805,0.09221324063810869,-0.0006496109083388167,559
42,persistence,S86,0.0832762148298743,0.09461136520508105,-0.0006855224373322214,559
42,persistence,S87,0.08899211333539797,0.1009725448411794,-0.0007982817024479025,559
42,persistence,S88,0.0887324833427764,0.10067231481373223,-0.0007030391734100091,559
42,persistence,S89,0.08746267138015686,0.09913885184341784,-0.0007506941581788025,559
42,persistence,S90,0.08076148066871294,0.09163133216366294,-0.0006422773499228393,559
42,persistence,S91,0.08345365628795048,0.09457742250854839,-0.0006859548009218972,559
42,persistence,S92,0.08934816358515606,0.10133004725370007,-0.0006961288070764346,559
42,persistence,S93,0.0887727467276569,0.1003616396375827,-0.000732286808235914,559
42,persistence,S94,0.08636466976624729,0.09844218778849416,-0.0007029875057025967,559
42,persistence,S95,0.09028990210983844,0.10232479559740251,-0.0007223079055490313,559
42,persistence,S96,0.08530003503456458,0.09683305438241788,-0.0005609334095786051,559
42,persistence,S97,0.09044041471557496,0.10339861918892784,-0.0006528958592443911,559
42,persistence,S98,0.09081472635685886,0.10303709692495244,-0.0006054842395084029,559
42,persistence,S99,0.08373631476587075,0.09522741470063575,-0.0004846558867402255,559
42,smart_persistence,A,0.05173294921530567,0.06975484308177977,0.014478859189258012,559
42,smart_persistence,B,0.049601705997842006,0.06791903434946837,0.014335323784619899,559
42,smart_persistence,C,0.05341640140857941,0.07281656498957742,0.015413740953873703,559
42,smart_persistence,D,0.051700597910201325,0.07018378233331418,0.014726773295605684,559
42,smart_persistence,E,0.04977544696463442,0.06752633922059287,0.014214155906877999,559
42,smart_persistence,F,0.053812850029490995,0.07317421818124656,0.015552234920266556,559
42,smart_persistence,G,0.04961274859865324,0.06750743823320163,0.014215930400429583,559
42,smart_persistence,H,0.049397518209022204,0.06709721937744,0.014189709244974454,559
42,smart_persistence,I,0.052680877246435776,0.07166020306833751,0.014812361823031696,559
42,smart_persistence,J,0.05234278272587493,0.07111829501845066,0.015003515783137574,559
42,smart_persistence,K,0.05418621665716491,0.0737400577482153,0.015312393160940069,559
42,smart_persistence,L,0.05238428096493543,0.07097875366806773,0.014718860931351302,559
42,smart_persistence,M,0.051552931794376915,0.07003583035611015,0.01449070351859738,559
42,smart_persistence,N,0.05065182332979925,0.06937832596227222,0.01458818505893833,559
42,smart_persistence,O,0.051478219127960585,0.07004193709634278,0.014710784379321221,559
42,smart_persistence,P,0.04905161836346168,0.06687909122926353,0.014147910191169365,559
42,smart_persistence,Q,0.05206955378635225,0.07116426889961878,0.014936646014245391,559
42,smart_persistence,R,0.05212830252027429,0.07055030123882892,0.014860342212157967,559
42,smart_persistence,S,0.053593065731072455,0.07317710018874517,0.015287996512797723,559
42,smart_persistence,T,0.05428806859052198,0.07354267089434094,0.015548341336957842,559
42,smart_persistence,U,0.05052610800223765,0.06871967903208456,0.014434217449635007,559
42,smart_persistence,V,0.05141313779965453,0.07022951975098879,0.01465368448214752,559
42,smart_persistence,W,0.05371464359197493,0.07312030731117972,0.014815921871464747,559
42,smart_persistence,X,0.04943356612111627,0.06754403587505457,0.01420181546937541,559
42,smart_persistence,Y,0.05285272235123687,0.07147104147281982,0.015015329029273628,559
42,smart_persistence,Z,0.052396602496089933,0.07120711487857617,0.015044137366300978,559
42,smart_persistence,S26,0.048461509128437504,0.06570990957892042,0.0138472181729827,559
42,smart_persistence,S27,0.05180357664878512,0.07104076331108146,0.014857961478424867,559
42,smart_persistence,S28,0.05496369405276407,0.07504987318408,0.015613956377326722,559
42,smart_persistence,S29,0.051855183631445784,0.07051135406690097,0.014902589546224145,559
42,smart_persistence,S30,0.04895847711702959,0.06662341945426899,0.014095010156976475,559
42,smart_persistence,S31,0.05055419818209968,0.06890309111404301,0.014541863063133733,559
42,smart_persistence,S32,0.04899067163370776,0.0666431379310257,0.014062035338176758,559
42,smart_persistence,S33,0.050583155781167274,0.0676313410027873,0.01417740447611643,559
42,smart_persistence,S34,0.05125818747488952,0.06972392180285976,0.014409654009470812,559
42,smart_persistence,S35,0.05556900518008571,0.07519420791327056,0.01575549173070749,559
42,smart_persistence,S36,0.05282532853409248,0.07192666407447047,0.014973106237598203,559
42,smart_persistence,S37,0.0486216211584455,0.0662267733609351,0.01392215264653737,559
42,smart_persistence,S38,0.0531253064544734,0.07220671154763358,0.014788632859608778,559
42,smart_persistence,S39,0.051254085452530754,0.06986084068698543,0.0147696912100402,559
42,smart_persistence,S40,0.05023912526667118,0.06847267051099927,0.0144741935405567,559
42,smart_persistence,S41,0.05338713424805092,0.07281788125929894,0.01510876832381624,559
42,smart_persistence,S42,0.048236065388828755,0.06521478223083335,0.01342291786412047,559
42,smart_persistence,S43,0.05199251895956195,0.07059333700060796,0.01471291951171234,559
42,smart_persistence,S44,0.0505523630811488,0.06835041836586671,0.014156516493308109,559
42,smart_persistence,S45,0.054270631046832433,0.0738828976308542,0.015527125149348847,559
42,smart_persistence,S46,0.05386497779484432,0.0729282023152577,0.015331783154496193,559
42,smart_persistence,S47,0.05052193485823925,0.06875312064579275,0.01441524118155471,559
42,smart_persistence,S48,0.04856403626348284,0.06595590956147274,0.013862950542411885,559
42,smart_persistence,S49,0.05242426950334153,0.07058172359488459,0.01470460463804651,559
42,smart_persistence,S50,0.05091024003079501,0.06967289125433312,0.01466090204300399,559
42,smart_persistence,S51,0.05092958935573097,0.06928411762065532,0.014447611767035611,559
42,smart_persistence,S52,0.050629782435452575,0.06895735467354212,0.014574530479466552,559
42,smart_persistence,S53,0.05264998188705478,0.07168756662510967,0.015114420974937023,559
42,smart_persistence,S54,0.050228610514848095,0.06831625457031765,0.014073543993619559,559
42,smart_persistence,S55,0.05277808016638416,0.0713960386510096,0.014654123223276746,559
42,smart_persistence,S56,0.05087650670150998,0.06932033871130627,0.014368257925792369,559
42,smart_persistence,S57,0.04887193655603514,0.06678108625267803,0.013779952645231845,559
42,smart_persistence,S58,0.051712845320199416,0.07044758845149049,0.014433453332367044,559
42,smart_persistence,S59,0.05102839780561559,0.06916429521931985,0.01432353357262976,559
42,smart_persistence,S60,0.048732400357836526,0.0665804786593529,0.014014237232952777,559
42,smart_persistence,S61,0.050083825690213635,0.06772201407147735,0.014276436070848277,559
42,smart_persistence,S62,0.05358358090325868,0.07298032532536562,0.015370524142840078,559
42,smart_persistence,S63,0.05134353640573416,0.07002794206363523,0.014314695714376467,559
42,smart_persistence,S64,0.049592126729595246,0.06744828118068631,0.0142142721116396,559
42,smart_persistence,S65,0.05120671310666982,0.06950573324839733,0.0146142389693619,559
42,smart_persistence,S66,0.0521588889833653,0.07100062360631512,0.014977855925249979,559
42,smart_persistence,S67,0.05116575221725397,0.06912498237811172,0.014190508213740972,559
42,smart_persistence,S68,0.05007628093191217,0.0683783797488446,0.014299785631478885,559
42,smart_persistence,S69,0.053635769972680984,0.0729084466285247,0.015392866932782003,559
42,smart_persistence,S70,0.04830270753140446,0.06576724382175612,0.01391352699196536,559
42,smart_persistence,S71,0.049172014529918436,0.06712660976908774,0.013956775004543991,559
42,smart_persistence,S72,0.04926075160999871,0.06691185947379323,0.014092085250754956,559
42,smart_persistence,S73,0.053640093256624444,0.07290636471669985,0.015368744153246176,559
42,smart_persistence,S74,0.05247354691753194,0.07197796147688158,0.014966214492613839,559
42,smart_persistence,S75,0.04966951503986093,0.06785071145043901,0.014323942068267,559
42,smart_persistence,S76,0.04857558226804307,0.06560440860284797,0.0135700157023,559
42,smart_persistence,S77,0.05223399468915027,0.07111262408635541,0.015011499083371023,559
42,smart_persistence,S78,0.053458800088291014,0.07284866808689479,0.015487313339293457,559
42,smart_persistence,S79,0.053044029671452234,0.07222209299795508,0.015275051998897508,559
42,smart_persistence,S80,0.04841732206090673,0.06611796370014976,0.013919202797291867,559
42,smart_persistence,S81,0.054485316677056486,0.07459294395175395,0.015466059117110643,559
42,smart_persistence,S82,0.04832268042085036,0.06560673674023342,0.013791975903046552,559
42,smart_persistence,S83,0.05300285680676029,0.07216081728486967,0.014898262549798156,559
42,smart_persistence,S84,0.05101075864102098,0.06951031562126202,0.014371623273452407,559
42,smart_persistence,S85,0.04789281267196287,0.06522775409526979,0.01377984020302542,559
42,smart_persistence,S86,0.04911563126495264,0.06666641797388911,0.013796394086511196,559
42,smart_persistence,S87,0.052702182724368836,0.07209837410938186,0.015256597995774716,559
42,smart_persistence,S88,0.05250827096859143,0.07152819628320906,0.015168386733922474,559
42,smart_persistence,S89,0.05129346030152841,0.06978836967960897,0.01468771177532288,559
42,smart_persistence,S90,0.047871844597703946,0.06523802740705471,0.013849526714976737,559
42,smart_persistence,S91,0.04934348923750621,0.06723545649511925,0.014230312036903498,559
42,smart_persistence,S92,0.05290597034291296,0.07227600521845218,0.015160320291594703,559
42,smart_persistence,S93,0.05212595002652414,0.07115415581516325,0.014724424073042778,559
42,smart_persistence,S94,0.05146010658651785,0.07017752138036575,0.014657199973527263,559
42,smart_persistence,S95,0.05283900694910191,0.07167257114326608,0.015137185198049035,559
42,smart_persistence,S96,0.05053268403709535,0.06879462906715653,0.014670816358855272,559
42,smart_persistence,S97,0.05370841581042863,0.0725135101349115,0.014725207578147593,559
42,smart_persistence,S98,0.05405870327616255,0.07435240304911214,0.01515242527077626,559
42,smart_persistence,S99,0.049639001108201186,0.06766080596411887,0.013936793077812065,559
42,local_only,A,0.03507679336236153,0.04786390490014596,-0.007678744687210628,559
42,local_only,B,0.035674218316897766,0.05011959460407081,-0.0025513563224440193,559
42,local_only,C,0.03838892292967716,0.054172362299565756,-0.006888064526667908,559
42,local_only,D,0.04313208432924352,0.05672043798813858,0.0035199668981703014,559
42,local_only,E,0.05938364239118007,0.07247814895823414,-0.012836146090522887,559
42,local_only,F,0.03684259363894113,0.051561708113698895,-0.0013428334342915572,559
42,local_only,G,0.046035793097189935,0.060548674263813246,0.008191786661880734,559
42,local_only,H,0.05194005426499461,0.06752560357460982,-0.008679065682951525,559
42,local_only,I,0.050449415579045025,0.0689875298781858,-0.017024198797746345,559
42,local_only,J,0.048164603291229346,0.06020877465740283,0.017992670861887536,559
42,local_only,K,0.05662087948696291,0.07329296072965502,-0.02205777796541802,559
42,local_only,L,0.0359361523492445,0.04976598126293048,0.00366289612973752,559
42,local_only,M,0.06910811112285634,0.08722471357261728,-0.03967611052550722,559
42,local_only,N,0.03863952372765438,0.05583248809094323,-0.011793862997257685,559
42,local_only,O,0.06437528782090163,0.07849150207354523,-0.007231765272377362,559
42,local_only,P,0.03439500727998976,0.04680282173841493,-0.005092611223166019,559
42,local_only,Q,0.06319995347180525,0.07841881386417301,-0.010699638766144971,559
42,local_only,R,0.06979790457594333,0.08503999816687532,-0.0008178433909019279,559
42,local_only,S,0.07354837976715133,0.08955407611143142,-0.019152697987316347,559
42,local_only,T,0.035996300382403486,0.05082085300341441,0.00027897144038323274,559
42,local_only,U,0.034209212943747444,0.04848567230085762,0.003629245111499688,559
42,local_only,V,0.04732550968229021,0.062387246621310774,-0.006983399032244429,559
42,local_only,W,0.03897634772075697,0.053932727551333624,0.0012981994723158094,559
42,local_only,X,0.05975757193129363,0.07727420492542947,-0.0262952736603456,559
42,local_only,Y,0.07284921325886062,0.08829419936130896,-0.0063793251678482535,559
42,local_only,Z,0.04612719504914891,0.05957549239695711,-0.006913108693907281,559
42,local_only,S26,0.047805809093990584,0.06183769374966073,-0.002260367081494134,559
42,local_only,S27,0.04332961611764602,0.057381360461685585,-0.008695124121622743,559
42,local_only,S28,0.083129350199699,0.10103159604554889,-0.03134061277290883,559
42,local_only,S29,0.06949455511961582,0.08427560230713282,-0.01354340922363579,559
42,local_only,S30,0.059065492373261405,0.07253332245189598,-0.0016966738439479938,559
42,local_only,S31,0.037281718649043435,0.05286233786602398,-0.001101553927413946,559
42,local_only,S32,0.03139985473459996,0.04502352387051118,0.0008804404430011411,559
42,local_only,S33,0.03792595979591002,0.051833536255616215,-0.004385082832119413,559
42,local_only,S34,0.04816473307119672,0.0623948181534797,-0.006135751544506237,559
42,local_only,S35,0.03699754333003401,0.05272167231389889,-0.00046210354047224314,559
42,local_only,S36,0.03661794947670216,0.050753537885707606,-0.001874760601316347,559
42,local_only,S37,0.0341192007754981,0.04934899373990426,0.0015877862258902576,559
42,local_only,S38,0.040887945979362524,0.05457732535435349,0.007740133817210604,559
42,local_only,S39,0.05563059814810779,0.07082254298785051,-0.010553758047447808,559
42,local_only,S40,0.03665373503848617,0.05312194948329725,0.004825083940408204,559
42,local_only,S41,0.039855542957152976,0.054245101827094626,-0.004792046234634753,559
42,local_only,S42,0.044702183513124084,0.056215081093177056,0.013396886123630863,559
42,local_only,S43,0.049250168566948575,0.06570953180390432,-0.020869860293348662,559
42,local_only,S44,0.03479646045480537,0.04851930158995887,0.006661537676684772,559
42,local_only,S45,0.044008572547978096,0.06166554072336605,-0.004675723782662229,559
42,local_only,S46,0.052949997107456695,0.06871316236276748,-0.018043818689502895,559
42,local_only,S47,0.035205333117018275,0.0506215707991364,-0.005633420484079704,559
42,local_only,S48,0.04163676579957678,0.054049830464639216,-0.006886353449686055,559
42,local_only,S49,0.05299723903556506,0.06896918189796275,-0.010494196772586208,559
42,local_only,S50,0.038406543440434565,0.053513454156298296,-0.011136549113552404,559
42,local_only,S51,0.06529207075512859,0.07913522245900499,0.0015507109020878303,559
42,local_only,S52,0.06127039489731166,0.07683642755438101,-0.008607156438109912,559
42,local_only,S53,0.03584132296214803,0.04953932136218423,-0.004675129531801067,559
42,local_only,S54,0.035841567066959595,0.05026919071132962,0.009135807366218678,559
42,local_only,S55,0.05820843418339544,0.0756241788261625,-0.016777333442983093,559
42,local_only,S56,0.06034980706386568,0.08061900061805172,-0.03152657069756495,559
42,local_only,S57,0.06063126842408026,0.07470861223505142,-0.014535703166922778,559
42,local_only,S58,0.0378196092695456,0.05128060382653463,0.0034162637263024974,559
42,local_only,S59,0.03851609480149098,0.052605576895269957,-0.0035697888143107373,559
42,local_only,S60,0.0525109670483149,0.06707430305381808,-0.018302893375208157,559
42,local_only,S61,0.034615982499861614,0.04848697250951423,-0.008765151260432343,559
42,local_only,S62,0.0379831168227575,0.05389716723908381,-0.0008914430727469959,559
42,local_only,S63,0.06764421720296804,0.08436146612749658,-0.026831274719080807,559
42,local_only,S64,0.036800058979482436,0.05069648303687984,-0.008595506946589278,559
42,local_only,S65,0.05919302909590024,0.07331214450092413,0.009158310504573563,559
42,local_only,S66,0.06746330870188813,0.08211452903279262,-0.00951074783928519,559
42,local_only,S67,0.06463073741184167,0.07952769052052908,-0.007929392945100944,559
42,local_only,S68,0.08027923155566827,0.10423613954967192,-0.049566288738784735,559
42,local_only,S69,0.07484213567933665,0.09701028081795296,-0.04095203582320715,559
42,local_only,S70,0.03472075992961929,0.04732872291232293,-0.003803357827662089,559
42,local_only,S71,0.04672288129977509,0.062406954812550465,-0.005640445903113548,559
42,local_only,S72,0.048241438812281344,0.06259733665800757,0.006692893574037631,559
42,local_only,S73,0.03764344540454634,0.055487347341346485,0.008337726796958895,559
42,local_only,S74,0.06065459826033169,0.07788521936173488,-0.018155712437314484,559
42,local_only,S75,0.06371205467083083,0.08095414977503158,-0.02855656565259059,559
42,local_only,S76,0.05679377599299447,0.0717782574996623,-0.010574436801100859,559
42,local_only,S77,0.07821769238268866,0.09808020681879313,-0.044896970798964535,559
42,local_only,S78,0.036416865654926155,0.0490798296123538,-0.005981669760823969,559
42,local_only,S79,0.0533182580283908,0.0679699008223914,0.0032836020572614157,559
42,local_only,S80,0.03508818824166367,0.049605198727605916,-0.002144608216946245,559
42,local_only,S81,0.061538821931496054,0.07820500390005458,-0.011845646360585023,559
42,local_only,S82,0.0602932538823033,0.07265656202419718,-0.001102388580288065,559
42,local_only,S83,0.03739415415877573,0.052786829957506824,0.003405635671653453,559
42,local_only,S84,0.07449760476430488,0.0902747710694152,-0.01260658916525796,559
42,local_only,S85,0.03338505166511123,0.04932071518007568,0.0005884974310257887,559
42,local_only,S86,0.03541263656679054,0.04852825333095517,0.004962427918557644,559
42,local_only,S87,0.04100183567926888,0.05675784507144917,-0.016431932893626672,559
42,local_only,S88,0.037727101321943596,0.053204142531070996,-0.0077613178475664955,559
42,local_only,S89,0.04924479578346787,0.06238685306868486,-0.010867697892340704,559
42,local_only,S90,0.059504060259202164,0.07400424766213322,-0.013960820709793346,559
42,local_only,S91,0.059322170831166435,0.0740141374511529,-0.02030092748490117,559
42,local_only,S92,0.08042021974605093,0.10140372064206431,-0.04321770600265239,559
42,local_only,S93,0.04029713387889304,0.05624045987677706,-0.009050322780702164,559
42,local_only,S94,0.04652624703833458,0.06049081325862235,-0.012742311109646893,559
42,local_only,S95,0.037024998014044,0.05349058743623424,0.006621078213592584,559
42,local_only,S96,0.07614392878392741,0.09046177075251144,-0.014207983260794355,559
42,local_only,S97,0.06087636350560767,0.07768957927235645,-0.026297684615204688,559
42,local_only,S98,0.039247299454910914,0.05381325133001259,-0.0010687680893651775,559
42,local_only,S99,0.05096284742196372,0.06251322883443446,0.0187469348938276,559
42,fedavg,A,0.03463254925546658,0.047791262114093715,-0.010895503430805554,559
42,fedavg,B,0.03471364700536357,0.04807767236603141,-0.011140176435203203,559
42,fedavg,C,0.035499567173468034,0.05010077024946963,-0.007851880592708884,559
42,fedavg,D,0.036454707348393525,0.0507266743042195,-0.0061637100022017945,559
42,fedavg,E,0.04671831703361637,0.059087188298113755,0.01986416651990618,559
42,fedavg,F,0.03533090891175752,0.049744875991378466,-0.00905075915093652,559
42,fedavg,G,0.04755555491349685,0.060538322979995604,0.034609475010199627,559
42,fedavg,H,0.04117311045910858,0.053008579796511204,0.016906688821659056,559
42,fedavg,I,0.03908990771211484,0.054471703872146705,-0.002962311142505761,559
42,fedavg,J,0.049605031028783116,0.06255901038911646,0.03595813500823217,559
42,fedavg,K,0.04656580048371673,0.06034519099271558,0.018337631129954603,559
42,fedavg,L,0.035204171378012204,0.04853804509256781,-0.010912465409347405,559
42,fedavg,M,0.04366958068728727,0.058308244023999124,0.00816652439626297,559
42,fedavg,N,0.034354678271646566,0.04787293636068881,-0.009089911088958876,559
42,fedavg,O,0.044008107130142506,0.056791156233479904,0.0175806597128847,559
42,fedavg,P,0.03299355421261945,0.04563172350830054,-0.011374816731658093,559
42,fedavg,Q,0.04908124277824686,0.062282890109781996,0.020962579364926688,559
42,fedavg,R,0.05053490404354505,0.06406910311692403,0.02059133175289015,559
42,fedavg,S,0.04818837628687344,0.061231186310055856,0.019380282195599847,559
42,fedavg,T,0.035092387194284216,0.04949926099733937,-0.01018537577216382,559
42,fedavg,U,0.03400577578686548,0.04691176871699069,-0.0111338732711436,559
42,fedavg,V,0.03662750289901635,0.051223536687181194,-0.0038219330998342516,559
42,fedavg,W,0.03852347922694664,0.051812906179447935,-0.010304484836680545,559
42,fedavg,X,0.035420774467820916,0.049808153579065956,-0.0032114490859580353,559
42,fedavg,Y,0.050226755893296914,0.0634610418685776,0.020877463036580828,559
42,fedavg,Z,0.04361579666053293,0.05635978492254722,0.017932857407385247,559
42,fedavg,S26,0.04296537855862784,0.05462701346643254,0.028389766178886684,559
42,fedavg,S27,0.04401134685713178,0.05716700719677892,0.017737479117817256,559
42,fedavg,S28,0.04599299387463197,0.061648229287877554,0.007898927145189404,559
42,fedavg,S29,0.050026782102027344,0.0631184507360116,0.020442860949162246,559
42,fedavg,S30,0.04712705755933673,0.05960322579693373,0.019326178213099954,559
42,fedavg,S31,0.0341116659158311,0.047561676916668044,-0.009849130368436652,559
42,fedavg,S32,0.03313588953205453,0.04549636056473537,-0.012038012750760014,559
42,fedavg,S33,0.0358507423915722,0.04914739525726502,-0.010976383763686995,559
42,fedavg,S34,0.04493924248455449,0.05739747674352877,0.017271109748788326,559
42,fedavg,S35,0.03652537509015751,0.051412912237495244,-0.009732626160647977,559
42,fedavg,S36,0.035856832914247655,0.04990696695876838,-0.01030090703980494,559
42,fedavg,S37,0.03369288934975336,0.04687154253105508,-0.010715488198859707,559
42,fedavg,S38,0.03719092690730959,0.051632676695788485,-0.00827131355194873,559
42,fedavg,S39,0.04122387575758671,0.053380986027810086,0.01954585766546388,559
42,fedavg,S40,0.03388560280430402,0.046512879608147206,-0.010904870882350452,559
42,fedavg,S41,0.036913417625842423,0.05188565952835238,-0.0057626801733700606,559
42,fedavg,S42,0.04356338018726404,0.055243198849551256,0.029112291686846634,559
42,fedavg,S43,0.03879950353638344,0.053721134213502865,-0.0022978077658030584,559
42,fedavg,S44,0.0347532086115587,0.04771024415134585,-0.010559430500627404,559
42,fedavg,S45,0.03633846109691334,0.05124615503883503,-0.007269696434559917,559
42,fedavg,S46,0.05137304326416075,0.06518325466496186,0.019744815690566207,559
42,fedavg,S47,0.03418886340471078,0.047400849591246255,-0.009459867605198949,559
42,fedavg,S48,0.0403420907413597,0.05193427276014511,0.016900145055556235,559
42,fedavg,S49,0.04305991710008294,0.05542557015226166,0.02229174767978646,559
42,fedavg,S50,0.03370907656652253,0.047195688865668106,-0.010568397199715886,559
42,fedavg,S51,0.046547565451358346,0.05907165231108936,0.019149718471687813,559
42,fedavg,S52,0.04109660706154616,0.05296795922103935,0.02117757469395672,559
42,fedavg,S53,0.0353550758772598,0.04941198686296028,-0.010146857730791053,559
42,fedavg,S54,0.03522220794577985,0.04875302581083418,-0.010404304246383191,559
42,fedavg,S55,0.04291226968818139,0.055994497082661965,0.022117093194414378,559
42,fedavg,S56,0.03757606014965039,0.05279233658899643,-0.0010788067585950274,559
42,fedavg,S57,0.04769158667771475,0.060037931933533316,0.019982980842050666,559
42,fedavg,S58,0.0374412517764519,0.050894211767373736,-0.007832608954070473,559
42,fedavg,S59,0.035970042799541156,0.05013600153251589,-0.006201941058479502,559
42,fedavg,S60,0.04743331603952459,0.05992938098981377,0.019130468021158614,559
42,fedavg,S61,0.034311810121221774,0.04737961946171642,-0.008864213243728313,559
42,fedavg,S62,0.035011643957696965,0.04953307537772239,-0.009281906704820295,559
42,fedavg,S63,0.04529937992121504,0.058214431986151054,0.017398001409339017,559
42,fedavg,S64,0.03422080362670939,0.046785022859303256,-0.010459765513050716,559
42,fedavg,S65,0.046981477995831286,0.05948694294578089,0.032619366691362825,559
42,fedavg,S66,0.04938265871113309,0.06310129401788823,0.0190355934657503,559
42,fedavg,S67,0.04594503058517753,0.05866773468649829,0.018540696502791897,559
42,fedavg,S68,0.03887898601030961,0.053313988479351516,0.0018270114961135232,559
42,fedavg,S69,0.0406957846493102,0.0566189484917844,0.0023031605096044076,559
42,fedavg,S70,0.03298665158707175,0.045933182409673826,-0.008467873867454543,559
42,fedavg,S71,0.04293853779946502,0.05492297981508995,0.017328499968385255,559
42,fedavg,S72,0.045377747124070986,0.05740998320932745,0.03193991861434417,559
42,fedavg,S73,0.03513752546682887,0.04909505091933595,-0.010483074616324256,559
42,fedavg,S74,0.04825488274353881,0.06143485581876501,0.019769708266521743,559
42,fedavg,S75,0.04091378686791752,0.053194332704617354,0.019602493821057675,559
42,fedavg,S76,0.045307755290758873,0.05732084110972786,0.018896446345467287,559
42,fedavg,S77,0.04188747359718794,0.0573773804254755,0.006219419668018751,559
42,fedavg,S78,0.03549095952911686,0.04904218196536653,-0.010077373207545105,559
42,fedavg,S79,0.04444966830599766,0.05711969675891256,0.02628733763181353,559
42,fedavg,S80,0.03373176042232721,0.04596479675161704,-0.011223758042867883,559
42,fedavg,S81,0.046651519830517754,0.06057944445090814,0.018499161813708857,559
42,fedavg,S82,0.046082762881783576,0.05808247803944512,0.019668313667548017,559
42,fedavg,S83,0.03556363557320428,0.049141949500501714,-0.010841653705616223,559
42,fedavg,S84,0.047658363267219554,0.06175042815367537,0.015606032704437995,559
42,fedavg,S85,0.03426159782941605,0.04823505718573735,-0.010289263202640526,559
42,fedavg,S86,0.03449217052772068,0.046692787773464424,-0.010526273785698792,559
42,fedavg,S87,0.03404352467878653,0.04835492297766946,-0.00964057590264314,559
42,fedavg,S88,0.03518038761280544,0.04996933532061716,-0.009650688106110836,559
42,fedavg,S89,0.04350260978111454,0.05604480455510451,0.017594599009246592,559
42,fedavg,S90,0.040462663320971114,0.05215305671149555,0.017053083018091556,559
42,fedavg,S91,0.04474469897843737,0.05809170925527725,0.013669223248482097,559
42,fedavg,S92,0.04117515855433406,0.05700350696999843,0.004048286060730166,559
42,fedavg,S93,0.03551964417902989,0.04964695408385645,-0.008625519441104158,559
42,fedavg,S94,0.045478858276856986,0.05765064757980223,0.017910219886518676,559
42,fedavg,S95,0.03482971624940833,0.04863175000749642,-0.010286310300751712,559
42,fedavg,S96,0.046544856961220106,0.059792610687097444,0.01513955211025298,559
42,fedavg,S97,0.05216522714621279,0.06552767159739695,0.020351625604501697,559
42,fedavg,S98,0.03756821631908555,0.05151307441111629,-0.01018861957074123,559
42,fedavg,S99,0.042544954995564745,0.05497951162322647,0.025286208037895105,559
42,reliability_fedavg,A,0.034562949077034624,0.04771985342403624,-0.010715555035624127,559
42,reliability_fedavg,B,0.034675577350807577,0.04802535877991141,-0.01097882403609966,559
42,reliability_fedavg,C,0.03540901267028052,0.050052057621568904,-0.007624025270842642,559
42,reliability_fedavg,D,0.036400449368207216,0.050697174283026274,-0.0059629749403208535,559
42,reliability_fedavg,E,0.04671595547946373,0.05911476527765407,0.019729795926941927,559
42,reliability_fedavg,F,0.03525668384206576,0.04968147481934509,-0.008842614946482046,559
42,reliability_fedavg,G,0.04744264160446183,0.06045627459913608,0.03438049988872796,559
42,reliability_fedavg,H,0.04123059648497502,0.053099202921588345,0.01685882927913407,559
42,reliability_fedavg,I,0.03909140499891823,0.054507842029144285,-0.002778156621344987,559
42,reliability_fedavg,J,0.04949951152132294,0.06247676524278923,0.03571854708782916,559
42,reliability_fedavg,K,0.04663503804945508,0.060447208153925035,0.018276042418224548,559
42,reliability_fedavg,L,0.035170454541904345,0.04849650981610662,-0.010791614899505097,559
42,reliability_fedavg,M,0.04372339187421518,0.05839674154202867,0.008249340078681841,559
42,reliability_fedavg,N,0.03426319957658322,0.047803068117116744,-0.008857409083884216,559
42,reliability_fedavg,O,0.04405528313354531,0.05687676210375478,0.017512843322070492,559
42,reliability_fedavg,P,0.032949006191599774,0.04558798274629421,-0.011206842685694772,559
42,reliability_fedavg,Q,0.04907666351679506,0.06230536997954074,0.020806999546384077,559
42,reliability_fedavg,R,0.05049990062445255,0.0640876309927322,0.020428666087327282,559
42,reliability_fedavg,S,0.048207392814245964,0.06127710489845919,0.019297628806552423,559
42,reliability_fedavg,T,0.035043816792730824,0.04946063142400427,-0.01005500924483335,559
42,reliability_fedavg,U,0.03392675082390455,0.04684422953173477,-0.010958314214250796,559
42,reliability_fedavg,V,0.0366418927957717,0.05124895164053265,-0.0036242615061059047,559
42,reliability_fedavg,W,0.0384366519600053,0.05172705082654465,-0.010088224510857186,559
42,reliability_fedavg,X,0.035431140824470984,0.049841065700001734,-0.0030267350915036363,559
42,reliability_fedavg,Y,0.050213490691421676,0.06347867830549424,0.02071751952360839,559
42,reliability_fedavg,Z,0.0436725866452296,0.05645357242356022,0.017894798402227994,559
42,reliability_fedavg,S26,0.04290460271990216,0.05461537023887809,0.028227220367375145,559
42,reliability_fedavg,S27,0.04406378634918768,0.057256871882743345,0.017689090769001565,559
42,reliability_fedavg,S28,0.04605621727573317,0.06175774424380057,0.008002468983331205,559
42,reliability_fedavg,S29,0.05001086025127695,0.06312956560813784,0.02028258583203961,559
42,reliability_fedavg,S30,0.047111818003168326,0.059621146647546634,0.019180261977525072,559
42,reliability_fedavg,S31,0.03399574123939403,0.04748054209125965,-0.009611144256219934,559
42,reliability_fedavg,S32,0.03310185631950367,0.04545252091365705,-0.011922507532680664,559
42,reliability_fedavg,S33,0.03581100533972952,0.04908145533987728,-0.010805631704105327,559
42,reliability_fedavg,S34,0.044959056363999175,0.05746318937099114,0.017210442270027316,559
42,reliability_fedavg,S35,0.03647922871300946,0.05137161794077275,-0.0095862593448805,559
42,reliability_fedavg,S36,0.035784217263263696,0.049831676551480526,-0.010099945474942489,559
42,reliability_fedavg,S37,0.033655649322011774,0.04683079484458083,-0.010572157341408775,559
42,reliability_fedavg,S38,0.037098146686449146,0.05156757888246676,-0.008033884147380783,559
42,reliability_fedavg,S39,0.041260727788679875,0.05346654406766711,0.01950837033575864,559
42,reliability_fedavg,S40,0.033815493640591505,0.046447430247111246,-0.010723321212119087,559
42,reliability_fedavg,S41,0.03686525851233208,0.05187357409994901,-0.00554684549028617,559
42,reliability_fedavg,S42,0.043520251255272514,0.055222420369490204,0.02894278430073374,559
42,reliability_fedavg,S43,0.03880369291188485,0.05374566267055456,-0.002106366633464231,559
42,reliability_fedavg,S44,0.03466808579488089,0.04763103667254455,-0.010356709799039543,559
42,reliability_fedavg,S45,0.03627035040816556,0.05121485722313188,-0.007038145651374419,559
42,reliability_fedavg,S46,0.05135220438341922,0.06522015576053322,0.01961351969997417,559
42,reliability_fedavg,S47,0.03409376809919546,0.04731831756580514,-0.009234667595618359,559
42,reliability_fedavg,S48,0.040367302839679244,0.052013734476332174,0.01686043359425872,559
42,reliability_fedavg,S49,0.0430947049438232,0.055487953317235376,0.02221214368075969,559
42,reliability_fedavg,S50,0.033619524359687236,0.04712425196159249,-0.010360849601502343,559
42,reliability_fedavg,S51,0.04653769119122867,0.059098524542243354,0.0190330075807303,559
42,reliability_fedavg,S52,0.04113178390822971,0.053045402816413185,0.0211065331813821,559
42,reliability_fedavg,S53,0.03530914685980472,0.04938456817128036,-0.009994279716517077,559
42,reliability_fedavg,S54,0.03514684396354425,0.04868373355071857,-0.01021962531897271,559
42,reliability_fedavg,S55,0.04293292745583806,0.056060002521783586,0.0220361242963381,559
42,reliability_fedavg,S56,0.03759705608569865,0.052849825751550554,-0.0009075218425523856,559
42,reliability_fedavg,S57,0.047671338577033394,0.06003859540827419,0.019824280338161932,559
42,reliability_fedavg,S58,0.03737240682232355,0.05083188195185723,-0.007605618056162279,559
42,reliability_fedavg,S59,0.0359197993561199,0.050100369843892205,-0.005985744888952572,559
42,reliability_fedavg,S60,0.04742114859164987,0.059953712879664285,0.018987040441110065,559
42,reliability_fedavg,S61,0.034215936223369874,0.04729906964201699,-0.008637446213108762,559
42,reliability_fedavg,S62,0.03492396995026413,0.04947659252142199,-0.009078046397611329,559
42,reliability_fedavg,S63,0.04534392468843689,0.05827574982702508,0.017329764965386837,559
42,reliability_fedavg,S64,0.03412470068014987,0.04669370008921943,-0.010242689408629834,559
42,reliability_fedavg,S65,0.046905798090318605,0.0594462066323263,0.03241492182679461,559
42,reliability_fedavg,S66,0.04939426399170953,0.06314765758036892,0.01891383851840026,559
42,reliability_fedavg,S67,0.045956352468792844,0.058701789143501576,0.018450654237016733,559
42,reliability_fedavg,S68,0.038924710273414466,0.053404680629869146,0.0019754388205930323,559
42,reliability_fedavg,S69,0.04075298846111181,0.05671704817407406,0.0024526066676595236,559
42,reliability_fedavg,S70,0.032900844613166794,0.0458638757895028,-0.008234158127480361,559
42,reliability_fedavg,S71,0.042977639502714084,0.05499919217299105,0.017248465098550606,559
42,reliability_fedavg,S72,0.04529027528860914,0.05736081408115974,0.03174322531250354,559
42,reliability_fedavg,S73,0.03510016088510575,0.04905336179907125,-0.010357845830772745,559
42,reliability_fedavg,S74,0.04826154141671862,0.061467801964759636,0.019665466633597004,559
42,reliability_fedavg,S75,0.040947706902283866,0.05327543792646557,0.019566263613555155,559
42,reliability_fedavg,S76,0.04530635050311351,0.057333245546508586,0.018766007951355818,559
42,reliability_fedavg,S77,0.04197302524209496,0.05748706559924012,0.0063224074575293655,559
42,reliability_fedavg,S78,0.035404161264793364,0.04898157424766119,-0.009881321202100576,559
42,reliability_fedavg,S79,0.04445168968416711,0.05717505133273067,0.02617045777494984,559
42,reliability_fedavg,S80,0.03364982856003349,0.04587963520919056,-0.011027395472166666,559
42,reliability_fedavg,S81,0.04670645926559631,0.06067808674985535,0.018433415118212542,559
42,reliability_fedavg,S82,0.046077360011294005,0.058092089545302004,0.01951732505271161,559
42,reliability_fedavg,S83,0.03552548774752986,0.04910228948831654,-0.010722166945248149,559
42,reliability_fedavg,S84,0.047652166086867155,0.06179342500102371,0.015531543159127663,559
42,reliability_fedavg,S85,0.034236734442259574,0.04821059612882886,-0.01015495097311297,559
42,reliability_fedavg,S86,0.034380838274539235,0.04658470570461891,-0.010291970112945798,559
42,reliability_fedavg,S87,0.03394548788671723,0.04828907341927729,-0.009443008363803379,559
42,reliability_fedavg,S88,0.035170809364975936,0.049947359437243655,-0.00953284367229223,559
42,reliability_fedavg,S89,0.04355213606950022,0.05612300084162062,0.017534380937778194,559
42,reliability_fedavg,S90,0.04048796891807937,0.05220974053639804,0.01699765929527421,559
42,reliability_fedavg,S91,0.04477585077890543,0.05814779115657583,0.013638449308407461,559
42,reliability_fedavg,S92,0.04122538598367198,0.05711264527741315,0.004172576872831001,559
42,reliability_fedavg,S93,0.035426667797310886,0.04958739557017988,-0.008404884838094278,559
42,reliability_fedavg,S94,0.04552108205660486,0.05772952158323349,0.01784646398882354,559
42,reliability_fedavg,S95,0.034736977806445704,0.0485570621323579,-0.010088518271520191,559
42,reliability_fedavg,S96,0.04655545479068216,0.059833151708334864,0.01508009478271554,559
42,reliability_fedavg,S97,0.05213155362743398,0.06555416751888746,0.02019024700174618,559
42,reliability_fedavg,S98,0.037531489808283566,0.051490710098436955,-0.010061963192636667,559
42,reliability_fedavg,S99,0.042551239798543555,0.05500666635573858,0.025168516622541375,559
42,reliability_fedavg_event,A,0.03445345878331174,0.04768930367181579,-0.00531883264786842,559
42,reliability_fedavg_event,B,0.03474633606453343,0.048513897232465464,-0.005624320479920001,559
42,reliability_fedavg_event,C,0.03533254814465832,0.049425745220753985,-0.002408592882591145,559
42,reliability_fedavg_event,D,0.03660284524480687,0.05005130855588942,-0.0007233847975389356,559
42,reliability_fedavg_event,E,0.04989061093046155,0.06204057273689493,0.025958415007132085,559
42,reliability_fedavg_event,F,0.03520404408400135,0.04937370152214846,-0.0035378185918468028,559
42,reliability_fedavg_event,G,0.051926381045899125,0.06514872681513642,0.041013270501990357,559
42,reliability_fedavg_event,H,0.043798564676304094,0.05541967865807143,0.022427882298242805,559
42,reliability_fedavg_event,I,0.039508554746258556,0.054094594043239165,0.0024156811387213164,559
42,reliability_fedavg_event,J,0.05389080077912892,0.06706652653484438,0.04240976556325881,559
42,reliability_fedavg_event,K,0.049071899055435,0.06257477700115521,0.02391965460525376,559
42,reliability_fedavg_event,L,0.03500290000761238,0.048737042285599975,-0.0055042965040243965,559
42,reliability_fedavg_event,M,0.04557291194604966,0.059780251871582195,0.013868612661701168,559
42,reliability_fedavg_event,N,0.034176648862465006,0.04725173430142938,-0.003744182557372413,559
42,reliability_fedavg_event,O,0.04648178213293463,0.059036547832476464,0.023153294453668958,559
42,reliability_fedavg_event,P,0.03271534734060705,0.04576222642245821,-0.0058732747445166215,559
42,reliability_fedavg_event,Q,0.05236251856332015,0.06523789038886942,0.027033991439431266,559
42,reliability_fedavg_event,R,0.0537596067521148,0.06705629049274511,0.026772981276735663,559
42,reliability_fedavg_event,S,0.05098967974041697,0.06351631966504143,0.025274218413070818,559
42,reliability_fedavg_event,T,0.03508521397787731,0.04970654643902082,-0.004715063879896617,559
42,reliability_fedavg_event,U,0.033886589295558184,0.04698971090250611,-0.005588818480504747,559
42,reliability_fedavg_event,V,0.03676172830728807,0.0506895219989253,0.001532391739042046,559
42,reliability_fedavg_event,W,0.0384278823000967,0.051473654511430385,-0.0047917504247597855,559
42,reliability_fedavg_event,X,0.03606408750217688,0.04952084852347117,0.0021478540602694923,559
42,reliability_fedavg_event,Y,0.0533498875026871,0.06630706295663912,0.026782310749291674,559
42,reliability_fedavg_event,Z,0.046059543635714496,0.05867443493527282,0.023533987006953916,559
42,reliability_fedavg_event,S26,0.04669023873767093,0.05867781809441128,0.03443048689447236,559
42,reliability_fedavg_event,S27,0.04659684669611266,0.05939063924426478,0.02334992217744679,559
42,reliability_fedavg_event,S28,0.0475989637649843,0.06264446006554317,0.01341381989967591,559
42,reliability_fedavg_event,S29,0.05316802122089129,0.06613434913537074,0.026529181135625933,559
42,reliability_fedavg_event,S30,0.05031590357240396,0.0625973139266142,0.025309787184534818,559
42,reliability_fedavg_event,S31,0.03373712918776119,0.04695982766097724,-0.0044226077108682265,559
42,reliability_fedavg_event,S32,0.03265687865363384,0.04570507273374838,-0.006632653017543349,559
42,reliability_fedavg_event,S33,0.036238562145348714,0.0495216734254896,-0.0054492049351541165,559
42,reliability_fedavg_event,S34,0.04738486064339727,0.059678079393288806,0.022884603018734156,559
42,reliability_fedavg_event,S35,0.03667299437984509,0.05164073895229965,-0.004195315692078552,559
42,reliability_fedavg_event,S36,0.03571278673691645,0.04975700101371856,-0.004745723038232071,559
42,reliability_fedavg_event,S37,0.03361992092244161,0.04742656535420651,-0.005131652889638299,559
42,reliability_fedavg_event,S38,0.036990516158939155,0.05090732835536424,-0.002809310786408157,559
42,reliability_fedavg_event,S39,0.043929234875969204,0.056004710874573704,0.025094013017217406,559
42,reliability_fedavg_event,S40,0.0336149028870602,0.046523356823087184,-0.005400530685718989,559
42,reliability_fedavg_event,S41,0.036937899617245,0.05106479027091553,-0.00039819289916836407,559
42,reliability_fedavg_event,S42,0.04750877270876548,0.05948089555505802,0.03521683264135555,559
42,reliability_fedavg_event,S43,0.039239447425396146,0.053490397235893446,0.0031739373769267914,559
42,reliability_fedavg_event,S44,0.03461129423743197,0.0476261698715891,-0.005052881406775088,559
42,reliability_fedavg_event,S45,0.036028041233173665,0.05039899272134349,-0.0018061185343114388,559
42,reliability_fedavg_event,S46,0.054405174055678206,0.06788736149482126,0.025752244283126963,559
42,reliability_fedavg_event,S47,0.034048820928981184,0.04690048244623195,-0.00402765906503764,559
42,reliability_fedavg_event,S48,0.043012518062521175,0.05445213413535843,0.022462698147833773,559
42,reliability_fedavg_event,S49,0.0458479614424176,0.05830255860338766,0.028103829383052892,559
42,reliability_fedavg_event,S50,0.03356394656879281,0.04689867284918307,-0.005133182720147067,559
42,reliability_fedavg_event,S51,0.049334333500240087,0.061670539996760004,0.02507445776346931,559
42,reliability_fedavg_event,S52,0.04396477413958535,0.05585001436310595,0.02676406766959401,559
42,reliability_fedavg_event,S53,0.03540258372472416,0.049664248581489726,-0.004621358108515177,559
42,reliability_fedavg_event,S54,0.03520794244139907,0.04883760713815174,-0.004756726627779561,559
42,reliability_fedavg_event,S55,0.04578686532608611,0.058905854690548924,0.027786961327430214,559
42,reliability_fedavg_event,S56,0.03831972421104445,0.05270834526515737,0.004383598948072488,559
42,reliability_fedavg_event,S57,0.05091836425968927,0.06302256808565843,0.025931859356876003,559
42,reliability_fedavg_event,S58,0.0372624467521671,0.050368196460065524,-0.002260334580142904,559
42,reliability_fedavg_event,S59,0.03617999872795851,0.049605430204485955,-0.0006714395675574944,559
42,reliability_fedavg_event,S60,0.050615929678575616,0.06291088509011493,0.02515918409538477,559
42,reliability_fedavg_event,S61,0.03403639882300649,0.046741175640729465,-0.003412925922528429,559
42,reliability_fedavg_event,S62,0.03494776831091172,0.049294411502754355,-0.003725180479713294,559
42,reliability_fedavg_event,S63,0.04783332023802105,0.060466222742541514,0.023106126516036128,559
42,reliability_fedavg_event,S64,0.03385056892252115,0.04650030744427445,-0.0049447894493441355,559
42,reliability_fedavg_event,S65,0.05086206218181095,0.06366329121804683,0.038845875572866374,559
42,reliability_fedavg_event,S66,0.05259800787885175,0.0659317810836272,0.025064164910078957,559
42,reliability_fedavg_event,S67,0.048636437241853944,0.06129676032894246,0.024517653180356678,559
42,reliability_fedavg_event,S68,0.04002157244427306,0.053823284591962166,0.007231155448519893,559
42,reliability_fedavg_event,S69,0.04189523124121036,0.05694150469832256,0.007720831720814882,559
42,reliability_fedavg_event,S70,0.03289540339517865,0.04536235662694328,-0.0029756204118495657,559
42,reliability_fedavg_event,S71,0.045569561274425664,0.05743669801330829,0.023044234998474206,559
42,reliability_fedavg_event,S72,0.04940188873296,0.06172508172423858,0.03811675472158359,559
42,reliability_fedavg_event,S73,0.0350751477874289,0.04926650520764684,-0.005046612001232443,559
42,reliability_fedavg_event,S74,0.05088361666232934,0.06390680182262491,0.02569269329810945,559
42,reliability_fedavg_event,S75,0.04380561474242959,0.05600378889586262,0.02532469708801952,559
42,reliability_fedavg_event,S76,0.04848613670347375,0.060237309297864625,0.024898901332273068,559
42,reliability_fedavg_event,S77,0.04367686752692258,0.05834724827471614,0.011733544419589577,559
42,reliability_fedavg_event,S78,0.03519309484666423,0.04878431931132182,-0.00465904990725939,559
42,reliability_fedavg_event,S79,0.047803148294070966,0.0604388567935989,0.0321963906158195,559
42,reliability_fedavg_event,S80,0.0333722598755658,0.045873215760840774,-0.005668130025343823,559
42,reliability_fedavg_event,S81,0.04932819686928757,0.06286915562017127,0.024179955433461856,559
42,reliability_fedavg_event,S82,0.049244925216896614,0.06104169164695555,0.025685559954470912,559
42,reliability_fedavg_event,S83,0.035666628034322224,0.04931733181654841,-0.005412389027797792,559
42,reliability_fedavg_event,S84,0.05048223748829796,0.06424641082191325,0.021661907994256678,559
42,reliability_fedavg_event,S85,0.0340475120435074,0.049064936754596104,-0.004590217656354305,559
42,reliability_fedavg_event,S86,0.034162435663550796,0.04634372098111841,-0.005108510695101297,559
42,reliability_fedavg_event,S87,0.03388745969283013,0.04814282820996498,-0.004091313180025527,559
42,reliability_fedavg_event,S88,0.03534923526600057,0.05061653789112924,-0.004193517681850997,559
42,reliability_fedavg_event,S89,0.045937726318283086,0.0582906976684824,0.023171339879622135,559
42,reliability_fedavg_event,S90,0.04318271672698021,0.05480526327538213,0.02271942425750809,559
42,reliability_fedavg_event,S91,0.047734024042716795,0.0605810945600031,0.019727753743959162,559
42,reliability_fedavg_event,S92,0.042583652387047435,0.05760100080785271,0.009524959399325737,559
42,reliability_fedavg_event,S93,0.03531385449132814,0.04924233922790548,-0.003135411226238942,559
42,reliability_fedavg_event,S94,0.04803035522541735,0.06003900463057486,0.023641455742912258,559
42,reliability_fedavg_event,S95,0.03466916663370359,0.048424890368612354,-0.004791873468496896,559
42,reliability_fedavg_event,S96,0.04944915393382404,0.06232951407952764,0.021182628670434113,559
42,reliability_fedavg_event,S97,0.05545665942380715,0.06839563168905674,0.026392469717829433,559
42,reliability_fedavg_event,S98,0.03741401047290683,0.051646890489285925,-0.004643122836718775,559
42,reliability_fedavg_event,S99,0.04599067549723532,0.058593528484534495,0.031230652815835595,559
43,persistence,A,0.08101208494665445,0.09227065709805538,-0.0005175428390452948,559
43,persistence,B,0.08339546094253894,0.09478136505917792,-0.000632435502765587,559
43,persistence,C,0.08943387904026993,0.10144140414976745,-0.0007455798404537848,559
43,persistence,D,0.08472934749963724,0.09624083297632872,-0.0007542221971882477,559
43,persistence,E,0.08722304833752198,0.09887657896036486,-0.0008347952758813401,559
43,persistence,F,0.08283226199484345,0.09417040673930678,-0.0005799621319246673,559
43,persistence,G,0.09114674496075409,0.10349680436285834,-0.0007050439037719145,559
43,persistence,H,0.0886819313082649,0.10048873095708098,-0.0007184731395213743,559
43,persistence,I,0.08464507190577272,0.09587518212401702,-0.0007110642034340523,559
43,persistence,J,0.09050335499987194,0.10267512812585827,-0.0007015287757735392,559
43,persistence,K,0.09064421757476422,0.10293130254689097,-0.000718544178665449,559
43,persistence,L,0.08609886862477538,0.09843707031062145,-0.0006811954264324125,559
43,persistence,M,0.08718603127594364,0.09934313526703574,-0.0007927702275006524,559
43,persistence,N,0.084390647883472,0.09613888203140329,-0.0008164137820105114,559
43,persistence,O,0.08391588218277424,0.09491975709587629,-0.0007851211040866793,559
43,persistence,P,0.08576240940044479,0.09724841798785987,-0.0007101099864014946,559
43,persistence,Q,0.08414325789391718,0.09539134795126371,-0.0006683233256543106,559
43,persistence,R,0.08615356811100687,0.09751445720475578,-0.0006760421062424806,559
43,persistence,S,0.0912631549934935,0.10349189640378255,-0.0007499177504517471,559
43,persistence,T,0.09132244829153009,0.10362155027556896,-0.000812588152638095,559
43,persistence,U,0.08230780495776828,0.09346892404173096,-0.000578598893602726,559
43,persistence,V,0.08409341453552314,0.09539043867427024,-0.0007009664881030641,559
43,persistence,W,0.08753455843667286,0.09922560430726038,-0.0007508896979256966,559
43,persistence,X,0.08258986075980213,0.09369764697151102,-0.0006787349180066842,559
43,persistence,Y,0.09152717609416647,0.10364536921976969,-0.0007958424569995598,559
43,persistence,Z,0.0922609180018759,0.10449596781118278,-0.0007779342497237467,559
43,persistence,S26,0.0892751771599106,0.1011271435890253,-0.00044907836757070505,559
43,persistence,S27,0.08762826584654398,0.09928938737080668,-0.0007664709587703077,559
43,persistence,S28,0.09027094028645223,0.10286178964878741,-0.0005716594491713749,559
43,persistence,S29,0.09028503350792319,0.10222252809648984,-0.0006265118379730645,559
43,persistence,S30,0.0834117725567329,0.09481680275991207,-0.0007626773970291578,559
43,persistence,S31,0.0914743805024273,0.10352212005772717,-0.0007325535382299096,559
43,persistence,S32,0.08330392392287872,0.0950323014222128,-0.0004725098474661791,559
43,persistence,S33,0.09108735792911969,0.10322766096653735,-0.0007992956407488139,559
43,persistence,S34,0.08421675570796273,0.09554444395004019,-0.0006430094534458763,559
43,persistence,S35,0.08759841917429206,0.0993041876465894,-0.0006808503464277507,559
43,persistence,S36,0.08434425542182714,0.09552140600976662,-0.0006895776623976625,559
43,persistence,S37,0.08266356324491488,0.09425647209091415,-0.0007953503194005996,559
43,persistence,S38,0.08629687327836609,0.0978027823993789,-0.000697916738892204,559
43,persistence,S39,0.0829046833812474,0.09445604087650203,-0.0006460159088606564,559
43,persistence,S40,0.08407875408263533,0.0951805957189377,-0.000669174731837349,559
43,persistence,S41,0.08443021759672394,0.09597689320195744,-0.0007600667923922136,559
43,persistence,S42,0.08934037333557612,0.10170910708935814,-0.0006965296392950474,559
43,persistence,S43,0.08736556120260996,0.09916817872381625,-0.0007326106025632437,559
43,persistence,S44,0.08976168789874182,0.10210317088632144,-0.0007698654079699826,559
43,persistence,S45,0.08179432752136931,0.09314432867632307,-0.0006893532808198658,559
43,persistence,S46,0.0919675025534991,0.1039154434474393,-0.0007463234742480282,559
43,persistence,S47,0.08799655315606174,0.09986358626609156,-0.0008610531188754201,559
43,persistence,S48,0.08208916917041757,0.09329968384709866,-0.0006700086816378964,559
43,persistence,S49,0.08774258551618487,0.0997924218260174,-0.0008374233090790232,559
43,persistence,S50,0.08576757269111764,0.09751835737379959,-0.0006466295619283625,559
43,persistence,S51,0.08804036686838353,0.10013474266244475,-0.0008011191557719637,559
43,persistence,S52,0.08931989901930706,0.10118190692743081,-0.0007210894411159862,559
43,persistence,S53,0.08537831250203304,0.09712662790853296,-0.0005894452304294423,559
43,persistence,S54,0.09130499790437613,0.10358890173991075,-0.0007657113465045667,559
43,persistence,S55,0.08619958887373186,0.09773705297484178,-0.0007436991384342873,559
43,persistence,S56,0.08364056559631097,0.09542050026694479,-0.0005640458737954844,559
43,persistence,S57,0.08577309498404717,0.09776233982899708,-0.000986333311371312,559
43,persistence,S58,0.09097095006151784,0.10366237965851394,-0.0008882709202183367,559
43,persistence,S59,0.08347038056431522,0.09434354547086105,-0.0005756025135930301,559
43,persistence,S60,0.08306583871878351,0.09417265196286527,-0.0006633658880077982,559
43,persistence,S61,0.08301596901519474,0.09405200359105154,-0.0006490399996868346,559
43,persistence,S62,0.08954408585452325,0.10215602557389848,-0.0007982043034921039,559
43,persistence,S63,0.08617587420018556,0.09770292915827264,-0.0006265554710188031,559
43,persistence,S64,0.08772992453440417,0.09932131373067392,-0.0007384066144670885,559
43,persistence,S65,0.09037102924531562,0.10280486808069007,-0.0007224381465651428,559
43,persistence,S66,0.08307380317243845,0.0944059847456572,-0.0005952095332153954,559
43,persistence,S67,0.08685195795218718,0.09854029479807447,-0.0005495207007701154,559
43,persistence,S68,0.08118636178730863,0.09253020231085732,-0.000609794711753058,559
43,persistence,S69,0.08971749829946415,0.1018022666442669,-0.0010457788148398423,559
43,persistence,S70,0.08923302059801032,0.10139866733953627,-0.0007858572631946486,559
43,persistence,S71,0.08302829736070658,0.09420849584703722,-0.0007155208068704883,559
43,persistence,S72,0.0884280376233819,0.10034228874518444,-0.0006358094178592079,559
43,persistence,S73,0.08792079309662154,0.09961770611047986,-0.000579535207054736,559
43,persistence,S74,0.08242546238006931,0.09366335597178892,-0.0008385041560188405,559
43,persistence,S75,0.087270460114856,0.0989664327724755,-0.0007117787327730698,559
43,persistence,S76,0.08231928021583675,0.09362898412434116,-0.0005943926572238432,559
43,persistence,S77,0.08698058545286226,0.09860546740595595,-0.0008532584574879922,559
43,persistence,S78,0.08981727595625975,0.10175274755848755,-0.0006610747070213336,559
43,persistence,S79,0.08341684728575127,0.09452377812448597,-0.0007096793948654385,559
43,persistence,S80,0.09000758814445509,0.10198856144241016,-0.00073779866470887,559
43,persistence,S81,0.09253776580734534,0.10481793915976163,-0.0009505032933300881,559
43,persistence,S82,0.0898531119889798,0.10176410250264684,-0.0008437485898110169,559
43,persistence,S83,0.08241198782822406,0.09347242195898182,-0.0006608380698673894,559
43,persistence,S84,0.08423649054333028,0.09541315944535998,-0.0005893009985099032,559
43,persistence,S85,0.08876527251245883,0.10057103817100455,-0.0007092427722243375,559
43,persistence,S86,0.08563049388916126,0.09712529610984436,-0.0007176810370721523,559
43,persistence,S87,0.08382236777988787,0.09499916115865509,-0.0008762395588611544,559
43,persistence,S88,0.08751575684378257,0.09902981385863766,-0.0008124663552162296,559
43,persistence,S89,0.08138966017246725,0.09266206939613754,-0.000700178496010205,559
43,persistence,S90,0.0844972295688581,0.0958721025119226,-0.0006191558817385701,559
43,persistence,S91,0.0905801621024132,0.10289856531658069,-0.0005561587723948341,559
43,persistence,S92,0.08789121256916316,0.09968320255595187,-0.0006829668856883998,559
43,persistence,S93,0.09047459014058314,0.10240281859679715,-0.0007420027356141635,559
43,persistence,S94,0.08266154398445259,0.09382331774144681,-0.0006086570419011261,559
43,persistence,S95,0.08618673119753972,0.0976439754323948,-0.0006918530921203506,559
43,persistence,S96,0.08491065061387934,0.09613570230498947,-0.0007016788522524622,559
43,persistence,S97,0.08802488152410622,0.10012515074171097,-0.0006658627706637551,559
43,persistence,S98,0.08654024772206904,0.09818048482249053,-0.0008213800831726204,559
43,persistence,S99,0.08143515958692729,0.09241181862504116,-0.0006433686187152613,559
43,smart_persistence,A,0.04861364627239496,0.06641210929550727,0.01422758547365099,559
43,smart_persistence,B,0.04914600458059648,0.06728454685445884,0.01412008605087934,559
43,smart_persistence,C,0.053373228388710184,0.0723119689236947,0.014943571614637998,559
43,smart_persistence,D,0.04978071950452672,0.06744394269150725,0.014001314052628864,559
43,smart_persistence,E,0.05142106315390122,0.07031435627402548,0.014536177146178546,559
43,smart_persistence,F,0.04941377499722251,0.06685479570958182,0.014119853768730952,559
43,smart_persistence,G,0.05307521414963865,0.07236917533047035,0.014997984205825798,559
43,smart_persistence,H,0.05256448574237149,0.07129903167779926,0.014924692973716947,559
43,smart_persistence,I,0.04950505048069896,0.06737969204707056,0.01416966873046164,559
43,smart_persistence,J,0.053378533109473165,0.07274340466142423,0.015345780919308064,559
43,smart_persistence,K,0.05399044799404023,0.07363399821622794,0.015583357629113188,559
43,smart_persistence,L,0.05143980242391925,0.06985217952045954,0.014748787304156581,559
43,smart_persistence,M,0.05131677810056052,0.07061752406151504,0.01464498796448618,559
43,smart_persistence,N,0.05110160216825726,0.06881879097484768,0.014294472272292925,559
43,smart_persistence,O,0.048741540172157524,0.06620919482010941,0.013937945517988114,559
43,smart_persistence,P,0.05068568548742409,0.06903781390655915,0.014609957803190687,559
43,smart_persistence,Q,0.04945364696455053,0.06719069565948098,0.014191606343924124,559
43,smart_persistence,R,0.05028281803367816,0.06837766932874993,0.014459025281379816,559
43,smart_persistence,S,0.05378671129207478,0.07329631276146677,0.01548210790169247,559
43,smart_persistence,T,0.05410288872598372,0.07348513502627137,0.015301616224631075,559
43,smart_persistence,U,0.048456735200509915,0.06567485058641497,0.01392442091745968,559
43,smart_persistence,V,0.04996370529692015,0.06850331158102468,0.014371362938231177,559
43,smart_persistence,W,0.05171353876898063,0.070430840336539,0.0147111191326074,559
43,smart_persistence,X,0.04878402090496475,0.06633105859016823,0.014070576663280642,559
43,smart_persistence,Y,0.053603621942369346,0.07292449983068473,0.015342374799993015,559
43,smart_persistence,Z,0.053764767556622864,0.0730040981661409,0.015372418185399448,559
43,smart_persistence,S26,0.05381944824469547,0.07232169605708362,0.01538507948154317,559
43,smart_persistence,S27,0.05118134792407638,0.06979310653189838,0.0146448224889571,559
43,smart_persistence,S28,0.0540402891011892,0.07369137692202822,0.01542594184064388,559
43,smart_persistence,S29,0.053152097806135404,0.07216584691165154,0.015202672762753798,559
43,smart_persistence,S30,0.049628707499881415,0.06763011806476843,0.014347577985286153,559
43,smart_persistence,S31,0.053621179482433945,0.07298033883590324,0.015348705927835535,559
43,smart_persistence,S32,0.050433134316345545,0.06823953111846062,0.014204763875091748,559
43,smart_persistence,S33,0.05343837469436348,0.07264964938690552,0.015239601909834392,559
43,smart_persistence,S34,0.04933680117367484,0.06719110804750018,0.014101016585669715,559
43,smart_persistence,S35,0.051441658243257055,0.06988211271688728,0.014779454135470932,559
43,smart_persistence,S36,0.04928560075699977,0.06695704505782023,0.014110686972634017,559
43,smart_persistence,S37,0.049497706150273296,0.06707287858420338,0.013626436872271594,559
43,smart_persistence,S38,0.05094195154582172,0.06947325714800551,0.014748280944156065,559
43,smart_persistence,S39,0.049937313480247714,0.0682228598364614,0.01417757372587606,559
43,smart_persistence,S40,0.04901316263987841,0.06650876971001311,0.014055419298412015,559
43,smart_persistence,S41,0.0505687443532003,0.06867198323796929,0.014609188280836388,559
43,smart_persistence,S42,0.05333822475553012,0.0722563164242897,0.015123813495553083,559
43,smart_persistence,S43,0.05118789700712102,0.06916057825859168,0.014609513463817324,559
43,smart_persistence,S44,0.05273831043390754,0.07114006204332186,0.014778392753865376,559
43,smart_persistence,S45,0.048844795254136604,0.06669266191367901,0.01372769820178594,559
43,smart_persistence,S46,0.05348682354707504,0.07309095908813486,0.015284615871621452,559
43,smart_persistence,S47,0.051544239703309264,0.07025065282515182,0.014738394712616084,559
43,smart_persistence,S48,0.049464245386378364,0.06709941834498652,0.013852032395879437,559
43,smart_persistence,S49,0.0515896799453086,0.07012210208745473,0.014432453291535658,559
43,smart_persistence,S50,0.051183318082419806,0.0698827430925348,0.014707563514529672,559
43,smart_persistence,S51,0.05190371123912256,0.0703618527623933,0.014610376565972066,559
43,smart_persistence,S52,0.05220066589321641,0.07088913575999907,0.014945755130403103,559
43,smart_persistence,S53,0.05153455081635716,0.06987707757572938,0.014567109769916625,559
43,smart_persistence,S54,0.053534740408006154,0.07249373234604342,0.015175190411861286,559
43,smart_persistence,S55,0.05087098992414679,0.06934973722991664,0.0146219817944844,559
43,smart_persistence,S56,0.04964320668209284,0.06724855837522173,0.014228750130641466,559
43,smart_persistence,S57,0.05126199265723308,0.07031065343921632,0.014461271303530103,559
43,smart_persistence,S58,0.05418032238031663,0.07418392680353506,0.015330853465901212,559
43,smart_persistence,S59,0.048929326995134304,0.06665812140870604,0.014048139708806395,559
43,smart_persistence,S60,0.049067048964878686,0.06687721446195301,0.014151394359720787,559
43,smart_persistence,S61,0.048806289881084625,0.06638044628809246,0.014007411910927386,559
43,smart_persistence,S62,0.05375116500527222,0.07329725168269036,0.01516345454333475,559
43,smart_persistence,S63,0.0509132642848942,0.06929394402309233,0.014460170844487332,559
43,smart_persistence,S64,0.05108852540405237,0.06940799265598985,0.014601556579449108,559
43,smart_persistence,S65,0.05312150647682146,0.07236484977778447,0.015224391280062003,559
43,smart_persistence,S66,0.05021150699610054,0.06781095169929356,0.014040931878104965,559
43,smart_persistence,S67,0.05122256781805926,0.06991312204067253,0.014644999200334916,559
43,smart_persistence,S68,0.04841021395375147,0.06653487438419652,0.01358037131065557,559
43,smart_persistence,S69,0.05268544472765664,0.07183684365825213,0.01494209092128722,559
43,smart_persistence,S70,0.05281545743620592,0.07184372677031035,0.015141897363423067,559
43,smart_persistence,S71,0.049028096141623526,0.0668280570304395,0.014164510278834266,559
43,smart_persistence,S72,0.05156732571735305,0.07065462641818546,0.01459184238892915,559
43,smart_persistence,S73,0.05180928664059546,0.07044062017698591,0.01461514603860563,559
43,smart_persistence,S74,0.04872416494804066,0.06662696455104003,0.0139082951291276,559
43,smart_persistence,S75,0.0508438648180353,0.06923403622569735,0.014584789301263758,559
43,smart_persistence,S76,0.049090535565593785,0.06757233400674013,0.013807087261045967,559
43,smart_persistence,S77,0.051244345195391526,0.0698420475124073,0.014656685266063977,559
43,smart_persistence,S78,0.052612663323329575,0.07138567413820182,0.015024519275560682,559
43,smart_persistence,S79,0.04919398200472447,0.06699488871308477,0.013955388601147945,559
43,smart_persistence,S80,0.052722167129143536,0.07166757824386784,0.015115356208150124,559
43,smart_persistence,S81,0.05410685864191695,0.07405897320274579,0.015286260940569157,559
43,smart_persistence,S82,0.05256801103666585,0.07151441892868945,0.015020684678147486,559
43,smart_persistence,S83,0.04863273203814459,0.06627700538615747,0.014047658261268237,559
43,smart_persistence,S84,0.04986868752562316,0.06770900726255298,0.01435370811728564,559
43,smart_persistence,S85,0.052489751237669496,0.07161912532092411,0.015184812078648954,559
43,smart_persistence,S86,0.05048439631151945,0.06857947211359533,0.014401015108334624,559
43,smart_persistence,S87,0.049099759124143404,0.06694992426162896,0.014076632419608371,559
43,smart_persistence,S88,0.05109948921415639,0.06942956711102558,0.014512393183154237,559
43,smart_persistence,S89,0.048386875784250764,0.06577656538656859,0.013621771855732552,559
43,smart_persistence,S90,0.05020605088439637,0.06821558554598336,0.014224295500590515,559
43,smart_persistence,S91,0.053898236959629524,0.07352088237988956,0.015362375591213487,559
43,smart_persistence,S92,0.05198488115792851,0.07086720044450767,0.015010675137582667,559
43,smart_persistence,S93,0.05272041653426221,0.07169066784719451,0.015083912517192353,559
43,smart_persistence,S94,0.04924326880346844,0.06744842157193236,0.014076028560656447,559
43,smart_persistence,S95,0.05050808905285645,0.06867500665180179,0.014491115207742227,559
43,smart_persistence,S96,0.04947019639768186,0.06716854839955187,0.014134166806799648,559
43,smart_persistence,S97,0.0515996502487426,0.07031667999500957,0.014739567227159191,559
43,smart_persistence,S98,0.05090126267689312,0.06911221174725585,0.014500439277815105,559
43,smart_persistence,S99,0.04805966290407473,0.06526308544995037,0.01379110859400861,559
43,local_only,A,0.07031288543780216,0.0900079922861098,-0.0641039548400533,559
43,local_only,B,0.051572896739726634,0.06511150914603636,0.03196292321206227,559
43,local_only,C,0.10185887294693155,0.1225896173664112,-0.10003432670811421,559
43,local_only,D,0.10844861507858941,0.12931179959057656,-0.10657192339907419,559
43,local_only,E,0.03602960943023646,0.04927818110312332,-0.004147491969496399,559
43,local_only,F,0.093135761763494,0.11046020246785171,-0.0909565703007051,559
43,local_only,G,0.07455672463006464,0.09529691378897788,-0.06680945462979583,559
43,local_only,H,0.09974112829257199,0.11838760180897227,-0.09741069358902232,559
43,local_only,I,0.03097249622155174,0.04275338773087016,0.0003282294870222617,559
43,local_only,J,0.04414311322836124,0.05904939434216231,0.02699285716032701,559
43,local_only,K,0.10115684024549247,0.12133404410851627,-0.0991901009688385,559
43,local_only,L,0.10384167214665622,0.12591612555171647,-0.10152248127555911,559
43,local_only,M,0.04962356832404896,0.06573640063541286,0.012984178215598484,559
43,local_only,N,0.10752283013634024,0.12911039380162156,-0.1058519590531071,559
43,local_only,O,0.048980592432135525,0.06302063428553283,0.0008890261470470561,559
43,local_only,P,0.04018945789942601,0.05064971547750162,0.002967422366165598,559
43,local_only,Q,0.08412043486350415,0.1011886836936265,-0.08132860464325609,559
43,local_only,R,0.05119860586285431,0.06542976696011256,0.00229446548462074,559
43,local_only,S,0.07772262354318073,0.10068496287064185,-0.06901532825963881,559
43,local_only,T,0.09424846200324505,0.12323340702386427,-0.08535743613524549,559
43,local_only,U,0.04740083973467892,0.06072311345649249,0.021701294053708804,559
43,local_only,V,0.03630056497308739,0.04837206258084133,0.016491538508720646,559
43,local_only,W,0.11014431553270573,0.1283652765056577,-0.1088935775712241,559
43,local_only,X,0.0782385387712813,0.09995679049221749,-0.06788725093047072,559
43,local_only,Y,0.03170598711700167,0.042644028115219196,0.004622958841681987,559
43,local_only,Z,0.11104174241863445,0.13661683986078368,-0.10923379122184619,559
43,local_only,S26,0.05170185918045482,0.06874265549469984,0.0014934028041289123,559
43,local_only,S27,0.09007040829246127,0.10827699060862596,-0.08746788530295618,559
43,local_only,S28,0.052518503925778066,0.06745196484035625,0.025488601288173433,559
43,local_only,S29,0.03319335647799118,0.04496050053152838,-0.004731672353961726,559
43,local_only,S30,0.06460885043349283,0.09062533464358824,-0.03915385269536595,559
43,local_only,S31,0.0532448624804481,0.07120796778223598,0.009533288545322594,559
43,local_only,S32,0.08828860686146255,0.10701588147265781,-0.08484152480783916,559
43,local_only,S33,0.08611551200061343,0.10864005463384678,-0.0795855193044024,559
43,local_only,S34,0.04561967330947077,0.05916868390774691,0.02242801268350738,559
43,local_only,S35,0.05233058200612638,0.0665708840699314,0.031140728030613688,559
43,local_only,S36,0.04411958852801172,0.05645913753405869,0.019142978660152535,559
43,local_only,S37,0.08027424485928109,0.1005648520434233,-0.0742953489248725,559
43,local_only,S38,0.09379174436062694,0.11376572625529785,-0.09139333763709609,559
43,local_only,S39,0.11459073419237013,0.1345345524700361,-0.11312987417051792,559
43,local_only,S40,0.05247137215145079,0.06922187900823727,-0.015684316804455943,559
43,local_only,S41,0.04854275837119115,0.06051041568376908,0.019551630024856527,559
43,local_only,S42,0.1055881103179176,0.12668376828103625,-0.10367509015387653,559
43,local_only,S43,0.11059136695435941,0.14524327335876502,-0.10616516756466116,559
43,local_only,S44,0.10157300763153712,0.12809644752597202,-0.09772100946732691,559
43,local_only,S45,0.08249565375202847,0.11350082237578869,-0.06274596922949693,559
43,local_only,S46,0.10668950714212584,0.130669663977849,-0.10461293010012795,559
43,local_only,S47,0.08093121521339847,0.10222719017059942,-0.07505713861847166,559
43,local_only,S48,0.039653972616379214,0.051743615139965,0.013659319738325978,559
43,local_only,S49,0.047541652547240534,0.06119586075628872,0.02275523902495993,559
43,local_only,S50,0.04761445099756135,0.0620285148593253,0.027970742893676823,559
43,local_only,S51,0.09297419386859217,0.12706801051422031,-0.08239572698605283,559
43,local_only,S52,0.11843912892480096,0.1394904402675351,-0.11690672139065716,559
43,local_only,S53,0.12137961798607437,0.13996100494432334,-0.12044082566460991,559
43,local_only,S54,0.0816998648580517,0.11028806608532411,-0.06198244853351725,559
43,local_only,S55,0.032697833201486434,0.043046106010190634,0.0008375838678829999,559
43,local_only,S56,0.10282958250564452,0.12115706261431103,-0.10154459923664058,559
43,local_only,S57,0.12736260806960478,0.14861514021925676,-0.12630397951688987,559
43,local_only,S58,0.12177956594555757,0.1399763684522433,-0.12111127061797688,559
43,local_only,S59,0.032312446769513524,0.04311160854770655,0.0010399730311296813,559
43,local_only,S60,0.08969461836323996,0.1144951759159936,-0.08529190401661614,559
43,local_only,S61,0.09184859977070449,0.10822907465836644,-0.09009061592601053,559
43,local_only,S62,0.10460367768352946,0.12539429255778842,-0.10295119528630158,559
43,local_only,S63,0.09504074369603435,0.11481332729069874,-0.09183603146166353,559
43,local_only,S64,0.0435137599891998,0.0561090472655904,0.02080536913480743,559
43,local_only,S65,0.10489871935654026,0.12559493408725136,-0.10247006176967567,559
43,local_only,S66,0.1048515860090442,0.12387838722321168,-0.10358646629446508,559
43,local_only,S67,0.05070210242067499,0.06536151425282462,0.029562159444743597,559
43,local_only,S68,0.08566847259000386,0.10121466849518525,-0.08338251217471561,559
43,local_only,S69,0.09121525962420528,0.11311121049033496,-0.08669253239159894,559
43,local_only,S70,0.1401915342991054,0.15889241607394805,-0.13982726440445603,559
43,local_only,S71,0.08957523853503074,0.11190809328817135,-0.08682549716438265,559
43,local_only,S72,0.07917897463322172,0.10009646229834285,-0.07313857197012645,559
43,local_only,S73,0.08435478597385426,0.10602656421894069,-0.07826538394769231,559
43,local_only,S74,0.09318668282655783,0.11623458786499914,-0.08969771164287821,559
43,local_only,S75,0.08306799490256352,0.10591692515938063,-0.07682423810357951,559
43,local_only,S76,0.09317563648042462,0.11693423449845923,-0.08982648413176891,559
43,local_only,S77,0.06803084414265717,0.08817350052191734,-0.05708735045845319,559
43,local_only,S78,0.12348091024039097,0.1411216287146902,-0.1227166660426581,559
43,local_only,S79,0.07116182812232165,0.09082748785392633,-0.06407820428734103,559
43,local_only,S80,0.09685916069366891,0.11887502852313901,-0.09410102506441419,559
43,local_only,S81,0.09196635219260692,0.11803608369259475,-0.08584684185044485,559
43,local_only,S82,0.03210592662335802,0.04309570985704801,0.0025746542668846403,559
43,local_only,S83,0.048548184264008094,0.06095846808294527,0.02992543756290404,559
43,local_only,S84,0.08169559730914103,0.10044475510351024,-0.07787716755587674,559
43,local_only,S85,0.13041703978200211,0.1485337271837576,-0.12994804809849597,559
43,local_only,S86,0.04768336318809812,0.06316484800573655,0.02043308341569119,559
43,local_only,S87,0.04034291382181672,0.05245259774734877,0.01737339037787798,559
43,local_only,S88,0.08748194778794469,0.1057103854400587,-0.0847358798867411,559
43,local_only,S89,0.04536573352201172,0.057005451742476516,0.025105218427355296,559
43,local_only,S90,0.04610431725562263,0.0593933747349609,0.015131250656472705,559
43,local_only,S91,0.09168183140761564,0.10991310543407937,-0.0890694139937642,559
43,local_only,S92,0.04932261322881553,0.06510715600926817,0.021393354699325504,559
43,local_only,S93,0.04690205905968007,0.06210214500880401,0.030551912096847177,559
43,local_only,S94,0.04858861178532909,0.05988335417335951,0.016799800564436664,559
43,local_only,S95,0.1012604241975798,0.11927950829464824,-0.09941068006852685,559
43,local_only,S96,0.08220630556833139,0.1066930932678715,-0.07741580410920457,559
43,local_only,S97,0.09610935986518773,0.1269824791603876,-0.08795107331490387,559
43,local_only,S98,0.09894341646488723,0.12155159586248297,-0.09666734950097147,559
43,local_only,S99,0.09501851437193107,0.11418860285350958,-0.09203147194262891,559
43,fedavg,A,0.07886154351240333,0.09779072426655122,-0.0740206670118096,559
43,fedavg,B,0.040815621337527246,0.05256819348864321,0.0013997288040624356,559
43,fedavg,C,0.08781973144609301,0.10818110336382715,-0.08340490865312876,559
43,fedavg,D,0.07312494981284245,0.09157130213094578,-0.06614154820915225,559
43,fedavg,E,0.03832989302567958,0.049482849412454094,0.0073910349134892256,559
43,fedavg,F,0.07310720576783092,0.09141120505798661,-0.06672787775280543,559
43,fedavg,G,0.0805574486364089,0.10047366929438595,-0.07400171118534349,559
43,fedavg,H,0.07390760363561513,0.09258389497717674,-0.0668550866343829,559
43,fedavg,I,0.03818566642188482,0.049133288090734556,0.006776586929686061,559
43,fedavg,J,0.0404962749678699,0.0513953333383999,0.0080365530740114,559
43,fedavg,K,0.07381124743967994,0.09543121389113021,-0.06562602468140982,559
43,fedavg,L,0.07315479933695737,0.09231555860988488,-0.0660884511258873,559
43,fedavg,M,0.044285512772557024,0.058768626612701935,-0.005374853709156163,559
43,fedavg,N,0.07384843953297023,0.09286735510614856,-0.06724196978576467,559
43,fedavg,O,0.04382859630509066,0.05882274646718012,-0.008967525292056102,559
43,fedavg,P,0.03821854204420927,0.04880695903511549,0.006595954660089663,559
43,fedavg,Q,0.0752258101118365,0.09436370568974778,-0.06895313013398446,559
43,fedavg,R,0.04352477909280704,0.058331529559653046,-0.006507584643558547,559
43,fedavg,S,0.08427215836257448,0.10414984544342128,-0.07892977155300193,559
43,fedavg,T,0.06077153734291765,0.0824904126606903,-0.045339610195724536,559
43,fedavg,U,0.040301357487176295,0.05154910494994798,0.004529925452704914,559
43,fedavg,V,0.038273174136017794,0.0488733456736449,0.0069964652123910166,559
43,fedavg,W,0.07255047088778048,0.09124092370421137,-0.06553417358460034,559
43,fedavg,X,0.08134191852122918,0.10004191497801208,-0.07678841848479508,559
43,fedavg,Y,0.039672765265633764,0.050830948975795855,0.008087904685241886,559
43,fedavg,Z,0.07784952779428797,0.09956231211350676,-0.07058760498805315,559
43,fedavg,S26,0.04624082967012118,0.062224516984068015,-0.007436586569845576,559
43,fedavg,S27,0.0872266480319322,0.1072778988612603,-0.08283846393020987,559
43,fedavg,S28,0.04357521395925399,0.05819610651416005,0.000995554261939177,559
43,fedavg,S29,0.039924008892253476,0.05099724398878793,0.008252216463559515,559
43,fedavg,S30,0.04907246374055303,0.06848777714160696,-0.02572198796472537,559
43,fedavg,S31,0.04529669548979209,0.06058243432514055,-0.005501481447946147,559
43,fedavg,S32,0.07267181168339291,0.09073252334960773,-0.06535756679505654,559
43,fedavg,S33,0.07543190330440222,0.09505505231747842,-0.06843835859491168,559
43,fedavg,S34,0.03919255790692814,0.05024981907448912,0.006986148847583165,559
43,fedavg,S35,0.040549841722763394,0.052318764064912315,0.005101622920316746,559
43,fedavg,S36,0.03914994100560243,0.049816868922987693,0.005477680072058426,559
43,fedavg,S37,0.08806172263414319,0.10797637289864094,-0.08414823520146202,559
43,fedavg,S38,0.08620280861456367,0.1062280078807275,-0.08209241787763062,559
43,fedavg,S39,0.07469532872930883,0.09231770651992016,-0.06882550873504602,559
43,fedavg,S40,0.04675513493023773,0.06478139193310868,-0.017824575543230355,559
43,fedavg,S41,0.041137949374674326,0.05272998859918074,0.005090552145175383,559
43,fedavg,S42,0.08778854768493334,0.10802059741978225,-0.08271359401456811,559
43,fedavg,S43,0.05487353134169768,0.07609309261946194,-0.03712379096108381,559
43,fedavg,S44,0.07914931095231904,0.10101086744012999,-0.07266175965545282,559
43,fedavg,S45,0.051614440024696284,0.07113062828986329,-0.031017158780357764,559
43,fedavg,S46,0.07824625385123803,0.09957597705063637,-0.07098542285494987,559
43,fedavg,S47,0.08602390663026897,0.10546548713608378,-0.08126388678921984,559
43,fedavg,S48,0.03797277835137769,0.04885785743647992,0.006413418705923372,559
43,fedavg,S49,0.040685430485030476,0.05209757663971942,0.006551107257806191,559
43,fedavg,S50,0.039247900207172115,0.0500797848266754,0.006998978901324604,559
43,fedavg,S51,0.05344240666760302,0.07462378283023384,-0.03316654992116572,559
43,fedavg,S52,0.07527643461396821,0.09337244255006334,-0.06887963054908276,559
43,fedavg,S53,0.0745832114551243,0.09235098027989183,-0.0681309404167345,559
43,fedavg,S54,0.06122432292850558,0.08305964176318346,-0.046076544438037284,559
43,fedavg,S55,0.037949284480314885,0.048612515795498475,0.006621575111286691,559
43,fedavg,S56,0.07246357768612426,0.09106658136080209,-0.06590772894284419,559
43,fedavg,S57,0.07609453104231889,0.09425020175075882,-0.07075397886157998,559
43,fedavg,S58,0.0743525275583204,0.09397221707325136,-0.06746568126738911,559
43,fedavg,S59,0.038087128952298856,0.049009676886369445,0.007416339043847723,559
43,fedavg,S60,0.0840195020725734,0.10373412826807311,-0.07980277947498375,559
43,fedavg,S61,0.07134951487281868,0.08940819423333303,-0.06464625174081376,559
43,fedavg,S62,0.07424030105298267,0.09440430651541848,-0.06699318425643028,559
43,fedavg,S63,0.07340460836632037,0.09197691335066523,-0.06653468616917806,559
43,fedavg,S64,0.039287029719105145,0.05019394321727911,0.008102237680312147,559
43,fedavg,S65,0.07271520161962933,0.09214901753057234,-0.06524877914240873,559
43,fedavg,S66,0.07422042650850373,0.09208220065906904,-0.06739475520216062,559
43,fedavg,S67,0.040936231103347535,0.052971961945316844,0.0053544732057264535,559
43,fedavg,S68,0.07416874109677306,0.09272467458123326,-0.06742496320026388,559
43,fedavg,S69,0.07471744501288508,0.09411404588753099,-0.06758856558497522,559
43,fedavg,S70,0.07592699475651911,0.09409964388336521,-0.06978797528898274,559
43,fedavg,S71,0.07656395114368504,0.09685562151724429,-0.07073683163970843,559
43,fedavg,S72,0.07449015355331587,0.0937083629859706,-0.0671483593101968,559
43,fedavg,S73,0.07781247604844095,0.09723345048883603,-0.07117361064366363,559
43,fedavg,S74,0.07976012637635463,0.09865853210437697,-0.07476237922080514,559
43,fedavg,S75,0.08737123311390643,0.10739828885411641,-0.0828080070175877,559
43,fedavg,S76,0.07756608213378045,0.09800563814503306,-0.07127198180335431,559
43,fedavg,S77,0.08003463563617579,0.0991808520904089,-0.07416539217557006,559
43,fedavg,S78,0.0745915108258721,0.09344044195719937,-0.06818105926993762,559
43,fedavg,S79,0.08035039485907865,0.09918827498828689,-0.075327832498571,559
43,fedavg,S80,0.08764610456491026,0.10753878486818387,-0.08297574930251218,559
43,fedavg,S81,0.08605191506285988,0.10673129031736009,-0.08055645910047235,559
43,fedavg,S82,0.03946048643503318,0.05043458450060137,0.007689830533033887,559
43,fedavg,S83,0.03806064410213454,0.048872251643207645,0.00457630550600455,559
43,fedavg,S84,0.07742684502142093,0.09622550533768398,-0.07166782534353881,559
43,fedavg,S85,0.07569241503166944,0.09354443749353404,-0.06976390392177993,559
43,fedavg,S86,0.04070181684062045,0.05268119049576108,0.0017884212016246294,559
43,fedavg,S87,0.0379441144850098,0.048474412540985494,0.006513778753769218,559
43,fedavg,S88,0.07875820504118167,0.09797520850618778,-0.07269054582179128,559
43,fedavg,S89,0.03925736816882153,0.050474875554257025,0.005273758041560367,559
43,fedavg,S90,0.04074696528017046,0.05178792952183942,0.00617023693660669,559
43,fedavg,S91,0.07270596922401919,0.09234305200413993,-0.0650644065218283,559
43,fedavg,S92,0.04148086937509264,0.05410090662348899,0.0028936852087068483,559
43,fedavg,S93,0.0399200575853563,0.05113208674542943,0.00811141307885577,559
43,fedavg,S94,0.039663416126906235,0.050890511457826484,0.0037937464678996576,559
43,fedavg,S95,0.0733604201678793,0.0917670403436718,-0.06666633688423229,559
43,fedavg,S96,0.06267618005953676,0.08369315036325946,-0.051482754969829445,559
43,fedavg,S97,0.060960663760946554,0.08265842069560053,-0.047135682648453595,559
43,fedavg,S98,0.07088289230192257,0.09179827534188267,-0.06192996395811812,559
43,fedavg,S99,0.07344856298949706,0.09144446765524927,-0.06674773350500873,559
43,reliability_fedavg,A,0.07915615743590096,0.09792247040018756,-0.07438780160804907,559
43,reliability_fedavg,B,0.04075775079206107,0.05251687864540349,0.0014182925120696645,559
43,reliability_fedavg,C,0.08813707818392137,0.10832387928233868,-0.08377789334129136,559
43,reliability_fedavg,D,0.07339861782181055,0.09170511762259585,-0.06652064819791903,559
43,reliability_fedavg,E,0.03832257843483906,0.049482976779044945,0.007511374758671443,559
43,reliability_fedavg,F,0.07337566231559023,0.09153785169942968,-0.0670776013951342,559
43,reliability_fedavg,G,0.08083218133201146,0.10059511624685549,-0.07435835665695815,559
43,reliability_fedavg,H,0.07420184225777383,0.09273572888696908,-0.06724925558901207,559
43,reliability_fedavg,I,0.038186661360955304,0.04914690827541808,0.006891172114353167,559
43,reliability_fedavg,J,0.040505063387514084,0.05140368031126711,0.008173855158888979,559
43,reliability_fedavg,K,0.07404262733933444,0.09552919957385062,-0.06597767523847572,559
43,reliability_fedavg,L,0.0734129903108308,0.09244202707543539,-0.06645333755941318,559
43,reliability_fedavg,M,0.04420021523376644,0.058676398393678275,-0.005446531906497393,559
43,reliability_fedavg,N,0.07410993851797926,0.09298960448432426,-0.06759981557390318,559
43,reliability_fedavg,O,0.04375721593271322,0.0587280795380905,-0.009072589747642487,559
43,reliability_fedavg,P,0.03821942651909251,0.048820870040456626,0.0067080789806291275,559
43,reliability_fedavg,Q,0.07546884890392633,0.09446285861884425,-0.06929650254954242,559
43,reliability_fedavg,R,0.04344750949129969,0.05823436443192069,-0.006590374902037367,559
43,reliability_fedavg,S,0.08457972888571538,0.10429895157438698,-0.07931901909925763,559
43,reliability_fedavg,T,0.06087113901681628,0.08251420708473842,-0.04565749546125188,559
43,reliability_fedavg,U,0.040258769995141094,0.051507491693151726,0.004573034671979622,559
43,reliability_fedavg,V,0.03827968978204128,0.048889343138330585,0.007103395092099895,559
43,reliability_fedavg,W,0.07283360100082259,0.09137819905456408,-0.0659230817362508,559
43,reliability_fedavg,X,0.08165161839098219,0.10019532413064103,-0.07716239647263384,559
43,reliability_fedavg,Y,0.03968581505751234,0.05084184971942731,0.008199934360749473,559
43,reliability_fedavg,Z,0.07809354465168256,0.09966131427189906,-0.07094560879780802,559
43,reliability_fedavg,S26,0.04617002899523188,0.06214418225932597,-0.007536341813672001,559
43,reliability_fedavg,S27,0.0875249565637309,0.107415417444143,-0.08321026418931209,559
43,reliability_fedavg,S28,0.043536161487815445,0.058149199218848736,0.00098077702162744,559
43,reliability_fedavg,S29,0.03994053194754589,0.05101653510218306,0.008371310289103658,559
43,reliability_fedavg,S30,0.04905278389158864,0.06843802414656143,-0.025922665301267196,559
43,reliability_fedavg,S31,0.0452056743190224,0.06048300883218127,-0.0055770331341648315,559
43,reliability_fedavg,S32,0.07294236508310332,0.09086348559081564,-0.06571835048440702,559
43,reliability_fedavg,S33,0.0756787463975987,0.09517357372601276,-0.06879705140343825,559
43,reliability_fedavg,S34,0.03919813533958959,0.05025589868673187,0.007092778171670468,559
43,reliability_fedavg,S35,0.04051264518562018,0.05227466084396913,0.005145009330512159,559
43,reliability_fedavg,S36,0.039128491878659466,0.04979862691249083,0.0055620434776461666,559
43,reliability_fedavg,S37,0.0883642287350827,0.10813207901123703,-0.08451408275322071,559
43,reliability_fedavg,S38,0.08647811819036193,0.10636879587211164,-0.08244768836392233,559
43,reliability_fedavg,S39,0.07500201553228762,0.09247573981303846,-0.06921534353766377,559
43,reliability_fedavg,S40,0.0466961275381311,0.06470456071464396,-0.01798928637484052,559
43,reliability_fedavg,S41,0.04112593009538969,0.05270059712605313,0.005146217485389977,559
43,reliability_fedavg,S42,0.08808028945626029,0.10816480218239481,-0.08309282495495272,559
43,reliability_fedavg,S43,0.054916143171407604,0.07607313315803138,-0.03740177649487317,559
43,reliability_fedavg,S44,0.07938837077450307,0.10112038307821335,-0.07301205475331486,559
43,reliability_fedavg,S45,0.051612440896639515,0.07109666812303349,-0.03124794527258947,559
43,reliability_fedavg,S46,0.07849070417514814,0.0996748701431447,-0.07133921411443228,559
43,reliability_fedavg,S47,0.08631289194001482,0.10560754252680876,-0.08162014910906273,559
43,reliability_fedavg,S48,0.03797372066988968,0.04887364697036202,0.006529566753165853,559
43,reliability_fedavg,S49,0.04067291412273445,0.05209106127662913,0.006635864342942714,559
43,reliability_fedavg,S50,0.039240228308344755,0.05008405097700504,0.007112376991249554,559
43,reliability_fedavg,S51,0.053435086198934154,0.0745924728886549,-0.03342098107749733,559
43,reliability_fedavg,S52,0.07558532342338045,0.093527723061307,-0.06927858576201876,559
43,reliability_fedavg,S53,0.07485245239307807,0.09249584549616947,-0.0685233347870123,559
43,reliability_fedavg,S54,0.06130583807809382,0.08308332290820807,-0.046384956343649274,559
43,reliability_fedavg,S55,0.03795736125622058,0.04862781316175765,0.006723175146858573,559
43,reliability_fedavg,S56,0.07274655849432943,0.09120244750666241,-0.06628828442052394,559
43,reliability_fedavg,S57,0.07639400106498619,0.0944157415457357,-0.07114954431358415,559
43,reliability_fedavg,S58,0.07465454762549954,0.09413273252287724,-0.06787369252109238,559
43,reliability_fedavg,S59,0.03808637772318582,0.04902438556877762,0.007531408302999087,559
43,reliability_fedavg,S60,0.08432505118255779,0.10388068155705876,-0.08017699878699477,559
43,reliability_fedavg,S61,0.07162431707607386,0.0895495989255075,-0.06502330400614478,559
43,reliability_fedavg,S62,0.07448543709687587,0.09452121557217211,-0.06735749472275648,559
43,reliability_fedavg,S63,0.07367289385727935,0.09210415821066187,-0.06690721773142196,559
43,reliability_fedavg,S64,0.03928884414207084,0.05020228815952504,0.008212604156981867,559
43,reliability_fedavg,S65,0.0730012414309701,0.09228983611882505,-0.06564367356233645,559
43,reliability_fedavg,S66,0.07451957507660423,0.09224744853801761,-0.06779504170989507,559
43,reliability_fedavg,S67,0.040904532308308726,0.05293098809419512,0.005402179873066959,559
43,reliability_fedavg,S68,0.07441347046425272,0.09284289191390831,-0.06777183786852511,559
43,reliability_fedavg,S69,0.07496696834249192,0.09422217775202693,-0.06793844306379997,559
43,reliability_fedavg,S70,0.07622986512287493,0.09425327156645351,-0.07018124350973581,559
43,reliability_fedavg,S71,0.07682144214284202,0.09697551475294719,-0.0710881246222193,559
43,reliability_fedavg,S72,0.07474645827076362,0.09383242841669033,-0.06751417756611265,559
43,reliability_fedavg,S73,0.07808326173566235,0.09735024434374322,-0.07153504758499303,559
43,reliability_fedavg,S74,0.08003751045236221,0.09879297461849082,-0.07512250408690176,559
43,reliability_fedavg,S75,0.08767043330293475,0.10753194177029757,-0.08317966518252222,559
43,reliability_fedavg,S76,0.07781317754708655,0.09813453652757488,-0.07163750359547012,559
43,reliability_fedavg,S77,0.08031221561313795,0.09931908674796074,-0.07453403456139916,559
43,reliability_fedavg,S78,0.07489640273866852,0.09359244601966603,-0.06857866706070032,559
43,reliability_fedavg,S79,0.08064659956816837,0.09933652762765556,-0.07571350297976405,559
43,reliability_fedavg,S80,0.08797198320382436,0.10769677376299742,-0.08337597183388373,559
43,reliability_fedavg,S81,0.08637269411922982,0.10688360988140191,-0.08095075963315457,559
43,reliability_fedavg,S82,0.03946268560917971,0.050442627110186766,0.00780012763533508,559
43,reliability_fedavg,S83,0.03803178356512248,0.04883509062251705,0.004635764417956601,559
43,reliability_fedavg,S84,0.07769057582184999,0.09634102859681858,-0.07201794060117904,559
43,reliability_fedavg,S85,0.07600015375933115,0.09370968534576075,-0.07017797989477545,559
43,reliability_fedavg,S86,0.04065970286696963,0.05261456695418947,0.0018012477826387064,559
43,reliability_fedavg,S87,0.037943037043087983,0.04848075793234755,0.006610246392254124,559
43,reliability_fedavg,S88,0.07903669726776524,0.09810763217808763,-0.0730556874210421,559
43,reliability_fedavg,S89,0.0392523989647736,0.050459989473765426,0.0053480467544048055,559
43,reliability_fedavg,S90,0.040724690296686766,0.05176202687749056,0.006244617362233039,559
43,reliability_fedavg,S91,0.07296254525455931,0.09248561143644786,-0.06544929210634733,559
43,reliability_fedavg,S92,0.041413977669305393,0.054035289263474603,0.002919783879467994,559
43,reliability_fedavg,S93,0.03991876365008809,0.051132502540848966,0.008224462844141507,559
43,reliability_fedavg,S94,0.03963202437842415,0.0508475226528178,0.00384518326375107,559
43,reliability_fedavg,S95,0.07361995521183118,0.09190368693936198,-0.0670391707081341,559
43,reliability_fedavg,S96,0.06281215035646474,0.08373597894342345,-0.051801257427325324,559
43,reliability_fedavg,S97,0.06105927067570822,0.08268765021599865,-0.04745638969143003,559
43,reliability_fedavg,S98,0.07105611037039773,0.09187842450719942,-0.062278660899777905,559
43,reliability_fedavg,S99,0.07370630932098408,0.09156920733981302,-0.06711005344010193,559
43,reliability_fedavg_event,A,0.07974222363768335,0.09759094818521344,-0.07605677184691297,559
43,reliability_fedavg_event,B,0.039470443736617275,0.05076506632704163,0.0007721090832269503,559
43,reliability_fedavg_event,C,0.08875015892474937,0.10807336287673529,-0.08557915002480816,559
43,reliability_fedavg_event,D,0.07341630570007378,0.0911213775145987,-0.06791560863409597,559
43,reliability_fedavg_event,E,0.03736803562264583,0.048407906306700145,0.007090947398964202,559
43,reliability_fedavg_event,F,0.07372724687037506,0.0910015808343691,-0.06857729890785298,559
43,reliability_fedavg_event,G,0.08096783505257032,0.10009303573358744,-0.07597127897695727,559
43,reliability_fedavg_event,H,0.0745459256106646,0.09222355891733049,-0.06851687127474798,559
43,reliability_fedavg_event,I,0.037186016092053575,0.04802192886680629,0.006448484272471161,559
43,reliability_fedavg_event,J,0.03944352135123237,0.050265454967631046,0.007693328537150621,559
43,reliability_fedavg_event,K,0.07460617335489389,0.09504195579898345,-0.06819396920648278,559
43,reliability_fedavg_event,L,0.07358598496851533,0.09182711525200872,-0.06792532489676702,559
43,reliability_fedavg_event,M,0.042444397290512144,0.05636222579171612,-0.006251812076166085,559
43,reliability_fedavg_event,N,0.07440019825020262,0.09246051635430518,-0.06913099670782685,559
43,reliability_fedavg_event,O,0.04198342436718507,0.05619351908768986,-0.009886054255143066,559
43,reliability_fedavg_event,P,0.037237366330301745,0.047754175875494194,0.006251896497891793,559
43,reliability_fedavg_event,Q,0.07588399457503807,0.09397121091171981,-0.07087746594394546,559
43,reliability_fedavg_event,R,0.041742164466683364,0.05582152244931833,-0.007465064900465749,559
43,reliability_fedavg_event,S,0.08514346337830564,0.1040206066865805,-0.08100775948705648,559
43,reliability_fedavg_event,T,0.060334929974507276,0.08161143498846264,-0.04783744635678951,559
43,reliability_fedavg_event,U,0.038982588914027776,0.049948822425041076,0.004014389099206377,559
43,reliability_fedavg_event,V,0.03734528984607294,0.04779600877885182,0.006657803011568737,559
43,reliability_fedavg_event,W,0.07292222689656502,0.0907368140857903,-0.06721022618010739,559
43,reliability_fedavg_event,X,0.0821194810249671,0.09984759988036708,-0.07884825965679503,559
43,reliability_fedavg_event,Y,0.03869829699188831,0.049722322505218436,0.007774096613330016,559
43,reliability_fedavg_event,Z,0.07868929528872848,0.09918738509703758,-0.07304054644285353,559
43,reliability_fedavg_event,S26,0.04442182975545882,0.05974058802160561,-0.008395676188814838,559
43,reliability_fedavg_event,S27,0.08827243528906956,0.10726077895172423,-0.08514800294067491,559
43,reliability_fedavg_event,S28,0.04208638314499265,0.05643092874646358,0.0002854029720479186,559
43,reliability_fedavg_event,S29,0.03893429689054762,0.04996507157259881,0.007922109693462905,559
43,reliability_fedavg_event,S30,0.04802419670294364,0.06663157945332716,-0.02753123559919061,559
43,reliability_fedavg_event,S31,0.043298960938172544,0.058053844328080716,-0.006390878839159221,559
43,reliability_fedavg_event,S32,0.0731544066942651,0.09034316690165019,-0.06721587816547155,559
43,reliability_fedavg_event,S33,0.07587155405505291,0.09466661972455782,-0.07038492736388298,559
43,reliability_fedavg_event,S34,0.03805259316350577,0.04895426279543021,0.006517794606896877,559
43,reliability_fedavg_event,S35,0.03923952635311003,0.05076299618705344,0.0045666574218938515,559
43,reliability_fedavg_event,S36,0.03797828741180036,0.04838588627480891,0.004995264814773404,559
43,reliability_fedavg_event,S37,0.08922940886708365,0.10802797946794869,-0.0864255250202411,559
43,reliability_fedavg_event,S38,0.08714076556466946,0.10618993986575176,-0.08422892584385473,559
43,reliability_fedavg_event,S39,0.07527946891602169,0.09193942787566692,-0.07056443506750996,559
43,reliability_fedavg_event,S40,0.044907579617491505,0.06198720977130763,-0.01918825314068677,559
43,reliability_fedavg_event,S41,0.03993009808469124,0.0512734188527595,0.00454835307930991,559
43,reliability_fedavg_event,S42,0.08875655787805352,0.10793581860143901,-0.08491979468503903,559
43,reliability_fedavg_event,S43,0.054001144672267486,0.07472965162473881,-0.03942261271787664,559
43,reliability_fedavg_event,S44,0.07994384842438287,0.10072207748435577,-0.07504837722800779,559
43,reliability_fedavg_event,S45,0.050499858984524595,0.06955789671099319,-0.03306394561549169,559
43,reliability_fedavg_event,S46,0.07890307829691987,0.09919994764507552,-0.07337014172900941,559
43,reliability_fedavg_event,S47,0.08690459175370234,0.10532828075192711,-0.08337265961596906,559
43,reliability_fedavg_event,S48,0.03705631653621646,0.0477032701389735,0.006065577341490201,559
43,reliability_fedavg_event,S49,0.039531947191253185,0.05078683581661662,0.006120202249234246,559
43,reliability_fedavg_event,S50,0.03814621686007434,0.04885535035948607,0.006607335946757566,559
43,reliability_fedavg_event,S51,0.05245803497283518,0.07318295546035895,-0.03528402213378741,559
43,reliability_fedavg_event,S52,0.07554648671889001,0.09295732378316991,-0.0704590865004348,559
43,reliability_fedavg_event,S53,0.07484114891599551,0.09198729835849893,-0.0698201864976969,559
43,reliability_fedavg_event,S54,0.06097618424065398,0.08221231937066764,-0.048553212120136066,559
43,reliability_fedavg_event,S55,0.03701101096716838,0.047535050852730354,0.0063198503350075964,559
43,reliability_fedavg_event,S56,0.07286704821747016,0.09051058150327343,-0.06759431436682896,559
43,reliability_fedavg_event,S57,0.0766145201640042,0.0938991878938916,-0.07224194133666316,559
43,reliability_fedavg_event,S58,0.07474761526683456,0.09371137492314534,-0.06930895189484765,559
43,reliability_fedavg_event,S59,0.03721213683216085,0.04794585597551334,0.007135584919625137,559
43,reliability_fedavg_event,S60,0.08510855642398936,0.10362598835881776,-0.08206995497732582,559
43,reliability_fedavg_event,S61,0.071828628829822,0.08903557226742007,-0.0664535514849583,559
43,reliability_fedavg_event,S62,0.07469784286016247,0.0940142122871678,-0.06888477800347116,559
43,reliability_fedavg_event,S63,0.0739384787593475,0.09162409365067403,-0.06839139363218236,559
43,reliability_fedavg_event,S64,0.038317208928272645,0.04900594427806161,0.007781199639628113,559
43,reliability_fedavg_event,S65,0.07304801713560304,0.09162305183666432,-0.067041123118868,559
43,reliability_fedavg_event,S66,0.07485054936618186,0.09181066535783088,-0.06917831782303244,559
43,reliability_fedavg_event,S67,0.039725989216608734,0.0515215873676929,0.0048568712494107815,559
43,reliability_fedavg_event,S68,0.07461243404063737,0.09236656935643925,-0.06930459476025981,559
43,reliability_fedavg_event,S69,0.07510948163533854,0.09368618004963188,-0.06952796448297026,559
43,reliability_fedavg_event,S70,0.07623790852444463,0.09364515350208344,-0.07134739345694831,559
43,reliability_fedavg_event,S71,0.07754894164982311,0.09667432489685888,-0.07328170240974997,559
43,reliability_fedavg_event,S72,0.07490742506566815,0.09327732276578489,-0.06908424769187503,559
43,reliability_fedavg_event,S73,0.07828715607696354,0.09696566761199603,-0.07318238131781084,559
43,reliability_fedavg_event,S74,0.08059601964885518,0.09852774420861897,-0.07682392173754934,559
43,reliability_fedavg_event,S75,0.0884052400034894,0.10725931998590836,-0.08502905938752689,559
43,reliability_fedavg_event,S76,0.07839519942977413,0.09789690789819148,-0.07377104707030642,559
43,reliability_fedavg_event,S77,0.08078737536441928,0.09896328527114753,-0.07608788238741684,559
43,reliability_fedavg_event,S78,0.07510118104004317,0.0930008340985463,-0.0698784010264896,559
43,reliability_fedavg_event,S79,0.08111151290515167,0.0989927667288583,-0.07731315029775873,559
43,reliability_fedavg_event,S80,0.0885062011750998,0.10735273212422476,-0.08512370929093649,559
43,reliability_fedavg_event,S81,0.08679366143943999,0.10643326967396147,-0.08254872617214,559
43,reliability_fedavg_event,S82,0.03842035503491546,0.04931719885492134,0.007393027218441897,559
43,reliability_fedavg_event,S83,0.036945093576821346,0.04742774210835719,0.004188253874565626,559
43,reliability_fedavg_event,S84,0.07802704314860368,0.0959079396922325,-0.073606576760756,559
43,reliability_fedavg_event,S85,0.07605249811320404,0.09312335394012887,-0.07129715166549483,559
43,reliability_fedavg_event,S86,0.03924555418353148,0.05089508883928219,0.001172766051953242,559
43,reliability_fedavg_event,S87,0.03686213963795749,0.04722078287850386,0.006120488741067538,559
43,reliability_fedavg_event,S88,0.07932685113243641,0.09764491098788933,-0.07460679023458197,559
43,reliability_fedavg_event,S89,0.038053878164158346,0.049166508539090416,0.004808036709770357,559
43,reliability_fedavg_event,S90,0.039591552232704934,0.05044196991059897,0.005625744194843205,559
43,reliability_fedavg_event,S91,0.0729776570046144,0.09187810536107466,-0.06693663900886364,559
43,reliability_fedavg_event,S92,0.040046687949738716,0.05242015569862426,0.0022866141941558322,559
43,reliability_fedavg_event,S93,0.0388886450305881,0.04993521654097443,0.007761617862970996,559
43,reliability_fedavg_event,S94,0.03839781171473973,0.04937445484145939,0.0032430546231607847,559
43,reliability_fedavg_event,S95,0.07380525658926751,0.0913352877161408,-0.06851827108412847,559
43,reliability_fedavg_event,S96,0.06275047975499017,0.08294055170114238,-0.05398975475857864,559
43,reliability_fedavg_event,S97,0.060652587764560846,0.08176098665296179,-0.04952601077675094,559
43,reliability_fedavg_event,S98,0.07132622166678362,0.09125621538460325,-0.06445548149185631,559
43,reliability_fedavg_event,S99,0.07389511508366912,0.09095613926203898,-0.0685454647443907,559
44,persistence,A,0.08406493071614964,0.09525276244597605,-0.0007210780690675718,559
44,persistence,B,0.08806574490081272,0.09988145202151877,-0.0007199369294298996,559
44,persistence,C,0.09143206680673366,0.10382839486462181,-0.0009277970996587029,559
44,persistence,D,0.08937608930432239,0.10130506650245692,-0.000721037229989557,559
44,persistence,E,0.08832475062121707,0.10040769356039968,-0.0005853642952276064,559
44,persistence,F,0.08531220352746986,0.09733791424928384,-0.0007563498102741613,559
44,persistence,G,0.08664605733671947,0.0980372056817214,-0.0008630449546264461,559
44,persistence,H,0.0836921234394187,0.09542744298227004,-0.0007387924705522072,559
44,persistence,I,0.0846987686317609,0.09611033418297478,-0.0007635707772680107,559
44,persistence,J,0.08694065118159379,0.09854764457907812,-0.0007675078575464369,559
44,persistence,K,0.08658995395709555,0.09840241656450793,-0.0007970476029890595,559
44,persistence,L,0.08269341692764959,0.09411420845721925,-0.0003439362730650974,559
44,persistence,M,0.08266794881058694,0.09367157267971521,-0.0006774422889225492,559
44,persistence,N,0.0837758163694952,0.09498325717312874,-0.0006963799654277898,559
44,persistence,O,0.08785798060276657,0.09962139103017235,-0.0007094065940935558,559
44,persistence,P,0.08245102378493091,0.09342634233062429,-0.0007153902521893409,559
44,persistence,Q,0.08446694937224745,0.09567830572488274,-0.0007048557176752839,559
44,persistence,R,0.08498427759704374,0.09627447326472119,-0.0006709546246440925,559
44,persistence,S,0.0879844188977996,0.09974005035740807,-0.0007443642395770108,559
44,persistence,T,0.08419649643666896,0.09548668724270376,-0.0007315608664467424,559
44,persistence,U,0.09085894347320948,0.10284087155528249,-0.0006721325288235154,559
44,persistence,V,0.08979983044712124,0.10173483849113046,-0.0007882827359711092,559
44,persistence,W,0.08345933826407001,0.0945190701068837,-0.0006880889303502435,559
44,persistence,X,0.09152789202590401,0.1036440115181047,-0.0007707503281053895,559
44,persistence,Y,0.09087005934356471,0.1029638717944515,-0.0007430820814158921,559
44,persistence,Z,0.08716616995048697,0.09882738245652219,-0.0007525337870401032,559
44,persistence,S26,0.08940188794551761,0.10138960238296639,-0.0007256136245838965,559
44,persistence,S27,0.08321892732571293,0.09419431605584541,-0.0007292323529512883,559
44,persistence,S28,0.08355214826559418,0.09482759602538017,-0.0008545042188881441,559
44,persistence,S29,0.09058697871349032,0.10267376940675371,-0.0007567690932800017,559
44,persistence,S30,0.0824474184079848,0.09380645088974936,-0.0006326181993279139,559
44,persistence,S31,0.08247839508164584,0.09353387114883631,-0.000683680666658081,559
44,persistence,S32,0.08428411883015055,0.09563593817253851,-0.0004954276751595247,559
44,persistence,S33,0.08752805187407721,0.09996168301026918,-0.0009211404959226364,559
44,persistence,S34,0.08888993913279464,0.10078421831622715,-0.0005516690374493652,559
44,persistence,S35,0.0875693641116506,0.0992692185651432,-0.0006524441074013497,559
44,persistence,S36,0.08532167820169129,0.09666839063195792,-0.0006387793762636019,559
44,persistence,S37,0.08676241852740019,0.09845050798707008,-0.0007957094981025218,559
44,persistence,S38,0.08623805106003155,0.09810584648039497,-0.0008188498476961684,559
44,persistence,S39,0.086043608497817,0.0975423341186478,-0.0005353443521472304,559
44,persistence,S40,0.08231853722379757,0.09395731930322902,-0.00047420182103734325,559
44,persistence,S41,0.08341052013952362,0.09456325607727246,-0.0007431447186251337,559
44,persistence,S42,0.0893038326402883,0.10130412430675448,-0.000787363055267093,559
44,persistence,S43,0.08440064116816781,0.09568237936539793,-0.0008353528744509454,559
44,persistence,S44,0.08151473024025332,0.09244066890034328,-0.0006484963272220067,559
44,persistence,S45,0.09207138965699375,0.1049646734012411,-0.0007767514159073237,559
44,persistence,S46,0.0845554072888025,0.09576187632290512,-0.0007100449183585926,559
44,persistence,S47,0.0882698054840265,0.10012542773364194,-0.0009592484019710041,559
44,persistence,S48,0.08665223452917026,0.09844214089168195,-0.000582916499526833,559
44,persistence,S49,0.08717393723594721,0.0993454792960873,-0.0006674321956452721,559
44,persistence,S50,0.09268798622217743,0.10503467632656421,-0.0009537451510685821,559
44,persistence,S51,0.08716212141857364,0.09883844630920037,-0.0007232759195364919,559
44,persistence,S52,0.08517109125761785,0.09702917863624902,-0.0008844667985245638,559
44,persistence,S53,0.08813380805462305,0.09989200729483953,-0.0007378479810714829,559
44,persistence,S54,0.08718575265292185,0.09927057168285293,-0.00044048972247599094,559
44,persistence,S55,0.09178220534785475,0.103927491648568,-0.0007588609820648308,559
44,persistence,S56,0.08969343341556911,0.10170440044437976,-0.0007917654254596201,559
44,persistence,S57,0.08169917019012456,0.09271785309073495,-0.0006458546940490523,559
44,persistence,S58,0.09123630302042696,0.10326723745539633,-0.0007379636277189754,559
44,persistence,S59,0.08687047689923207,0.09903674051188563,-0.0006156397678544461,559
44,persistence,S60,0.08479950083203094,0.09617697546200442,-0.0005611768708779261,559
44,persistence,S61,0.08908008430186452,0.10102181398565455,-0.0007694248453262454,559
44,persistence,S62,0.08818993157597195,0.10000824312561146,-0.0006939742688342849,559
44,persistence,S63,0.08946943027612941,0.10188235016290476,-0.0008597573844802588,559
44,persistence,S64,0.08633305058437224,0.09821281800350243,-0.0005955281756961575,559
44,persistence,S65,0.08255361655840737,0.09410212517756386,-0.0004398062614239219,559
44,persistence,S66,0.08533370224723578,0.09694122878770006,-0.0006520570792492698,559
44,persistence,S67,0.08330029827998268,0.09475380375934793,-0.000690496346516758,559
44,persistence,S68,0.09119647665554075,0.10327006773820548,-0.0009026483900025354,559
44,persistence,S69,0.08854171073635664,0.10043390109512225,-0.0008294828251097518,559
44,persistence,S70,0.08486573277105876,0.09630595642331011,-0.0007080469862141435,559
44,persistence,S71,0.08540810838513316,0.09730618117197562,-0.0006711775739385691,559
44,persistence,S72,0.0880265412785526,0.10022050139197038,-0.000812243557766693,559
44,persistence,S73,0.08735553626502549,0.09926614691751404,-0.0007820270213336819,559
44,persistence,S74,0.08558179349271991,0.09750355901667503,-0.0005507447422783628,559
44,persistence,S75,0.08821169110573161,0.09995006236826794,-0.0007680024820911383,559
44,persistence,S76,0.08638554121045253,0.09799908193970515,-0.0007102454219876467,559
44,persistence,S77,0.08770823979138835,0.09939109654254998,-0.0007364841645386916,559
44,persistence,S78,0.08444971399357183,0.09590639116571471,-0.0007266783765067341,559
44,persistence,S79,0.09207668244315574,0.10451834337994523,-0.0007522910615106068,559
44,persistence,S80,0.08655690813640363,0.09810962974190737,-0.0007203247244861343,559
44,persistence,S81,0.0843337263752334,0.09553450756497542,-0.0006802654513287023,559
44,persistence,S82,0.08153245579584607,0.09242139668273217,-0.0006811388873216931,559
44,persistence,S83,0.08853535969035237,0.10037811386170356,-0.0007309876303213494,559
44,persistence,S84,0.0870305146861235,0.09862770302882827,-0.0006103864783497797,559
44,persistence,S85,0.0884302522423169,0.10023058124911044,-0.0007147049912033279,559
44,persistence,S86,0.08477567940823774,0.09659678080825368,-0.0007391149871224581,559
44,persistence,S87,0.08231379568480182,0.09331140880893636,-0.0007921949983616102,559
44,persistence,S88,0.08791331482396422,0.09982499874596627,-0.0008406272480407587,559
44,persistence,S89,0.0885765546813746,0.10056138032152372,-0.0007905589462387457,559
44,persistence,S90,0.08680551925699904,0.09830235113747689,-0.0006745921055101565,559
44,persistence,S91,0.08491699515562005,0.09649008510473168,-0.0008927017032986837,559
44,persistence,S92,0.09215811855777804,0.10436376477291508,-0.0007616104224900013,559
44,persistence,S93,0.0814070524718639,0.09230413795731872,-0.000602071924461635,559
44,persistence,S94,0.0899133897165323,0.10220994378149025,-0.0006159315177710971,559
44,persistence,S95,0.08459095119830631,0.09572458648306639,-0.0006852637973700672,559
44,persistence,S96,0.0903778167658907,0.10246751452327434,-0.000763972022875557,559
44,persistence,S97,0.08288895180769605,0.09399730909781584,-0.0006956757928872871,559
44,persistence,S98,0.0907842776144993,0.10300234922318217,-0.0007363258217909575,559
44,persistence,S99,0.0862720836624953,0.09841238806941975,-0.0004690614875076149,559
44,smart_persistence,A,0.04938567860413522,0.06717904524849039,0.014143494260622344,559
44,smart_persistence,B,0.052111402487179034,0.07103019043795136,0.01504179006292483,559
44,smart_persistence,C,0.0529672118763511,0.07242263942660532,0.014909580738112091,559
44,smart_persistence,D,0.05271443386965353,0.07165423063665415,0.015069657815487018,559
44,smart_persistence,E,0.053003619959020205,0.07206258649667348,0.015058056928755961,559
44,smart_persistence,F,0.05057117614473594,0.06915883303791254,0.014323329979100652,559
44,smart_persistence,G,0.050974326938380735,0.06937672114253111,0.014535033959172307,559
44,smart_persistence,H,0.049369766748337866,0.06698507632840602,0.014040605816386194,559
44,smart_persistence,I,0.04961477164839259,0.0675761583855142,0.01421290027048049,559
44,smart_persistence,J,0.05129938836027043,0.06990246004694951,0.014699516982658164,559
44,smart_persistence,K,0.05106396403260303,0.06999849298880877,0.014790304277545385,559
44,smart_persistence,L,0.04988431116925929,0.06749409822198321,0.013794482993011984,559
44,smart_persistence,M,0.04860089499293452,0.0661507220205222,0.013980284345724448,559
44,smart_persistence,N,0.04946629853489307,0.06737528764133512,0.014255967236095657,559
44,smart_persistence,O,0.051473249184498346,0.07002726021031612,0.014766499194902184,559
44,smart_persistence,P,0.04868142096840565,0.06634251042597149,0.01400263354886983,559
44,smart_persistence,Q,0.0495435918238987,0.06728527151339936,0.014172020844352134,559
44,smart_persistence,R,0.049621998387837055,0.06753318416744088,0.014130831195028209,559
44,smart_persistence,S,0.05197214574177378,0.07075548691030044,0.014903744556674524,559
44,smart_persistence,T,0.0494902837473386,0.06729631565013158,0.014159941361893854,559
44,smart_persistence,U,0.05275758770890101,0.07158048390939868,0.015075611605555525,559
44,smart_persistence,V,0.0524828198880729,0.07110477217839654,0.014970437478952398,559
44,smart_persistence,W,0.048759366847967896,0.06626257489733997,0.013962446207976991,559
44,smart_persistence,X,0.05364764249785295,0.07273044989251205,0.015261081561332898,559
44,smart_persistence,Y,0.053402976513622004,0.07267528937435969,0.015363418424671952,559
44,smart_persistence,Z,0.051279274258414394,0.06958019750585219,0.014600141611814912,559
44,smart_persistence,S26,0.052903414386522844,0.0722207267867472,0.015319210446351383,559
44,smart_persistence,S27,0.04835299350624722,0.06572297967426359,0.013751181626864435,559
44,smart_persistence,S28,0.04937220957756629,0.06694878507017192,0.014171786737929836,559
44,smart_persistence,S29,0.05336406918147609,0.07272243431518625,0.015378550220237569,559
44,smart_persistence,S30,0.04852073285319469,0.06610455750580436,0.013836515836377274,559
44,smart_persistence,S31,0.048355682044850634,0.06576003538041263,0.013803602870922763,559
44,smart_persistence,S32,0.05003155992490911,0.06810770655294063,0.014249276439680124,559
44,smart_persistence,S33,0.05267155997447623,0.07160471009441331,0.014683643735617013,559
44,smart_persistence,S34,0.052129491266489615,0.07097843884158155,0.014949616030598316,559
44,smart_persistence,S35,0.0519054485984773,0.0705378248624389,0.01492615387156899,559
44,smart_persistence,S36,0.05015015752202196,0.0683845201886342,0.014315213423100681,559
44,smart_persistence,S37,0.051334466029325926,0.06996194850392844,0.014752332751421769,559
44,smart_persistence,S38,0.05103588777593019,0.06966550257040807,0.014494879743644938,559
44,smart_persistence,S39,0.050941773720740796,0.06965624454307484,0.014697046276177355,559
44,smart_persistence,S40,0.04859937578214796,0.06632782705721514,0.013713345775040856,559
44,smart_persistence,S41,0.049125481302430204,0.06699103700029149,0.014089412083048045,559
44,smart_persistence,S42,0.052904102791347316,0.07212076228049186,0.015221777143813203,559
44,smart_persistence,S43,0.04949405156046799,0.06765134157028857,0.014031115603843148,559
44,smart_persistence,S44,0.04815589878933041,0.06563434850339465,0.013856076155181089,559
44,smart_persistence,S45,0.05437813573208686,0.07396837306708527,0.015077592041143525,559
44,smart_persistence,S46,0.049264039462748814,0.06690947154682712,0.014087669096540573,559
44,smart_persistence,S47,0.051345267501361466,0.07011693735288305,0.014369338437621624,559
44,smart_persistence,S48,0.05130008662345778,0.06944719086471997,0.014695733328428402,559
44,smart_persistence,S49,0.051453017917076835,0.07031900305325596,0.014346496519434378,559
44,smart_persistence,S50,0.054384275607778046,0.07412808207333842,0.015423214912734432,559
44,smart_persistence,S51,0.05176494549418431,0.07043280077161142,0.014821983330294969,559
44,smart_persistence,S52,0.0514368398901415,0.06947964614286106,0.014340611789475507,559
44,smart_persistence,S53,0.051703688251237806,0.0703711564966252,0.014839698029898627,559
44,smart_persistence,S54,0.052636935617911135,0.07141688235927668,0.014956955600413078,559
44,smart_persistence,S55,0.053694027967081275,0.07300192850226754,0.015378552553542158,559
44,smart_persistence,S56,0.05254649840542515,0.07139705789615636,0.014890928732467421,559
44,smart_persistence,S57,0.0492041225012805,0.0665104637619993,0.013894622461963612,559
44,smart_persistence,S58,0.052803279041255986,0.07175356617813133,0.015120710923306458,559
44,smart_persistence,S59,0.05187915692902262,0.07057797797643775,0.014703686662311524,559
44,smart_persistence,S60,0.04999757510791524,0.06793582925566835,0.014352695946456709,559
44,smart_persistence,S61,0.05238363918080286,0.07122518427854506,0.014990907578107657,559
44,smart_persistence,S62,0.052523871062803276,0.07163685275010237,0.015161433840696974,559
44,smart_persistence,S63,0.05381704860159457,0.07381505337302306,0.015424676425463465,559
44,smart_persistence,S64,0.05119333886403977,0.06989600137433646,0.014664182599595612,559
44,smart_persistence,S65,0.04946499712748973,0.06736500821082332,0.014032297349624063,559
44,smart_persistence,S66,0.04993672296019564,0.06836005965852815,0.014507146571677058,559
44,smart_persistence,S67,0.05016632103806858,0.06781318997041279,0.013912634806805798,559
44,smart_persistence,S68,0.05374104601800882,0.07317581103169306,0.01523325255945365,559
44,smart_persistence,S69,0.05241282137293262,0.07105701362436716,0.014960770979848539,559
44,smart_persistence,S70,0.049912448976108095,0.06772922077452607,0.014190911017470761,559
44,smart_persistence,S71,0.05130953324312254,0.07005322279345652,0.01476502463418144,559
44,smart_persistence,S72,0.0520332317873469,0.07122603199911075,0.014874848241006459,559
44,smart_persistence,S73,0.051534773357469116,0.0701907997546684,0.014446133603166942,559
44,smart_persistence,S74,0.051273462364670015,0.06983616597113179,0.014438376314221667,559
44,smart_persistence,S75,0.05166392111259451,0.07028143059428908,0.014799431275846254,559
44,smart_persistence,S76,0.05098079288380857,0.06950875082070714,0.014604614879094624,559
44,smart_persistence,S77,0.05162497468697563,0.0701999985909843,0.014829141084081452,559
44,smart_persistence,S78,0.04973028697898572,0.06744573907354538,0.014017608107216755,559
44,smart_persistence,S79,0.05355349303621379,0.07257800499278166,0.015203981757770444,559
44,smart_persistence,S80,0.05099601545646014,0.06946070050253463,0.01468667156547841,559
44,smart_persistence,S81,0.04916642086570191,0.06681591752518991,0.014050476694067653,559
44,smart_persistence,S82,0.04827619202881518,0.06585635148417858,0.013883447992633729,559
44,smart_persistence,S83,0.052240428539352866,0.07118837050176005,0.0150577142757192,559
44,smart_persistence,S84,0.051084442885112755,0.06983620014730163,0.014760738979668519,559
44,smart_persistence,S85,0.05190609496425044,0.0706587568633448,0.014943245881235424,559
44,smart_persistence,S86,0.05178603936779798,0.07093045646095025,0.014533852885122376,559
44,smart_persistence,S87,0.048199930972184765,0.06590718344025519,0.01357305639261823,559
44,smart_persistence,S88,0.051436067261851404,0.07043332751135217,0.014647019951652622,559
44,smart_persistence,S89,0.052475979490783975,0.07109810032738252,0.015011028094182402,559
44,smart_persistence,S90,0.051039378061908926,0.06953430958129175,0.014669947770810711,559
44,smart_persistence,S91,0.05062386607509673,0.06930370740952696,0.014243946442787064,559
44,smart_persistence,S92,0.053733439974433514,0.07292417301121522,0.015330659310551683,559
44,smart_persistence,S93,0.04845549738449453,0.06562843567914703,0.013663712940187141,559
44,smart_persistence,S94,0.053263432462491454,0.07239943468808345,0.01448774138633795,559
44,smart_persistence,S95,0.04938153104453843,0.06682825297284596,0.014060513440570386,559
44,smart_persistence,S96,0.0525354793872551,0.07148747086625666,0.014914020174974325,559
44,smart_persistence,S97,0.04926221236175889,0.06666440784909393,0.013954591684748148,559
44,smart_persistence,S98,0.053681998521136205,0.07308313821907474,0.015481489964582573,559
44,smart_persistence,S99,0.0509750929949322,0.06943261963074354,0.014379662439920182,559
44,local_only,A,0.043052437817278,0.061369938622760904,-0.022759313490624957,559
44,local_only,B,0.04682217836913141,0.067045202084139,0.024655567552087986,559
44,local_only,C,0.04806324342692234,0.06706322968694783,-0.026304443461790495,559
44,local_only,D,0.03776438807117318,0.05384734735833988,0.01747615769054001,559
44,local_only,E,0.05220214051209275,0.07237173025086824,-0.03433218095962863,559
44,local_only,F,0.044873221232164286,0.06403552784266446,-0.02302420174341469,559
44,local_only,G,0.0502552871141676,0.0686388170437701,-0.0227105774511025,559
44,local_only,H,0.04799920918946013,0.0681562176614463,-0.02746217060771276,559
44,local_only,I,0.042155107380076745,0.05535474048315095,-0.009543888559810691,559
44,local_only,J,0.04843841118622265,0.07005972710937496,-0.03186631628561245,559
44,local_only,K,0.0474925176540393,0.06837475354825137,0.024716283961937285,559
44,local_only,L,0.043583835492640305,0.05988914911434876,-0.009154141022555518,559
44,local_only,M,0.05260787134963439,0.07141737833828518,-0.04171476180853459,559
44,local_only,N,0.05317593152319916,0.07267440161789071,-0.044502676021447654,559
44,local_only,O,0.04219190802140668,0.0583060840177388,-0.016873278057311824,559
44,local_only,P,0.05131194929255769,0.07244867064181763,-0.03489535315127207,559
44,local_only,Q,0.03802192999234953,0.05159016491566396,-0.011125690609046753,559
44,local_only,R,0.0540728892065578,0.07591888433537108,-0.04110161927428716,559
44,local_only,S,0.06482230687629738,0.09605174657039263,-0.03654224631748927,559
44,local_only,T,0.054897496952427044,0.08301917535770718,-0.03132141731956004,559
44,local_only,U,0.05356834019006985,0.07480291861179529,-0.026092658942100493,559
44,local_only,V,0.052295812580242795,0.0750241302939756,0.0252040618774075,559
44,local_only,W,0.046191779769164026,0.0655783026772821,-0.01747211239388969,559
44,local_only,X,0.03637461210409436,0.05250913574332141,0.011593645990847848,559
44,local_only,Y,0.039356833756176594,0.058729575234954035,0.018585170904917507,559
44,local_only,Z,0.039011074829645026,0.05286852387283454,0.0012349263564575203,559
44,local_only,S26,0.04789172786859419,0.06581162097510551,-0.030021766942887433,559
44,local_only,S27,0.04277192481235544,0.05606673937380748,-0.008536883376983172,559
44,local_only,S28,0.04788235254495776,0.07050697518590895,-0.033521990056861066,559
44,local_only,S29,0.062341890838880205,0.09381208731137816,-0.04227994011810019,559
44,local_only,S30,0.04813737224858072,0.07003362570337435,0.03077553596891328,559
44,local_only,S31,0.049876362166874785,0.07036463131911841,-0.03861412976933843,559
44,local_only,S32,0.04433600218499693,0.06081797197222392,-0.016253191293096454,559
44,local_only,S33,0.04363061730439186,0.0598202096685827,0.0036694889732808112,559
44,local_only,S34,0.0631094862113845,0.08797251658406374,-0.03609432057229292,559
44,local_only,S35,0.046017629996588545,0.06271820535568376,-0.023786872193843712,559
44,local_only,S36,0.0374386919958497,0.05348736886265639,0.012851970093466395,559
44,local_only,S37,0.03583334692850066,0.04993930461657944,0.0040588209840589015,559
44,local_only,S38,0.03642761354842382,0.054393410224201945,0.0158897744341127,559
44,local_only,S39,0.03897277745479686,0.05578062920772279,0.005533522100378185,559
44,local_only,S40,0.04215474812478853,0.0569786167179015,-0.00288694215420307,559
44,local_only,S41,0.06189017596294883,0.08781206461980338,-0.05110911897140543,559
44,local_only,S42,0.050928778654840745,0.07149854664490476,-0.022456589778002238,559
44,local_only,S43,0.04571707201192792,0.061292559339326334,-0.004327092135420039,559
44,local_only,S44,0.05161241392941549,0.07152096018409651,-0.031087099829828616,559
44,local_only,S45,0.03869915094429857,0.05634283516931052,0.01835891154673024,559
44,local_only,S46,0.048528880927185256,0.06997271420565496,-0.024678122876995046,559
44,local_only,S47,0.06130021198757646,0.08399370886176252,-0.025019775719543474,559
44,local_only,S48,0.04079527105983119,0.056777416551052264,0.007187463559027243,559
44,local_only,S49,0.04252449419284456,0.05706704492232763,-0.0012204989762593574,559
44,local_only,S50,0.0465276880632946,0.06518527548362439,-0.024709179191075414,559
44,local_only,S51,0.06002901053874152,0.08931378324232044,-0.041446248884521066,559
44,local_only,S52,0.03984279721668773,0.056889694220122126,0.012541427406980547,559
44,local_only,S53,0.04062940958764051,0.058560198146021314,0.008615291588281636,559
44,local_only,S54,0.038706860950843296,0.054823015616872944,0.0029564249271321593,559
44,local_only,S55,0.05111650816474796,0.07309042000912275,-0.0221048523734402,559
44,local_only,S56,0.04448488913783645,0.06113109804354704,-0.008676722581043909,559
44,local_only,S57,0.03495228891294243,0.050863915304021894,0.01591225771095157,559
44,local_only,S58,0.061074497469547594,0.08318414605976493,-0.05229857431292327,559
44,local_only,S59,0.034312907258158616,0.047938659924389906,0.0024913091692333783,559
44,local_only,S60,0.03465534802126383,0.04944170761673957,0.010251259051383289,559
44,local_only,S61,0.039756118129165796,0.05890654083529286,0.015971122991813476,559
44,local_only,S62,0.053292059611565766,0.07313006604570028,-0.04023528737782406,559
44,local_only,S63,0.05963199324210296,0.08049111157517436,0.03705014234882728,559
44,local_only,S64,0.051460302754118704,0.06811825519306432,0.0005561288711506614,559
44,local_only,S65,0.047835416078783256,0.06561785201706359,0.005635599880741679,559
44,local_only,S66,0.037723354972446624,0.05326024522350745,0.004541079474888802,559
44,local_only,S67,0.04100501842855948,0.05433999514811493,-0.005793317496628302,559
44,local_only,S68,0.04836414313928453,0.06831468506019953,-0.020918567639514003,559
44,local_only,S69,0.052821327295955706,0.07358944765825862,-0.037892045919893376,559
44,local_only,S70,0.05406114544204231,0.07434775854900162,-0.04180866998317526,559
44,local_only,S71,0.05464985895125538,0.07477015861605454,-0.03181961223013259,559
44,local_only,S72,0.05003876243601345,0.07201103954705274,-0.03147393163112001,559
44,local_only,S73,0.038731672871468024,0.05407932855046986,0.0011138509586620044,559
44,local_only,S74,0.045490980273685776,0.06576657472975989,0.01582952819919557,559
44,local_only,S75,0.030913356153880894,0.044140932625507896,0.008007766980068068,559
44,local_only,S76,0.04180334438840577,0.058967843388684736,-0.012950048335637957,559
44,local_only,S77,0.057617080661556505,0.0753780541502391,-0.0452234167359896,559
44,local_only,S78,0.04549515832743269,0.06144128830335818,0.02426635236106563,559
44,local_only,S79,0.04233458865357293,0.0625166477689157,0.01486415763290629,559
44,local_only,S80,0.05708067484819772,0.0776716534574532,-0.04575545288795649,559
44,local_only,S81,0.05276754685449131,0.07603340625698948,-0.037073114417522084,559
44,local_only,S82,0.03754964872881477,0.055581436220024746,0.01357874011517584,559
44,local_only,S83,0.05901229538295038,0.08183812390789566,-0.037330536388797096,559
44,local_only,S84,0.04657040950292405,0.06612303361299836,-0.025846854157575903,559
44,local_only,S85,0.038806153681672347,0.05524150826819212,0.009481679841006351,559
44,local_only,S86,0.05678229275857613,0.07557457673095669,-0.04567262264425085,559
44,local_only,S87,0.0443433949112399,0.06213003183416725,-0.013580056291393442,559
44,local_only,S88,0.04558142567468284,0.06454800451452333,-0.0176440935955951,559
44,local_only,S89,0.04658701359543742,0.06586955810646668,-0.019710416524967366,559
44,local_only,S90,0.038662745280996,0.05799189897040933,0.01656357855523548,559
44,local_only,S91,0.0534412511628561,0.07134620361768026,-0.0372092299765619,559
44,local_only,S92,0.06020054493052802,0.08390896027696035,-0.0462190504044241,559
44,local_only,S93,0.044579481071674254,0.06243973761805671,-0.02271257280305441,559
44,local_only,S94,0.051966021305170036,0.07227898084573448,0.03236403376028968,559
44,local_only,S95,0.04116750488627106,0.057141556855645925,-0.015619315950792243,559
44,local_only,S96,0.05654202867007759,0.07771813199789958,-0.043060623495448015,559
44,local_only,S97,0.039188187898216646,0.05678552948651135,-0.019525722433289778,559
44,local_only,S98,0.036896503118095066,0.0515487973090887,0.008162512464785353,559
44,local_only,S99,0.03716201840671636,0.0540953237699803,0.01706758019229487,559
44,fedavg,A,0.05162752854757757,0.06919413312953504,-0.04213995748942581,559
44,fedavg,B,0.03791447786184458,0.052938809923407534,-0.002868989269267468,559
44,fedavg,C,0.04510987674974052,0.061563597448043725,-0.02749976344833114,559
44,fedavg,D,0.03856907162377161,0.05444727418858717,0.009077492546979904,559
44,fedavg,E,0.04868412651593317,0.06543286661234614,-0.03339805436766896,559
44,fedavg,F,0.04512667522952294,0.061063135366063885,-0.030114861263948526,559
44,fedavg,G,0.052020514821667016,0.06901977604809083,-0.043361459568406126,559
44,fedavg,H,0.047580932312722486,0.0641988275799453,-0.036057938726753,559
44,fedavg,I,0.0403019473489169,0.05446071844233946,-0.018557148363190487,559
44,fedavg,J,0.052872598175607514,0.07088325616006767,-0.04448682092124353,559
44,fedavg,K,0.0373938046179192,0.05228103761984927,-0.00041006443595550355,559
44,fedavg,L,0.04367740832232539,0.05854899169243419,-0.024867491061884198,559
44,fedavg,M,0.047174263279885054,0.06406301182893202,-0.036898093413868134,559
44,fedavg,N,0.05128482914961248,0.06888717436582457,-0.04297288925901775,559
44,fedavg,O,0.044641467115041265,0.06142620167974737,-0.030074153493982382,559
44,fedavg,P,0.05301912455096481,0.06972261514226212,-0.0453493875290612,559
44,fedavg,Q,0.04152321442670134,0.05609552059909671,-0.02411269691976017,559
44,fedavg,R,0.05103567182602884,0.0673737911611098,-0.042034107951400716,559
44,fedavg,S,0.042443441940356576,0.05616469455536294,-0.023702935343366684,559
44,fedavg,T,0.040795683560056584,0.05340345060721882,-0.020372861540628086,559
44,fedavg,U,0.05153637247185901,0.06862931645187988,-0.03983967990488687,559
44,fedavg,V,0.039683391330575225,0.05464610290646652,-0.006545360641272227,559
44,fedavg,W,0.04982295805215169,0.06509493633331677,-0.04006318295747708,559
44,fedavg,X,0.03837967938485294,0.05411090014731747,0.0046151035835163435,559
44,fedavg,Y,0.03845436117080355,0.05411431916383929,0.009099116588048036,559
44,fedavg,Z,0.037631708433666665,0.052585836924392115,0.004570975931143065,559
44,fedavg,S26,0.042262123566960554,0.05858160428672743,-0.023633166488713196,559
44,fedavg,S27,0.041053670180629526,0.05555629108763658,-0.024231422038143668,559
44,fedavg,S28,0.05296350731256157,0.07024806079458114,-0.04511968001276788,559
44,fedavg,S29,0.04324444278796438,0.05777516772970828,-0.023641547146095013,559
44,fedavg,S30,0.037658284425209416,0.051778141771961265,-0.003839519962242326,559
44,fedavg,S31,0.049700892340347726,0.06665573721261853,-0.0401387200000436,559
44,fedavg,S32,0.048907760902968514,0.06589199770851317,-0.037815801117986554,559
44,fedavg,S33,0.039212324481402494,0.05399825156792955,0.0010678015117431875,559
44,fedavg,S34,0.045069195206022164,0.06013303560566151,-0.027638745976508675,559
44,fedavg,S35,0.04280885078316165,0.058770250682528544,-0.02587414380289574,559
44,fedavg,S36,0.03769658717067749,0.053202615411557075,0.008498802605961418,559
44,fedavg,S37,0.03683321763045356,0.05212934201586874,0.007382034169687441,559
44,fedavg,S38,0.03800904926457001,0.05411000297858198,0.00845598669113318,559
44,fedavg,S39,0.037216218815204705,0.05220495031042853,0.004847760081146669,559
44,fedavg,S40,0.04045002216978035,0.054211520897755994,-0.01642746451787304,559
44,fedavg,S41,0.04531154113695222,0.059087072816251314,-0.031209947689153042,559
44,fedavg,S42,0.052108724671540936,0.07003530025113783,-0.042500449234556426,559
44,fedavg,S43,0.03660852925569545,0.05124839872384466,-0.0009701113990876217,559
44,fedavg,S44,0.05023245093635948,0.06564080655402033,-0.04176973909587801,559
44,fedavg,S45,0.04050807975988988,0.0552718610483468,0.008560422313947744,559
44,fedavg,S46,0.05162967060407714,0.06927864650726222,-0.043358474480044866,559
44,fedavg,S47,0.052553456994723226,0.06939647152511506,-0.042382080227883,559
44,fedavg,S48,0.03858134022039509,0.05306495518198012,0.002131752959001278,559
44,fedavg,S49,0.04104245071256057,0.05651915979172852,-0.0044001276231635765,559
44,fedavg,S50,0.04507523845741276,0.06214612728989687,-0.02646224413313678,559
44,fedavg,S51,0.041104676939583716,0.0549041427328195,-0.02064612064025763,559
44,fedavg,S52,0.03824801140503162,0.05317022299020419,0.00541386073405233,559
44,fedavg,S53,0.038165661257280166,0.05362255284912857,0.003930340018723166,559
44,fedavg,S54,0.03814306882095431,0.053351202867087236,0.008045595868032263,559
44,fedavg,S55,0.051268734309858975,0.06941844838079086,-0.04071718604513819,559
44,fedavg,S56,0.04385663422335011,0.05997854297332644,-0.026357050775435764,559
44,fedavg,S57,0.035397295088278984,0.0497889567864096,0.006998368295256135,559
44,fedavg,S58,0.048970533867469905,0.0654848807204029,-0.036555292350756524,559
44,fedavg,S59,0.03791847704261648,0.052424550541195956,0.007160715468907612,559
44,fedavg,S60,0.03613939377677515,0.05119319011876767,0.007336706959364239,559
44,fedavg,S61,0.037668701495362146,0.05291610195624425,0.007599740823121052,559
44,fedavg,S62,0.04570315151611986,0.06258738856599651,-0.030804079467070845,559
44,fedavg,S63,0.04050812258927421,0.05499242401594801,-0.007486979149520224,559
44,fedavg,S64,0.0382472530695858,0.052690796415039355,0.0008626995337060744,559
44,fedavg,S65,0.03801411351683418,0.052131121156469944,-0.0007703898670126839,559
44,fedavg,S66,0.037584328611921985,0.052685841011249616,0.006081583667592327,559
44,fedavg,S67,0.0406925253820404,0.054705318865890265,-0.016755080999088456,559
44,fedavg,S68,0.05347896563863858,0.07210532255890105,-0.04391788982133146,559
44,fedavg,S69,0.048089223525866746,0.06607990556034102,-0.03452533162478024,559
44,fedavg,S70,0.05030386680489313,0.06802637010531878,-0.041099793535606416,559
44,fedavg,S71,0.05283838443454748,0.07109538525303254,-0.04304614962263563,559
44,fedavg,S72,0.04683092837921662,0.06410690147447738,-0.03235712204726616,559
44,fedavg,S73,0.03858604483691266,0.053305038335173235,0.007742138511596218,559
44,fedavg,S74,0.0382690176052043,0.05313187871024713,0.003833890274876799,559
44,fedavg,S75,0.03692245937105808,0.051673621040534475,0.007153291394767453,559
44,fedavg,S76,0.04191381833078723,0.057160776585733396,-0.023397086389997577,559
44,fedavg,S77,0.041546184941543156,0.05687769478991511,-0.02213682844936648,559
44,fedavg,S78,0.03952087211592976,0.053141631917404265,-0.013868618119580501,559
44,fedavg,S79,0.040048081743529265,0.05595532947292824,0.0042651150907074935,559
44,fedavg,S80,0.04556219672787541,0.06235555941654007,-0.0313592920136473,559
44,fedavg,S81,0.048396677175782075,0.06324338782181996,-0.03786197499700485,559
44,fedavg,S82,0.03495479116053029,0.04998327736779718,0.005189960295990882,559
44,fedavg,S83,0.045355810111135327,0.06041160249032167,-0.030087442562560514,559
44,fedavg,S84,0.045335175226690755,0.06182051553144884,-0.030403149381283277,559
44,fedavg,S85,0.037425520267147634,0.05279882032959939,0.005130902961919447,559
44,fedavg,S86,0.0463728124029228,0.06262392711780496,-0.030272703499521575,559
44,fedavg,S87,0.0522824083946392,0.06917831732286642,-0.043512006061174946,559
44,fedavg,S88,0.05133076993063799,0.06976180871643271,-0.04055135469085642,559
44,fedavg,S89,0.04512115995355816,0.06181977020998872,-0.028453121089316323,559
44,fedavg,S90,0.0373779664048092,0.05268088888315746,0.008281653545162106,559
44,fedavg,S91,0.04616429156137294,0.06183546872724882,-0.03010672806972081,559
44,fedavg,S92,0.04739001559590078,0.06369674026868127,-0.03376613361411103,559
44,fedavg,S93,0.045382901460968614,0.06124853525635656,-0.033132533468256085,559
44,fedavg,S94,0.04124827408198474,0.05640546341050554,-0.0044940418263060946,559
44,fedavg,S95,0.041487696747922825,0.056451849773572406,-0.020837748973744494,559
44,fedavg,S96,0.04591808475892198,0.06272400949386328,-0.030043742509078975,559
44,fedavg,S97,0.04961615285777015,0.06648917925550304,-0.039090422737871985,559
44,fedavg,S98,0.03868542222992545,0.054162093485275786,0.00852322722793505,559
44,fedavg,S99,0.03790844615202311,0.05261055608126888,0.006394351311094646,559
44,reliability_fedavg,A,0.05244880455732679,0.07002484781704159,-0.04360179625299954,559
44,reliability_fedavg,B,0.037862248645432306,0.052788190624869044,-0.0031596749974331403,559
44,reliability_fedavg,C,0.045441626945980335,0.06207240901927053,-0.028444058250149375,559
44,reliability_fedavg,D,0.03850713034813527,0.05432500227161592,0.008966704612691122,559
44,reliability_fedavg,E,0.04922834016081347,0.06610297857386613,-0.03461697641071824,559
44,reliability_fedavg,F,0.04554656602747152,0.06165734947910295,-0.031156651677783705,559
44,reliability_fedavg,G,0.052960512152921295,0.0699569975591867,-0.04490589330760905,559
44,reliability_fedavg,H,0.04824063065659658,0.06498840195322059,-0.03734131604909967,559
44,reliability_fedavg,I,0.040591544774173524,0.054899144020868366,-0.019301200807756828,559
44,reliability_fedavg,J,0.053797627603660185,0.07176146734987515,-0.046001634034261524,559
44,reliability_fedavg,K,0.03731337762629357,0.05212322039625974,-0.0006436529995836917,559
44,reliability_fedavg,L,0.0440411170243164,0.059038205672236985,-0.02575151288585341,559
44,reliability_fedavg,M,0.047894707551869115,0.06488975302237869,-0.038223024010358375,559
44,reliability_fedavg,N,0.05214334152512292,0.06974828878141713,-0.044446616300276756,559
44,reliability_fedavg,O,0.0450690348766126,0.06204642977929556,-0.031166426682813934,559
44,reliability_fedavg,P,0.05394944808635801,0.07066190115182293,-0.046885750190253254,559
44,reliability_fedavg,Q,0.04185050159854371,0.05659081215166954,-0.024987194889136765,559
44,reliability_fedavg,R,0.05196356617725639,0.06829618813266243,-0.04356806160597221,559
44,reliability_fedavg,S,0.042881361257379846,0.05656271644344842,-0.02475548060365148,559
44,reliability_fedavg,T,0.04114298175850447,0.05367593184246286,-0.021283727133403364,559
44,reliability_fedavg,U,0.052351638590392185,0.06946419867721912,-0.04134370506202139,559
44,reliability_fedavg,V,0.0396507519763744,0.05455216044463197,-0.0069754738890395575,559
44,reliability_fedavg,W,0.050718183103575634,0.0659976084105084,-0.04155589947610267,559
44,reliability_fedavg,X,0.038265008291926014,0.053925731310733964,0.004488785407124404,559
44,reliability_fedavg,Y,0.03837793081588976,0.05400072758859549,0.00897118144906884,559
44,reliability_fedavg,Z,0.03752690126135619,0.052386958516488474,0.0044487285790531786,559
44,reliability_fedavg,S26,0.04255706244706441,0.05904057681939667,-0.024519145033074032,559
44,reliability_fedavg,S27,0.041389665228540866,0.05608536069524029,-0.025080709242041612,559
44,reliability_fedavg,S28,0.053876998597732706,0.07118290252949404,-0.046650393752711086,559
44,reliability_fedavg,S29,0.04369071417917999,0.058153075464515626,-0.024712622520132305,559
44,reliability_fedavg,S30,0.0376429198560624,0.051672432552333135,-0.004164669130670993,559
44,reliability_fedavg,S31,0.05046282831422422,0.06749881720107946,-0.04155765951343284,559
44,reliability_fedavg,S32,0.049578657039638596,0.06671851683443451,-0.03917537900348059,559
44,reliability_fedavg,S33,0.039132315815219816,0.05383280139900104,0.0008739651543586407,559
44,reliability_fedavg,S34,0.045575264617234254,0.060649559795719815,-0.02886096460491499,559
44,reliability_fedavg,S35,0.043126068435349434,0.05927153639635831,-0.02679711508303081,559
44,reliability_fedavg,S36,0.03759407396582397,0.05304720130065994,0.008385884312101455,559
44,reliability_fedavg,S37,0.036723623651705437,0.05195988028993513,0.007263727523307341,559
44,reliability_fedavg,S38,0.03795455489838696,0.053994754874399226,0.008338337045347016,559
44,reliability_fedavg,S39,0.037120845572377784,0.05201631691814887,0.004749091922345926,559
44,reliability_fedavg,S40,0.040708167460532144,0.05461464300488502,-0.01713472700841085,559
44,reliability_fedavg,S41,0.04595974008279654,0.059732812766762594,-0.032484154692954195,559
44,reliability_fedavg,S42,0.052968289040042374,0.07091727725506622,-0.04404129058769063,559
44,reliability_fedavg,S43,0.03654300771701135,0.05109237152542526,-0.0011929484417042254,559
44,reliability_fedavg,S44,0.05119000111076787,0.06656910569310731,-0.043285171618378575,559
44,reliability_fedavg,S45,0.04045332693586489,0.0551771629885175,0.008436535565892304,559
44,reliability_fedavg,S46,0.05248784431304669,0.07017284615549928,-0.0448378257433449,559
44,reliability_fedavg,S47,0.053404468674819135,0.07028451272243778,-0.043917323574290505,559
44,reliability_fedavg,S48,0.03848846066956702,0.05289134410958264,0.001959673096664285,559
44,reliability_fedavg,S49,0.04099693766308612,0.05640154478246626,-0.004750594672495383,559
44,reliability_fedavg,S50,0.04539651581634349,0.0626363512162343,-0.02741327042123286,559
44,reliability_fedavg,S51,0.04143729769418179,0.05517014201514009,-0.02160022175231072,559
44,reliability_fedavg,S52,0.038144577613636876,0.05299446332285078,0.005306231719316758,559
44,reliability_fedavg,S53,0.038053989542851455,0.05342712389799417,0.0037623153647911036,559
44,reliability_fedavg,S54,0.0380710456310761,0.053214902082217866,0.007911440460564283,559
44,reliability_fedavg,S55,0.05209013415218959,0.07025233851201082,-0.04224131728542472,559
44,reliability_fedavg,S56,0.04420796214628503,0.0605007727919204,-0.027306413678096254,559
44,reliability_fedavg,S57,0.03531986805493735,0.049677350278810505,0.006868672146910072,559
44,reliability_fedavg,S58,0.049695758714860434,0.0662580936873606,-0.037977758951007,559
44,reliability_fedavg,S59,0.03786195998374966,0.052324159412415576,0.0070353899390998165,559
44,reliability_fedavg,S60,0.03605619578227427,0.05106144261214464,0.007212704640674889,559
44,reliability_fedavg,S61,0.03755366753650186,0.05275070233066629,0.007471439259523303,559
44,reliability_fedavg,S62,0.04613540427674321,0.06319323022990946,-0.031886241055128696,559
44,reliability_fedavg,S63,0.04050641419380163,0.054919523215011055,-0.007935456705632851,559
44,reliability_fedavg,S64,0.038156621008386675,0.052520135550927056,0.0006815158749125858,559
44,reliability_fedavg,S65,0.03794610594123959,0.05197776638639595,-0.0009823887139743723,559
44,reliability_fedavg,S66,0.03745524677660813,0.05248887999736112,0.005974000555897142,559
44,reliability_fedavg,S67,0.04093585377379965,0.05512608735130512,-0.01748552721735983,559
44,reliability_fedavg,S68,0.05436234683429819,0.0729917035119602,-0.0454801177195305,559
44,reliability_fedavg,S69,0.04866144707537221,0.06681326487893229,-0.03577744611768029,559
44,reliability_fedavg,S70,0.051090098285738524,0.06888605673245893,-0.042542322403530564,559
44,reliability_fedavg,S71,0.05368640627262178,0.07195839322508175,-0.04456649374046858,559
44,reliability_fedavg,S72,0.047330425911847905,0.06477225726367024,-0.03353487254846808,559
44,reliability_fedavg,S73,0.038518806379238456,0.053197017949687085,0.007621850533917386,559
44,reliability_fedavg,S74,0.03816464149529757,0.05294134161857245,0.00371116009284284,559
44,reliability_fedavg,S75,0.03686704841852255,0.05157360772443688,0.007035371468840617,559
44,reliability_fedavg,S76,0.04223061087337191,0.05763867395143328,-0.024247883102849914,559
44,reliability_fedavg,S77,0.04186682089745052,0.05733559723546785,-0.022956837490550868,559
44,reliability_fedavg,S78,0.03964246162003046,0.05316542820934674,-0.014487225438525637,559
44,reliability_fedavg,S79,0.03992458186587169,0.05576040604001453,0.004113079862559151,559
44,reliability_fedavg,S80,0.04604885118558656,0.06300576290780494,-0.03250782824852812,559
44,reliability_fedavg,S81,0.049190690328230854,0.0640892068519413,-0.03928558073638212,559
44,reliability_fedavg,S82,0.03485028662473923,0.04979552163779404,0.005081586603055273,559
44,reliability_fedavg,S83,0.04597327305288895,0.06100556918724032,-0.03134731823463519,559
44,reliability_fedavg,S84,0.04574938473701544,0.06243096994797024,-0.031516039259615145,559
44,reliability_fedavg,S85,0.037314444665808716,0.05260397094979329,0.005020111255690935,559
44,reliability_fedavg,S86,0.0468318115516644,0.063216354112586,-0.031371809310598,559
44,reliability_fedavg,S87,0.053125616984378565,0.07007056339919436,-0.04497992309570072,559
44,reliability_fedavg,S88,0.05204025805221407,0.07058199698235564,-0.04199028100313582,559
44,reliability_fedavg,S89,0.045472678299471596,0.06236865132309976,-0.029458903320285088,559
44,reliability_fedavg,S90,0.0372789741524167,0.05252599107299576,0.008163526282505813,559
44,reliability_fedavg,S91,0.04658602649797494,0.06243299562465263,-0.03118675272396977,559
44,reliability_fedavg,S92,0.048072808067279336,0.06439743386197447,-0.035121362762982174,559
44,reliability_fedavg,S93,0.04596265856708085,0.06196445516666043,-0.03430744737081816,559
44,reliability_fedavg,S94,0.041218640963748526,0.05629934446083234,-0.0048454082616786465,559
44,reliability_fedavg,S95,0.04179172866033517,0.056878272993640754,-0.021657598793755697,559
44,reliability_fedavg,S96,0.04634423257844699,0.06333012304811053,-0.031120890659431733,559
44,reliability_fedavg,S97,0.050295948273125765,0.06732844990567637,-0.04048291631880148,559
44,reliability_fedavg,S98,0.03858444005940676,0.054023170401838946,0.008389851132537736,559
44,reliability_fedavg,S99,0.037794791037060176,0.05244595642193139,0.00627550150206136,559
44,reliability_fedavg_event,A,0.06445500091566289,0.08103261530987395,-0.06065669035570686,559
44,reliability_fedavg_event,B,0.038597611034012436,0.052885344438089246,-0.009645953071378638,559
44,reliability_fedavg_event,C,0.05235184984338305,0.06991949367631378,-0.04313030193871377,559
44,reliability_fedavg_event,D,0.0381170363354535,0.05373162441402966,0.005814690786382194,559
44,reliability_fedavg_event,E,0.05768416489824138,0.07595933176866211,-0.05063094231769674,559
44,reliability_fedavg_event,F,0.05338790495080244,0.07038916210020302,-0.04608487658584174,559
44,reliability_fedavg_event,G,0.06526466138279383,0.0814264927055331,-0.061847981561578426,559
44,reliability_fedavg_event,H,0.058551780907299754,0.07555106928913857,-0.05366425928278628,559
44,reliability_fedavg_event,I,0.04619522736383242,0.061598187746542195,-0.034408410565327015,559
44,reliability_fedavg_event,J,0.06636617601951601,0.0829582961858905,-0.06304783338771663,559
44,reliability_fedavg_event,K,0.037756604830566164,0.052110131629468565,-0.00669168701315422,559
44,reliability_fedavg_event,L,0.05104367106391553,0.06654423682806092,-0.04038154046269457,559
44,reliability_fedavg_event,M,0.05900806533705863,0.07561503772552178,-0.05468743007166948,559
44,reliability_fedavg_event,N,0.06457271296964136,0.08097761369596781,-0.06150301419904919,559
44,reliability_fedavg_event,O,0.05334586838761358,0.07100154151929092,-0.04631509023128337,559
44,reliability_fedavg_event,P,0.06680697070273083,0.0823193929080345,-0.06399418118623067,559
44,reliability_fedavg_event,Q,0.048388374689883135,0.06413477271288272,-0.03953158312847035,559
44,reliability_fedavg_event,R,0.06401260006191518,0.07966885080460887,-0.060512804837350956,559
44,reliability_fedavg_event,S,0.0494039316583768,0.06280907376521407,-0.038160972236589014,559
44,reliability_fedavg_event,T,0.04668281720751273,0.05860706848540716,-0.03357683091419408,559
44,reliability_fedavg_event,U,0.06345158476155079,0.08019141148927779,-0.058049685493143266,559
44,reliability_fedavg_event,V,0.041092873443985795,0.05513597229799322,-0.01474649364124856,559
44,reliability_fedavg_event,W,0.06247286591595555,0.07729472280560631,-0.05822693434508921,559
44,reliability_fedavg_event,X,0.03805287421326118,0.053352032069874586,-0.0002754046181833275,559
44,reliability_fedavg_event,Y,0.03786299829096375,0.05348001984238343,0.006041516494072561,559
44,reliability_fedavg_event,Z,0.0376051128514974,0.051861819200351496,-0.0001629868354431765,559
44,reliability_fedavg_event,S26,0.04875071409903133,0.06623532133607195,-0.039187568159064205,559
44,reliability_fedavg_event,S27,0.048358542580948474,0.06377274913427314,-0.03978484103655858,559
44,reliability_fedavg_event,S28,0.06656915719965756,0.08268621451483617,-0.06371920524674846,559
44,reliability_fedavg_event,S29,0.05038308521627727,0.06438283127813466,-0.038357177983772854,559
44,reliability_fedavg_event,S30,0.03880264559180279,0.052006987409931,-0.010853173642151461,559
44,reliability_fedavg_event,S31,0.062168460017864045,0.07862748808583579,-0.05853534627662912,559
44,reliability_fedavg_event,S32,0.06063071631775229,0.07746932937696396,-0.05593892123080767,559
44,reliability_fedavg_event,S33,0.0394028748395188,0.053621570524268816,-0.004801325658494557,559
44,reliability_fedavg_event,S34,0.05374778817242848,0.06854693226773514,-0.04364323914667495,559
44,reliability_fedavg_event,S35,0.05004446865900791,0.06695310102302482,-0.04139113919692837,559
44,reliability_fedavg_event,S36,0.03733875351972138,0.05250591141089253,0.005208540401064952,559
44,reliability_fedavg_event,S37,0.036206379975671235,0.05133583856619053,0.00391920196520971,559
44,reliability_fedavg_event,S38,0.03762982049005186,0.05350041761408074,0.005382813597518671,559
44,reliability_fedavg_event,S39,0.03706204460088075,0.05147909382418949,0.0004685950455191663,559
44,reliability_fedavg_event,S40,0.0462112263255721,0.06096504250568008,-0.03258048362108631,559
44,reliability_fedavg_event,S41,0.05506921376758253,0.06874198205017062,-0.04754274025051436,559
44,reliability_fedavg_event,S42,0.06494668998950442,0.08209309717128023,-0.06115715512056204,559
44,reliability_fedavg_event,S43,0.03714558982589384,0.05112291773227138,-0.0071600149300245965,559
44,reliability_fedavg_event,S44,0.06356550673354411,0.07821305840682433,-0.060169842827661975,559
44,reliability_fedavg_event,S45,0.03994040310712721,0.054656579078470394,0.005528933562718212,559
44,reliability_fedavg_event,S46,0.06483323790619486,0.08139842269616486,-0.06178127978436902,559
44,reliability_fedavg_event,S47,0.06505416172568242,0.08143051691392242,-0.060758932753531045,559
44,reliability_fedavg_event,S48,0.038557330681104174,0.052570959055745194,-0.003495047912571191,559
44,reliability_fedavg_event,S49,0.042110138673132055,0.05672827247987189,-0.011843058068225283,559
44,reliability_fedavg_event,S50,0.052034539537094464,0.07018065568365638,-0.04206262393446376,559
44,reliability_fedavg_event,S51,0.0471985352368049,0.060287609250791706,-0.034243115054423484,559
44,reliability_fedavg_event,S52,0.03785258297573555,0.05240774379679108,0.001179529955420703,559
44,reliability_fedavg_event,S53,0.03802458157309719,0.05291984576422339,-0.0012584667667839844,559
44,reliability_fedavg_event,S54,0.03762511571369751,0.052628138725320475,0.004804370677291686,559
44,reliability_fedavg_event,S55,0.06376827422117945,0.08110738715701223,-0.05916162504821229,559
44,reliability_fedavg_event,S56,0.05124178785997966,0.06823770000365874,-0.04196169780516682,559
44,reliability_fedavg_event,S57,0.03510805202043267,0.04927807925536546,0.00392611717433737,559
44,reliability_fedavg_event,S58,0.06019715573209669,0.07679047757479864,-0.05442549997781552,559
44,reliability_fedavg_event,S59,0.037572018593909594,0.051912901740953026,0.004118781893352489,559
44,reliability_fedavg_event,S60,0.03580874552673698,0.050394983957291854,0.004068362808158231,559
44,reliability_fedavg_event,S61,0.037159047521857384,0.052091281784704124,0.004101776022277439,559
44,reliability_fedavg_event,S62,0.05429335719029451,0.07216521898994832,-0.047056735871019835,559
44,reliability_fedavg_event,S63,0.04168059976878934,0.05559774178843287,-0.015887860232699256,559
44,reliability_fedavg_event,S64,0.038515495368169554,0.05230453760864598,-0.004912907175831364,559
44,reliability_fedavg_event,S65,0.03865633250207079,0.05206422249358357,-0.00692680945579539,559
44,reliability_fedavg_event,S66,0.03726391765955012,0.05186969145952564,0.001744160814646445,559
44,reliability_fedavg_event,S67,0.04601278072010646,0.061512590807053874,-0.032876533964917076,559
44,reliability_fedavg_event,S68,0.06650362485621544,0.08404127748396448,-0.06259874887189666,559
44,reliability_fedavg_event,S69,0.05824378872234441,0.07675248612663643,-0.052015905603574844,559
44,reliability_fedavg_event,S70,0.06317045457783191,0.07998527812637528,-0.0595327467039729,559
44,reliability_fedavg_event,S71,0.06594526357965441,0.08294176797683965,-0.061745320311006095,559
44,reliability_fedavg_event,S72,0.05641109542962837,0.0742290741383376,-0.049265464287574445,559
44,reliability_fedavg_event,S73,0.0383307731111429,0.05281987276358541,0.004716989228148713,559
44,reliability_fedavg_event,S74,0.03819100169110077,0.05255980034038104,-0.001134936450789008,559
44,reliability_fedavg_event,S75,0.036588398340259794,0.051203473634128645,0.004214843839643547,559
44,reliability_fedavg_event,S76,0.04864074419604944,0.06493561221423139,-0.03894062293964157,559
44,reliability_fedavg_event,S77,0.04795577154204929,0.06444969184437815,-0.03764737621224644,559
44,reliability_fedavg_event,S78,0.04265431256009739,0.055322574279410584,-0.024127258677081386,559
44,reliability_fedavg_event,S79,0.03994390103142968,0.055265258775492015,-0.0008501655168911318,559
44,reliability_fedavg_event,S80,0.055017801341542404,0.07238277630904888,-0.04810132769024756,559
44,reliability_fedavg_event,S81,0.06032455230615109,0.07520412708728541,-0.05569624511508583,559
44,reliability_fedavg_event,S82,0.03467247229942482,0.04921384557075312,0.0012340279935804165,559
44,reliability_fedavg_event,S83,0.05479757934650456,0.06964154066185121,-0.046409195552668356,559
44,reliability_fedavg_event,S84,0.05393973037588855,0.07147264270602012,-0.04683231241369623,559
44,reliability_fedavg_event,S85,0.03714089390525198,0.05203106662013078,0.0006637050764391962,559
44,reliability_fedavg_event,S86,0.05485290576318989,0.07199543254640839,-0.04643956757248888,559
44,reliability_fedavg_event,S87,0.06558299123864347,0.08153344797173595,-0.06206417107648068,559
44,reliability_fedavg_event,S88,0.06350831849598834,0.08132751551176202,-0.05906091412081182,559
44,reliability_fedavg_event,S89,0.052958437450781375,0.07064747703448776,-0.044309915752396484,559
44,reliability_fedavg_event,S90,0.036734878586410266,0.05182320070997443,0.004881272863634997,559
44,reliability_fedavg_event,S91,0.05443415929786594,0.07122580278099534,-0.04639347326401987,559
44,reliability_fedavg_event,S92,0.05789122236675994,0.07414813879925983,-0.05102848061002218,559
44,reliability_fedavg_event,S93,0.055541609944975624,0.07194227271732213,-0.049997809806618713,559
44,reliability_fedavg_event,S94,0.042220557582096495,0.056624559298785626,-0.011974063547401421,559
44,reliability_fedavg_event,S95,0.04784125967394004,0.06373030292170188,-0.03634675364174558,559
44,reliability_fedavg_event,S96,0.05405319647818524,0.07200447518141269,-0.0462763629089841,559
44,reliability_fedavg_event,S97,0.06156212713986749,0.0782768673135899,-0.0572961140501068,559
44,reliability_fedavg_event,S98,0.03818667930349281,0.053398817717397344,0.005272892987678804,559
44,reliability_fedavg_event,S99,0.03758826375020958,0.051815252395518735,0.0027646230873593493,559
45,persistence,A,0.08754535995625594,0.09986532012229307,-0.0009177990685394517,559
45,persistence,B,0.08374004915218354,0.09518080685988162,-0.0007730421184500503,559
45,persistence,C,0.08633244258005085,0.09799064614514763,-0.0007084223474267611,559
45,persistence,D,0.090352484314121,0.10222414007141539,-0.0006821877922869432,559
45,persistence,E,0.08653207411922928,0.09804572066192607,-0.0007057718387829916,559
45,persistence,F,0.08525240996505172,0.09706688564587575,-0.0008033737265932343,559
45,persistence,G,0.08982917550727991,0.10175444065799613,-0.0007385972025929175,559
45,persistence,H,0.08785609283471191,0.09947132290045005,-0.0007043730684977578,559
45,persistence,I,0.08852044494584375,0.10031038549093606,-0.000870098213686846,559
45,persistence,J,0.08269050046101825,0.09420648479518137,-0.0006549897256318966,559
45,persistence,K,0.08372315586492926,0.09488952529310016,-0.0006958512516029192,559
45,persistence,L,0.0849563182928901,0.09646514990272802,-0.000808951382030448,559
45,persistence,M,0.08875213637185818,0.1005799436871098,-0.0007534637497004941,559
45,persistence,N,0.08752292899868062,0.09914013652075172,-0.0007282860172256055,559
45,persistence,O,0.08550698520142538,0.09706598819997841,-0.0006352336094289858,559
45,persistence,P,0.08435777377756645,0.09580149330845975,-0.0008041979304568139,559
45,persistence,Q,0.09032722066276522,0.10239754644546285,-0.0007352170585246494,559
45,persistence,R,0.08921983156231718,0.10145527381794262,-0.0008700133581370471,559
45,persistence,S,0.0835259411334475,0.09478409397816669,-0.0006861778495546717,559
45,persistence,T,0.08857267634394997,0.10020122066486024,-0.0008274450184267568,559
45,persistence,U,0.08573955367819101,0.09759390364786197,-0.0007625214304868298,559
45,persistence,V,0.08469127150679803,0.09611172998649824,-0.0006898886268818501,559
45,persistence,W,0.0850947303210147,0.0963851632076525,-0.0006747016060950771,559
45,persistence,X,0.08102482177270492,0.0918578466820027,-0.0006597906614325554,559
45,persistence,Y,0.08582412400503671,0.09731250076212325,-0.0006387976211893884,559
45,persistence,Z,0.08666731810512951,0.09836563651012586,-0.0005490038802594026,559
45,persistence,S26,0.0827592449843357,0.09401823815737734,-0.0007022164994434242,559
45,persistence,S27,0.08642169795280626,0.09785704358489525,-0.0007261322096509989,559
45,persistence,S28,0.08439501454401949,0.09573648025252687,-0.0007161514960657988,559
45,persistence,S29,0.08261878650438886,0.09367224323990139,-0.000674530574702033,559
45,persistence,S30,0.08700173910813863,0.09873782346775634,-0.0007561855201404508,559
45,persistence,S31,0.08467085885253864,0.09594047238546913,-0.000701921243946966,559
45,persistence,S32,0.08812781855591499,0.10023653526337326,-0.0006988291080950974,559
45,persistence,S33,0.0876011260379479,0.09997746246385156,-0.0009117248823802938,559
45,persistence,S34,0.08423247607966322,0.09591861062844016,-0.0010705493946188197,559
45,persistence,S35,0.08863257633127299,0.10046389227300682,-0.0008155224350829191,559
45,persistence,S36,0.09041491740768273,0.10259388456654449,-0.0006964307545275262,559
45,persistence,S37,0.08097192961914208,0.09189221842133626,-0.0006518716776446975,559
45,persistence,S38,0.08116157212605096,0.0930086176021447,-0.0005645761963358851,559
45,persistence,S39,0.09032482081775975,0.10258833611562189,-0.0005348539733776093,559
45,persistence,S40,0.0828457825894561,0.09467955494718797,-0.0007311520503159348,559
45,persistence,S41,0.08982812119963629,0.10204208126717514,-0.0007664948958508488,559
45,persistence,S42,0.087801300429894,0.09980960310961974,-0.0008706870765386945,559
45,persistence,S43,0.08975192108599732,0.10173802044999225,-0.0007370125738927205,559
45,persistence,S44,0.09022875305028609,0.10214301329563116,-0.0007536584029910496,559
45,persistence,S45,0.08743931477837771,0.09921938046604412,-0.0007350809621409728,559
45,persistence,S46,0.08848906489802566,0.10094569344758408,-0.0009479063165096911,559
45,persistence,S47,0.09070094009894254,0.10280574690432955,-0.0007579861516391189,559
45,persistence,S48,0.08786316194499914,0.09961846114322967,-0.0006978816780959771,559
45,persistence,S49,0.08210073395262343,0.09298749452726197,-0.0006872527222174065,559
45,persistence,S50,0.0913678712532993,0.10379875216845726,-0.0007475174625370025,559
45,persistence,S51,0.0886166235177956,0.10046219698140495,-0.0007422816892169509,559
45,persistence,S52,0.08547097661787367,0.09674309677773393,-0.0007493601368876818,559
45,persistence,S53,0.08434652577675812,0.09562045858919313,-0.0007292218764574135,559
45,persistence,S54,0.08400441498122026,0.09544917617713229,-0.0008381351322303851,559
45,persistence,S55,0.08858185584097934,0.10083469276417283,-0.001014315445944067,559
45,persistence,S56,0.09147136037383513,0.10379938986304357,-0.0007642891702316335,559
45,persistence,S57,0.08345923663453533,0.09462814095383129,-0.0006708531637970951,559
45,persistence,S58,0.08537317550372939,0.09696586127835498,-0.0007210456106431902,559
45,persistence,S59,0.08318229775820828,0.09423553140873837,-0.0006599648758162592,559
45,persistence,S60,0.0837850280547363,0.0949823220411593,-0.0007373758010467938,559
45,persistence,S61,0.08839008694046889,0.10049803324374111,-0.0007820614876620444,559
45,persistence,S62,0.08223157992281606,0.09327324354829224,-0.0006725645739891715,559
45,persistence,S63,0.08750428283530452,0.0994139704025255,-0.0007640493913738587,559
45,persistence,S64,0.0906070305782367,0.10294882249629748,-0.0009762285705630822,559
45,persistence,S65,0.08402727810495819,0.09534873633542756,-0.0007494897411387307,559
45,persistence,S66,0.08312777847123261,0.09426820406430296,-0.0008500124596905677,559
45,persistence,S67,0.08639547576918934,0.0983827964319368,-0.0008284286264232685,559
45,persistence,S68,0.08171607767713251,0.09295064792637692,-0.0006476487786957264,559
45,persistence,S69,0.09098405049978847,0.10287966486753844,-0.0007530659131459185,559
45,persistence,S70,0.08912962007362142,0.10084160127157042,-0.000506230704744608,559
45,persistence,S71,0.08875483455403403,0.10086988988558,-0.0006700607976952837,559
45,persistence,S72,0.09229511670901129,0.10492649539819672,-0.0007555260645160668,559
45,persistence,S73,0.08744468642332073,0.09898620060206262,-0.0007198764142881885,559
45,persistence,S74,0.08302065386430216,0.09444045956680154,-0.0005696443036991657,559
45,persistence,S75,0.08405869892941645,0.09566513692986815,-0.0008431592750428028,559
45,persistence,S76,0.0847677646524711,0.09607236737837567,-0.0007007400120386924,559
45,persistence,S77,0.09046354158340486,0.10286699724848063,-0.0006491709363882968,559
45,persistence,S78,0.08567869958421132,0.09693442085680329,-0.0007527254772587464,559
45,persistence,S79,0.09262742726832016,0.1048887054145703,-0.0006682716105099974,559
45,persistence,S80,0.09211148926988244,0.10437529326982524,-0.0009103123463477026,559
45,persistence,S81,0.08467906126910771,0.09643721659614285,-0.0008661903949930917,559
45,persistence,S82,0.08825805286163788,0.10022953546771686,-0.0008591783698648214,559
45,persistence,S83,0.0880619563363919,0.09990625716609033,-0.0008338630884179382,559
45,persistence,S84,0.08455945957537027,0.09574286122288574,-0.0006636117184318082,559
45,persistence,S85,0.0909055803458028,0.10327584595295196,-0.0006161102221625622,559
45,persistence,S86,0.08478727851453285,0.09613515202179153,-0.0006902057339923793,559
45,persistence,S87,0.09017331281721455,0.10243989737134797,-0.000716851223347632,559
45,persistence,S88,0.08849164402591979,0.10039848120574535,-0.0008071927609999226,559
45,persistence,S89,0.08538235727463218,0.0966881143985038,-0.0007310862785356439,559
45,persistence,S90,0.08677229109555083,0.09832403718765242,-0.0008741344411879085,559
45,persistence,S91,0.08559600518573215,0.09700488242020593,-0.0006953100448937451,559
45,persistence,S92,0.08572374060433458,0.09718464904569488,-0.0007246570829935172,559
45,persistence,S93,0.08513427139026628,0.0966295455842576,-0.0005779941628765388,559
45,persistence,S94,0.0848915632308106,0.09646500748236071,-0.0006932052664961899,559
45,persistence,S95,0.08810000923734611,0.09982971327514284,-0.0007276016781906296,559
45,persistence,S96,0.0850157935646311,0.0962979604448084,-0.0006786279062938764,559
45,persistence,S97,0.08730737535676157,0.09894177435753929,-0.000718947972315955,559
45,persistence,S98,0.08483037824017972,0.09611829646132616,-0.000881216320871877,559
45,persistence,S99,0.08624285302170318,0.0979446463181603,-0.00075121449249545,559
45,smart_persistence,A,0.052145701727327146,0.0708812230777449,0.014815113478107378,559
45,smart_persistence,B,0.04948414827043887,0.06714073229782426,0.013848048551941093,559
45,smart_persistence,C,0.05152997374159746,0.0700667789537584,0.01469275677511685,559
45,smart_persistence,D,0.05375927584728956,0.07355386755592273,0.015307466604468647,559
45,smart_persistence,E,0.05102084030452216,0.06925792036762764,0.014611620620919362,559
45,smart_persistence,F,0.05074908361688576,0.06925948379234044,0.014253041497889859,559
45,smart_persistence,G,0.05259404882575404,0.07151325248822546,0.015083629411373667,559
45,smart_persistence,H,0.0513757465266471,0.06983560964089656,0.014718536706974527,559
45,smart_persistence,I,0.05190116416517985,0.0704148054691629,0.014692088867719277,559
45,smart_persistence,J,0.04943354744509976,0.06735716950347129,0.013708688973279233,559
45,smart_persistence,K,0.049265560268362804,0.06707715460231146,0.014179338422005793,559
45,smart_persistence,L,0.04990022422950748,0.06740666807772894,0.013611201377258984,559
45,smart_persistence,M,0.05195465654052281,0.0706730816313198,0.01487650723035792,559
45,smart_persistence,N,0.05120937755141467,0.06959475517005988,0.01467937815847785,559
45,smart_persistence,O,0.050605113416900174,0.0686703382827948,0.014593490701392027,559
45,smart_persistence,P,0.04940132428973177,0.06728168842023777,0.014156886592090016,559
45,smart_persistence,Q,0.05309737073332538,0.07222375796924659,0.015246496678701534,559
45,smart_persistence,R,0.052506930919761656,0.07191865802309,0.015043445631482869,559
45,smart_persistence,S,0.04896217393118235,0.06650687009264526,0.013862274604856182,559
45,smart_persistence,T,0.05149797112464385,0.07001217699646649,0.014639339936657248,559
45,smart_persistence,U,0.0506967317936892,0.06894930367706731,0.014382461429538609,559
45,smart_persistence,V,0.049593089986634184,0.06746211897148867,0.01418113112903645,559
45,smart_persistence,W,0.050054158930865005,0.06802539111674727,0.014388736399483728,559
45,smart_persistence,X,0.04782911270277072,0.06516003474616647,0.013787774860605678,559
45,smart_persistence,Y,0.050577010171969417,0.06902262805072233,0.014611159465259045,559
45,smart_persistence,Z,0.05317866342031432,0.07183716176173069,0.01490251374058592,559
45,smart_persistence,S26,0.04921176168052996,0.06667719187493512,0.013976075082987361,559
45,smart_persistence,S27,0.05002978305817184,0.068012602363913,0.0143599584598714,559
45,smart_persistence,S28,0.049792682006455334,0.06779135420443543,0.014239994783207694,559
45,smart_persistence,S29,0.04882000102070102,0.06652532818929092,0.014086094432492108,559
45,smart_persistence,S30,0.05124171710138298,0.06965858279309524,0.014707409660123648,559
45,smart_persistence,S31,0.04997829767777076,0.0681448052456498,0.014413270360435325,559
45,smart_persistence,S32,0.05207038915646137,0.07099993681158527,0.014852282615738366,559
45,smart_persistence,S33,0.05264451164020849,0.0716111560209563,0.014754750243136543,559
45,smart_persistence,S34,0.04958656282549014,0.06756497378078843,0.013473514893153859,559
45,smart_persistence,S35,0.05234451333272449,0.07127203604430393,0.014995381261483634,559
45,smart_persistence,S36,0.05325999810475538,0.07228225183656047,0.015120375119718225,559
45,smart_persistence,S37,0.04788169638863523,0.06527753398150439,0.01383647875325531,559
45,smart_persistence,S38,0.04911102650495294,0.06747039575923207,0.014137594739826103,559
45,smart_persistence,S39,0.0532238665161811,0.07211594341754983,0.015122900661980743,559
45,smart_persistence,S40,0.0492422510038858,0.06683878902949426,0.013670128384690018,559
45,smart_persistence,S41,0.0525243301281031,0.07160983921368544,0.01482674998158811,559
45,smart_persistence,S42,0.05240425146526402,0.0713081727023854,0.014711540244846256,559
45,smart_persistence,S43,0.05289553288263744,0.07208361547851995,0.015233230663793352,559
45,smart_persistence,S44,0.052522756584981636,0.07125820267070938,0.015012417767490118,559
45,smart_persistence,S45,0.051434164292850464,0.07052014001432402,0.014781879346937688,559
45,smart_persistence,S46,0.05156082447982122,0.07008919914069275,0.014388000552044462,559
45,smart_persistence,S47,0.05340216285330435,0.07267363785603889,0.0153890211110783,559
45,smart_persistence,S48,0.051786167861990404,0.07051064293045546,0.014919622064849664,559
45,smart_persistence,S49,0.048054584284931125,0.06545275460866203,0.013822077259951153,559
45,smart_persistence,S50,0.053321042812580564,0.07279536258755888,0.015111123679581886,559
45,smart_persistence,S51,0.052362601022437644,0.07139697864644641,0.015099913239635674,559
45,smart_persistence,S52,0.04985069392718815,0.06785391789892994,0.01423797416392454,559
45,smart_persistence,S53,0.04974183269938011,0.06766555584255927,0.014226826834150845,559
45,smart_persistence,S54,0.04982329775112363,0.06747244547499377,0.013966715226865378,559
45,smart_persistence,S55,0.0528351037089558,0.07140103419291403,0.014844264320101195,559
45,smart_persistence,S56,0.05366178010438347,0.07320613331896397,0.015321778425799387,559
45,smart_persistence,S57,0.04937875201160918,0.06728908427582332,0.014261038360404174,559
45,smart_persistence,S58,0.05069854975284838,0.06890573546662583,0.014562138825678307,559
45,smart_persistence,S59,0.04873500077332135,0.06631535254660689,0.01395355015101781,559
45,smart_persistence,S60,0.049193597010404294,0.06661584319674022,0.013917050495879534,559
45,smart_persistence,S61,0.05203648654367918,0.070914143928552,0.014961452955694133,559
45,smart_persistence,S62,0.04853234184057867,0.06607151056158225,0.013972918466749818,559
45,smart_persistence,S63,0.05233898934156822,0.07157839225893914,0.014787414012899978,559
45,smart_persistence,S64,0.054241647206106074,0.07432221951620922,0.014969056060980033,559
45,smart_persistence,S65,0.04908178046328842,0.06653337360556809,0.0139343020358237,559
45,smart_persistence,S66,0.04880383343199245,0.06623191820253051,0.01388468620723883,559
45,smart_persistence,S67,0.05117120883996725,0.0694409768757686,0.014452844754718194,559
45,smart_persistence,S68,0.04865412820694545,0.06653292786122512,0.013888585413906104,559
45,smart_persistence,S69,0.05319480983663703,0.07222562603027394,0.015065258637083984,559
45,smart_persistence,S70,0.053081186246901606,0.0718095135082435,0.015280489200244662,559
45,smart_persistence,S71,0.052052864410530454,0.07081987015669843,0.014809690551330005,559
45,smart_persistence,S72,0.054823566844590235,0.07367718404938234,0.015286723971500167,559
45,smart_persistence,S73,0.05086642902924251,0.06899242628009242,0.014504324511519912,559
45,smart_persistence,S74,0.049271809782296394,0.06682832830341974,0.013964455230294832,559
45,smart_persistence,S75,0.049393955389477565,0.06686597525899707,0.013683503514908801,559
45,smart_persistence,S76,0.0501767181689736,0.06858686727557116,0.014367925581290705,559
45,smart_persistence,S77,0.053814902529625466,0.07346949716320157,0.015398300272352828,559
45,smart_persistence,S78,0.05016312531232234,0.06797368870289613,0.014263046578435837,559
45,smart_persistence,S79,0.05405045864597123,0.07307580006912469,0.015379852974330857,559
45,smart_persistence,S80,0.05380478216591749,0.0729226863883712,0.015179734202251771,559
45,smart_persistence,S81,0.05028609121559864,0.06878669249156372,0.014257273516386134,559
45,smart_persistence,S82,0.051999350105060765,0.07065856686190582,0.014803927709983265,559
45,smart_persistence,S83,0.051444775202479844,0.06977028783552397,0.014524606050680223,559
45,smart_persistence,S84,0.04933669203134297,0.06700175024123182,0.014182051316766678,559
45,smart_persistence,S85,0.05382643443384843,0.07307514582349699,0.015289604133419852,559
45,smart_persistence,S86,0.049734010042190344,0.06774245517642834,0.014238449379286108,559
45,smart_persistence,S87,0.053302749838452616,0.07243732845188658,0.015153718049648802,559
45,smart_persistence,S88,0.05207746809348256,0.07101734022663254,0.014888407867799608,559
45,smart_persistence,S89,0.0499877583323022,0.06793261734289814,0.01424349382368632,559
45,smart_persistence,S90,0.05067381678042477,0.06936863343734934,0.014488615349688183,559
45,smart_persistence,S91,0.050379254838555036,0.06867329109161088,0.014533512409249978,559
45,smart_persistence,S92,0.05059007835392849,0.068957509281486,0.014587564446358593,559
45,smart_persistence,S93,0.05100424817433391,0.0693380846683447,0.014711965586446985,559
45,smart_persistence,S94,0.049640664077957024,0.06788020528888751,0.014329890115977946,559
45,smart_persistence,S95,0.051894987786100424,0.07067727726183574,0.014945471190517578,559
45,smart_persistence,S96,0.04984269330772856,0.06784338814772307,0.01434180778551227,559
45,smart_persistence,S97,0.0513609287650566,0.06992233987916474,0.014777729774230496,559
45,smart_persistence,S98,0.049870052911003396,0.06816534292964686,0.013793382455092106,559
45,smart_persistence,S99,0.05116271647703392,0.07012643042156687,0.014469318361040737,559
45,local_only,A,0.04801450880599035,0.06436362024166656,-0.02506044841814438,559
45,local_only,B,0.04745693523678362,0.05925043400886698,0.01778574241117003,559
45,local_only,C,0.049362302385853714,0.06372593522967852,0.015064612920237756,559
45,local_only,D,0.06897998026577166,0.08331177178108616,0.030684546967351907,559
45,local_only,E,0.044371378669691854,0.06590360495344096,0.01584018071470299,559
45,local_only,F,0.03794710624509879,0.05553252010613801,0.013175866275872495,559
45,local_only,G,0.060468453927255486,0.07622327954715562,0.010236505685584063,559
45,local_only,H,0.03981197075810024,0.060272696901323114,0.0207248070907874,559
45,local_only,I,0.04389341374940851,0.05860935685801511,0.007203642644191391,559
45,local_only,J,0.046589176009129235,0.061458413367846444,-0.02044196446215457,559
45,local_only,K,0.044994429049576914,0.060313922936716904,-0.020078022871832888,559
45,local_only,L,0.06986796213622157,0.09413678144461098,-0.05264880727561714,559
45,local_only,M,0.043397890889728924,0.0659747699278785,0.013157665813866543,559
45,local_only,N,0.04362679191586796,0.06300350666542393,0.0006839533624687433,559
45,local_only,O,0.0376188540302237,0.052128556197569856,-0.009399503435729628,559
45,local_only,P,0.1274350613016387,0.14868724287737306,0.10218253207994019,559
45,local_only,Q,0.053749932712177234,0.06960112732637391,0.022372970612026578,559
45,local_only,R,0.039765789081676356,0.0570853296957244,0.002609188721977776,559
45,local_only,S,0.043210222167362776,0.058819541242568656,-0.005023170731360283,559
45,local_only,T,0.04290154997104436,0.05950405996902483,-0.0008848141957980735,559
45,local_only,U,0.11835926209413154,0.13875635996257218,0.09378227165713574,559
45,local_only,V,0.03497172098990849,0.0472317509984314,-0.009761709658044168,559
45,local_only,W,0.03858768901611097,0.05631415374459162,0.005268108879827456,559
45,local_only,X,0.0392001246290418,0.054777909718225964,-0.008807385020451171,559
45,local_only,Y,0.0424850847872394,0.06424926365850919,0.027475342796557316,559
45,local_only,Z,0.045447084354028465,0.06135703450594983,0.0012380553454024075,559
45,local_only,S26,0.06086826892378065,0.07514290322580788,0.02637852499243172,559
45,local_only,S27,0.06630363405477223,0.081125870405355,0.030212219279719274,559
45,local_only,S28,0.03907244908665049,0.05398690494647276,0.006710235251876823,559
45,local_only,S29,0.03641694017697612,0.054224157881708576,0.009428442428338346,559
45,local_only,S30,0.044209952988496885,0.06162812430342076,-0.013183120339908946,559
45,local_only,S31,0.05112307465990109,0.07002225540780023,-0.0165778009066015,559
45,local_only,S32,0.11515427436571309,0.13460130782093407,0.09474449921757556,559
45,local_only,S33,0.04043474234015829,0.05994812719351866,0.014803819130516356,559
45,local_only,S34,0.035524685469777564,0.05039872764557189,0.00037027972005640886,559
45,local_only,S35,0.04498439686404531,0.06811777442205066,0.020585644714057792,559
45,local_only,S36,0.03798998945657362,0.05204797075288684,0.0018309463205066724,559
45,local_only,S37,0.04657434316456971,0.05902092863084816,0.012047144011652668,559
45,local_only,S38,0.03671925274363872,0.05148704114226117,0.003446008837588168,559
45,local_only,S39,0.0611305628671629,0.0848386943300309,-0.04902138281113773,559
45,local_only,S40,0.03800688125963668,0.05250195705497406,-0.004162056228914007,559
45,local_only,S41,0.06085796383440327,0.07552264765810006,0.03587405260081733,559
45,local_only,S42,0.06581166871675091,0.08193296006690966,0.04660689270570341,559
45,local_only,S43,0.040873687427777514,0.061086079857201894,0.006467071041957957,559
45,local_only,S44,0.036909848625716724,0.052199908598445525,0.007993858275112025,559
45,local_only,S45,0.06747248286901172,0.08122030925970532,0.02054798920857112,559
45,local_only,S46,0.052131219558504326,0.06757266696525027,-0.0180742932332542,559
45,local_only,S47,0.04055225536111019,0.057310623561748854,0.00016371065437083995,559
45,local_only,S48,0.053442848408144894,0.06680811692690826,0.02957664461296605,559
45,local_only,S49,0.0456110790670951,0.058612520871597136,0.016482234928733627,559
45,local_only,S50,0.07565093438595255,0.10452382716408817,-0.056330126652184606,559
45,local_only,S51,0.060409469586215604,0.07493244555726049,0.02036862511126148,559
45,local_only,S52,0.04300590605210106,0.0581629834341107,0.00367092463306163,559
45,local_only,S53,0.04564355128179829,0.06036646688709606,-0.019655363557590354,559
45,local_only,S54,0.03722652306808125,0.05187849588769653,0.006098321557677249,559
45,local_only,S55,0.051280723148515395,0.06832682603251472,-0.013524347453291506,559
45,local_only,S56,0.06242347668849302,0.07751051275792496,0.029441859502214538,559
45,local_only,S57,0.05735937170042908,0.07105801819622161,0.015144299155547682,559
45,local_only,S58,0.05226110872539337,0.06453124790863193,0.014174411877613242,559
45,local_only,S59,0.044116070270388386,0.06091650074780804,-0.006563228512955879,559
45,local_only,S60,0.04298155527982164,0.05936550321653971,-0.0005386724389384773,559
45,local_only,S61,0.10152896036602613,0.11779383329971511,0.08410182142180803,559
45,local_only,S62,0.04653008301802353,0.06066418498667149,-0.026533921980190764,559
45,local_only,S63,0.03802548151476599,0.05242574844906725,-0.00943170237806434,559
45,local_only,S64,0.03847815381804121,0.05244474760877808,-0.0059311708119074765,559
45,local_only,S65,0.04008485818801786,0.05775020608871657,0.01609013334772806,559
45,local_only,S66,0.047574769444380466,0.0619065882719437,0.01705444688002424,559
45,local_only,S67,0.04335114754642083,0.06442134619344853,0.012587853770526892,559
45,local_only,S68,0.07064581675182575,0.08503311679008581,0.034720045617075174,559
45,local_only,S69,0.11941528018923853,0.142098370359251,0.09002749976237207,559
45,local_only,S70,0.044570860181591926,0.059201229776608154,0.0072160513910393305,559
45,local_only,S71,0.08304252948710689,0.09767071199912541,0.039248136414172484,559
45,local_only,S72,0.043234980873403696,0.056435275755939006,-0.015865163914259517,559
45,local_only,S73,0.04122129134993754,0.05967029036903584,0.0030704578701306754,559
45,local_only,S74,0.07850992195149933,0.09388984754493966,0.045957039162426626,559
45,local_only,S75,0.052485088668247165,0.07300171341467417,-0.031817713314634025,559
45,local_only,S76,0.04384812497915384,0.06087747537562182,-0.022154076513042922,559
45,local_only,S77,0.052586172029634476,0.06769784848275094,0.027185172846709287,559
45,local_only,S78,0.09304614255308091,0.12309075403424827,-0.08637541933909845,559
45,local_only,S79,0.04139562716794222,0.05729197237462974,0.0038307289699549005,559
45,local_only,S80,0.04471639166077956,0.06474309070720476,0.015887030495300703,559
45,local_only,S81,0.06157137460428522,0.08229331782581312,-0.045286498066247814,559
45,local_only,S82,0.043804778385914074,0.066284392132276,0.016482757784306256,559
45,local_only,S83,0.051727528286488036,0.06903242684905363,-0.02274545565770676,559
45,local_only,S84,0.05007051090853146,0.06774690781998373,-0.02378064900018568,559
45,local_only,S85,0.06437633499567279,0.07864185118970538,0.030878315722421546,559
45,local_only,S86,0.04523513398717586,0.061582633948056596,-0.01460938399633866,559
45,local_only,S87,0.136182807944361,0.15890368426111692,0.12110630678600667,559
45,local_only,S88,0.04899295666826721,0.06659443571391035,-0.024149556780512626,559
45,local_only,S89,0.06290778545788235,0.0767617915835696,0.021336308559607955,559
45,local_only,S90,0.034258076225529045,0.0488955143132656,0.0017354384269598665,559
45,local_only,S91,0.07781757416506839,0.10646224359828634,-0.06590040945922807,559
45,local_only,S92,0.04577247731550888,0.06088779508896777,0.008432827252654729,559
45,local_only,S93,0.07300809934387094,0.0876038592020516,0.03412068148363508,559
45,local_only,S94,0.09437481657337823,0.11155085598214397,0.061030916358370914,559
45,local_only,S95,0.036695819268751165,0.051961145888704714,0.009255260236816203,559
45,local_only,S96,0.04582021036435232,0.06200292924909855,-0.0031521839955205196,559
45,local_only,S97,0.048697798647826175,0.06530629699311419,0.0048905014625229,559
45,local_only,S98,0.06264219511503792,0.07786511482997081,0.03982051013897453,559
45,local_only,S99,0.094358819671086,0.11268078686169503,0.06148826926273972,559
45,fedavg,A,0.03990155040849398,0.05382082315581575,-0.007269955054373265,559
45,fedavg,B,0.039537901835589404,0.05232975207820814,0.01126888005041279,559
45,fedavg,C,0.039533609291538596,0.054730775805639884,0.011058246166643575,559
45,fedavg,D,0.04160888401469905,0.05624088986458051,0.011141615151719245,559
45,fedavg,E,0.0362906205736114,0.049942969214758236,-0.008116862515057562,559
45,fedavg,F,0.036315203061217376,0.05061839212373984,-0.005185338519413644,559
45,fedavg,G,0.04135447419173549,0.0565740065937422,0.011654013584572855,559
45,fedavg,H,0.034853342209554446,0.04870423852778158,-0.005998381428930355,559
45,fedavg,I,0.0395413374012646,0.05322054188798529,0.006692911282078445,559
45,fedavg,J,0.040494814573633874,0.05397165150470296,0.01138472853270934,559
45,fedavg,K,0.03717982411394579,0.05182292952161546,-0.006560360772072043,559
45,fedavg,L,0.03954354705570569,0.052791512272154784,-0.0006565521092175745,559
45,fedavg,M,0.0358614534052582,0.04986407230359945,-0.006466302676467901,559
45,fedavg,N,0.03649570215126909,0.050869555632285686,-0.008405049526414205,559
45,fedavg,O,0.03885036604503946,0.05178968313321652,0.004943379447987046,559
45,fedavg,P,0.051957547195544816,0.07063307979045709,0.037173753038564385,559
45,fedavg,Q,0.0410880198438147,0.055163614093374044,0.012894689313290984,559
45,fedavg,R,0.03618163639099661,0.04982539243264983,-0.007473644470371771,559
45,fedavg,S,0.038985136959473525,0.05169695251872933,0.010157440726775243,559
45,fedavg,T,0.040264222473955724,0.05373680620281188,0.012285219410880868,559
45,fedavg,U,0.051370449884409794,0.07016169543849066,0.03522474133519519,559
45,fedavg,V,0.034940696728985574,0.04807636661087643,-0.007206188574598266,559
45,fedavg,W,0.03575998599131214,0.0491898781713771,-0.008788180120592548,559
45,fedavg,X,0.03557879123203656,0.04910699601071003,-0.009536730215513215,559
45,fedavg,Y,0.034627269213137836,0.04790481658225868,-0.006271775044902346,559
45,fedavg,Z,0.04153946723121723,0.05629152716976065,0.012880941846054747,559
45,fedavg,S26,0.03891437590223852,0.052395390353397985,0.011474722552767993,559
45,fedavg,S27,0.041681040215017756,0.05778759651343838,0.014854320103372572,559
45,fedavg,S28,0.035020795865700796,0.048029553016780815,-0.007987237571237179,559
45,fedavg,S29,0.03379606851834757,0.04679296011988404,-0.007384587461645307,559
45,fedavg,S30,0.04149822345376681,0.05569356876680024,0.009469286888531261,559
45,fedavg,S31,0.04014314008186936,0.05393980854508512,0.012344597101591408,559
45,fedavg,S32,0.0505303444989752,0.06930791609718122,0.03273236178226556,559
45,fedavg,S33,0.03603807652547409,0.04961830445211066,-0.006968676525356384,559
45,fedavg,S34,0.03691986503332773,0.04993496449543964,-0.008013459786352883,559
45,fedavg,S35,0.035694992659973356,0.04923998039502902,-0.007876772359796601,559
45,fedavg,S36,0.036871305757195126,0.051285363957811324,-0.0054223804949880255,559
45,fedavg,S37,0.03852750209646636,0.051527179066055175,0.011263822953838168,559
45,fedavg,S38,0.03577735288863567,0.04888965965255298,-0.006454680797284509,559
45,fedavg,S39,0.038980421503549294,0.05411887099729873,-0.0038573836377940153,559
45,fedavg,S40,0.03703541276757381,0.05215614782678632,-0.006215280395672592,559
45,fedavg,S41,0.04218428046285074,0.05652224218819061,0.012929402103836375,559
45,fedavg,S42,0.041778883842621434,0.056350368088274365,0.013058768946024354,559
45,fedavg,S43,0.03593016979292915,0.05013943740295534,-0.006224150182962524,559
45,fedavg,S44,0.03640709287521957,0.0510149451438905,-0.005242919368579424,559
45,fedavg,S45,0.042944639763746524,0.059625412136188743,0.016452100202074684,559
45,fedavg,S46,0.041174714510437464,0.0545997702328423,0.00255761477100625,559
45,fedavg,S47,0.03625432416233976,0.050470396757558954,-0.007403279963005267,559
45,fedavg,S48,0.04015987561365893,0.054160789018651366,0.012618473174520277,559
45,fedavg,S49,0.03834699377649146,0.05141508358334074,0.011375402579790445,559
45,fedavg,S50,0.04048339214305267,0.05515758055817838,-0.0013946162269443227,559
45,fedavg,S51,0.0407696173993674,0.056395900570573906,0.011523426333375688,559
45,fedavg,S52,0.0396126653959105,0.05242416449996404,0.011394718395336156,559
45,fedavg,S53,0.036703611272578804,0.050798398183839216,-0.008044145321590103,559
45,fedavg,S54,0.03511459058226038,0.048144215765837495,-0.00689393629277065,559
45,fedavg,S55,0.03875077061362611,0.05291150714770192,-0.008190126746621363,559
45,fedavg,S56,0.04179595359915548,0.056198069799139286,0.012595613222891608,559
45,fedavg,S57,0.03840638793486775,0.05309104758307251,0.010597893378025917,559
45,fedavg,S58,0.0400991102714718,0.053918687595537716,0.012476745481004735,559
45,fedavg,S59,0.03726788368267682,0.05122029634085926,-0.008428392701487396,559
45,fedavg,S60,0.03714395396518463,0.05111868612966748,-0.008083966815671742,559
45,fedavg,S61,0.044899944283592154,0.0618848814177737,0.023039596704353807,559
45,fedavg,S62,0.0361907716331527,0.05017838508755925,-0.007807108224994355,559
45,fedavg,S63,0.036991287371033736,0.05219318980108137,-0.005514827613553868,559
45,fedavg,S64,0.03770667130462009,0.052455449542934074,-0.005811688479903272,559
45,fedavg,S65,0.03533341584953959,0.04902131944732985,-0.006868404905698703,559
45,fedavg,S66,0.03997153745945843,0.054210505711860306,0.011945135741909443,559
45,fedavg,S67,0.03689892070170297,0.0506616714264351,-0.008164704397596895,559
45,fedavg,S68,0.040661722191106295,0.05730651489032252,0.015579312304426352,559
45,fedavg,S69,0.06109000535678512,0.081692301502876,0.0472193284606651,559
45,fedavg,S70,0.041406220629226505,0.05551903402515918,0.01330150069926294,559
45,fedavg,S71,0.043853336922580304,0.05985541707464971,0.01696084629069957,559
45,fedavg,S72,0.03935405237963407,0.05362269742621778,-0.008150864552459905,559
45,fedavg,S73,0.036199718797062935,0.0499874427122221,-0.008270861715918044,559
45,fedavg,S74,0.04447542039855768,0.06117094666132935,0.023763161587857098,559
45,fedavg,S75,0.039485209673553144,0.053139845181458555,-0.0069993348922980335,559
45,fedavg,S76,0.038698413179377646,0.052437629149102424,0.003493865843602391,559
45,fedavg,S77,0.042139019197681274,0.05656859516571597,0.012786032436570704,559
45,fedavg,S78,0.03833551399621359,0.051791292763601456,-0.0032434610450850243,559
45,fedavg,S79,0.037302313389986325,0.05146948606696919,-0.006892717367601256,559
45,fedavg,S80,0.039926062121467536,0.05530750723017399,-0.006920366972844801,559
45,fedavg,S81,0.038638125184160356,0.05186871483811096,0.0018445930401219824,559
45,fedavg,S82,0.037934009388942196,0.05272840335452422,-0.007641297670111247,559
45,fedavg,S83,0.037729548491131054,0.05187462067682625,-0.008572221349604921,559
45,fedavg,S84,0.03803650604116136,0.05190592879475332,-0.006185936292113606,559
45,fedavg,S85,0.04185294374063018,0.057916601051400445,0.011936942732906259,559
45,fedavg,S86,0.039287852947554366,0.05347606913407229,0.007074223255779434,559
45,fedavg,S87,0.06164661949708281,0.08356013667036374,0.04854925172951169,559
45,fedavg,S88,0.037462546910446266,0.05201264468800575,-0.007204637829056476,559
45,fedavg,S89,0.03973889924921216,0.05386762160932552,0.011177268003290377,559
45,fedavg,S90,0.03633359983673382,0.05005752355021457,-0.008725217539377257,559
45,fedavg,S91,0.03736832200454578,0.05146863351038711,-0.005124590206351498,559
45,fedavg,S92,0.039942016680966495,0.053062540365625965,0.012386960438111121,559
45,fedavg,S93,0.0413644332526175,0.057186130301138095,0.016577253387641155,559
45,fedavg,S94,0.044886476106813414,0.06235573507082769,0.02474823977972326,559
45,fedavg,S95,0.035058991700928986,0.04881647243103421,-0.005897880585785882,559
45,fedavg,S96,0.039922160824114365,0.054133992816116874,0.013041593307256032,559
45,fedavg,S97,0.04039095573573771,0.05399668293540675,0.012011059426597599,559
45,fedavg,S98,0.040825615856558674,0.055164602585307275,0.012072824446156651,559
45,fedavg,S99,0.05278192691378752,0.0716402143759193,0.03669297412857963,559
45,reliability_fedavg,A,0.03927559104587921,0.05338485357428614,-0.006078151045465002,559
45,reliability_fedavg,B,0.03870687194206887,0.052308254369893226,0.008991688138793667,559
45,reliability_fedavg,C,0.03876854551994377,0.05469601526931493,0.009983806982086655,559
45,reliability_fedavg,D,0.04065941025841188,0.056023072949924646,0.009819480762125554,559
45,reliability_fedavg,E,0.03563150691371644,0.049495873194181854,-0.005635007549483789,559
45,reliability_fedavg,F,0.03605586708038512,0.050749966705712975,-0.002579786025874037,559
45,reliability_fedavg,G,0.040507829091669945,0.05640838019304076,0.010324417941658783,559
45,reliability_fedavg,H,0.034367358767259236,0.04861193770416035,-0.00355293687094796,559
45,reliability_fedavg,I,0.03895818900062048,0.053231864638526014,0.004969607071104678,559
45,reliability_fedavg,J,0.039748293412840974,0.053977164843449506,0.009165828377599886,559
45,reliability_fedavg,K,0.036686749518257504,0.05179771725245876,-0.005556390764881492,559
45,reliability_fedavg,L,0.03921435326662694,0.05289209342254855,-0.0015042899138992237,559
45,reliability_fedavg,M,0.03517445874311303,0.04965893568722138,-0.0039113348469468024,559
45,reliability_fedavg,N,0.035937622122879744,0.0503123543091061,-0.006306421744748817,559
45,reliability_fedavg,O,0.0381505213638731,0.051894120154086974,0.003346908086584298,559
45,reliability_fedavg,P,0.05159519417934063,0.07190056157774403,0.03721303192634978,559
45,reliability_fedavg,Q,0.039989422633161034,0.05483670926153562,0.010968584273666917,559
45,reliability_fedavg,R,0.03551983315147662,0.049357616028385995,-0.004934483470764029,559
45,reliability_fedavg,S,0.03823417234538566,0.05174407197634956,0.00798541228416041,559
45,reliability_fedavg,T,0.03930866535151567,0.053498458768054355,0.010051760194849803,559
45,reliability_fedavg,U,0.05108833022470618,0.07134271408901627,0.03518701885570314,559
45,reliability_fedavg,V,0.03434175263181469,0.04797107042129266,-0.004885595261655775,559
45,reliability_fedavg,W,0.03520760562375841,0.048739705864335965,-0.006289089889530499,559
45,reliability_fedavg,X,0.03526560324435797,0.04879611782057218,-0.00792636185857819,559
45,reliability_fedavg,Y,0.0342773702755747,0.047858210675604945,-0.0038385660996100796,559
45,reliability_fedavg,Z,0.04057961698702315,0.056250902570929386,0.010812894992442045,559
45,reliability_fedavg,S26,0.03809912624095828,0.05246335256226213,0.009605341089043052,559
45,reliability_fedavg,S27,0.04096430070924844,0.05808303659465423,0.014097617555922813,559
45,reliability_fedavg,S28,0.03454167207732983,0.04784841785347843,-0.005401904903825419,559
45,reliability_fedavg,S29,0.033438182278487945,0.046739138325223244,-0.005009099963572616,559
45,reliability_fedavg,S30,0.040890392085140795,0.05599225438024389,0.007554845629536508,559
45,reliability_fedavg,S31,0.039311865813636986,0.05391589735932613,0.010139188308548682,559
45,reliability_fedavg,S32,0.049902421235288486,0.07013628213162314,0.03257934780239939,559
45,reliability_fedavg,S33,0.03544443091735817,0.0492856461203963,-0.004378204216867392,559
45,reliability_fedavg,S34,0.036489158549740885,0.049863802433133333,-0.005665176570555445,559
45,reliability_fedavg,S35,0.03508762555148566,0.048706435251720026,-0.005365285019045413,559
45,reliability_fedavg,S36,0.0364337553905239,0.0512004193188601,-0.0030162398688714244,559
45,reliability_fedavg,S37,0.037886825962865155,0.05170760472216731,0.008948001571162895,559
45,reliability_fedavg,S38,0.035590675466267846,0.049153020396460245,-0.003870885781762615,559
45,reliability_fedavg,S39,0.038116389908869494,0.05371583556542534,-0.0032263821047565804,559
45,reliability_fedavg,S40,0.03669526943148069,0.052447452669781555,-0.0035393009724908496,559
45,reliability_fedavg,S41,0.04108193094937882,0.05629505317912942,0.0110591484823441,559
45,reliability_fedavg,S42,0.04095820648502392,0.05630284601440972,0.011294594385256334,559
45,reliability_fedavg,S43,0.035318602962762596,0.049944561002823844,-0.003632315431183374,559
45,reliability_fedavg,S44,0.035843949217669174,0.05096720252373177,-0.002760904642031903,559
45,reliability_fedavg,S45,0.04226022806228513,0.06008687944834089,0.015829961589489246,559
45,reliability_fedavg,S46,0.040610073845980255,0.054662121463939645,0.0014110310480719365,559
45,reliability_fedavg,S47,0.03557149774017152,0.049939270943750294,-0.004841668781310433,559
45,reliability_fedavg,S48,0.039283948865500885,0.053949248597687516,0.010654857183918223,559
45,reliability_fedavg,S49,0.03749899556968621,0.051416660912423855,0.009338904776542126,559
45,reliability_fedavg,S50,0.039789607432932875,0.054991017825462576,-0.0018107417193787049,559
45,reliability_fedavg,S51,0.03996224154564944,0.056354678713244885,0.010331894917087046,559
45,reliability_fedavg,S52,0.03866743755215289,0.05238190803745569,0.009099539815846412,559
45,reliability_fedavg,S53,0.03622132476772413,0.05047299250509456,-0.006549475244737909,559
45,reliability_fedavg,S54,0.034764195339731734,0.048128035389270477,-0.004432789049730245,559
45,reliability_fedavg,S55,0.03831764748124222,0.05239206784289765,-0.006073664490854924,559
45,reliability_fedavg,S56,0.04067025322053491,0.055837114943905156,0.0108539395654709,559
45,reliability_fedavg,S57,0.03777576649806434,0.053131058906494645,0.009424976890820056,559
45,reliability_fedavg,S58,0.0393032872710337,0.05386141427830312,0.010477041353743144,559
45,reliability_fedavg,S59,0.036848003230905674,0.05111049349667181,-0.006066705981162852,559
45,reliability_fedavg,S60,0.036690693972686435,0.05088848766059406,-0.006637945101568925,559
45,reliability_fedavg,S61,0.0443954529576645,0.062433280124890043,0.022669222075196418,559
45,reliability_fedavg,S62,0.03589892315041867,0.05013579675326532,-0.006468805365767563,559
45,reliability_fedavg,S63,0.03664568377648728,0.05223771921343675,-0.0031262142550406813,559
45,reliability_fedavg,S64,0.03741210286765008,0.05229839871347079,-0.003447409317398041,559
45,reliability_fedavg,S65,0.03487646366451444,0.04909509515335279,-0.004270757394869876,559
45,reliability_fedavg,S66,0.0391876212881848,0.054400337806862396,0.009817881778312417,559
45,reliability_fedavg,S67,0.036158536176964864,0.05023873922162764,-0.0055587160334300105,559
45,reliability_fedavg,S68,0.04013657495516897,0.057953642112822744,0.014875877806242083,559
45,reliability_fedavg,S69,0.06099600119479601,0.08313192617229563,0.04747335091466501,559
45,reliability_fedavg,S70,0.040416316633455934,0.05535237943682434,0.011096546183380237,559
45,reliability_fedavg,S71,0.04300801684712984,0.060118066372756816,0.01635912997110402,559
45,reliability_fedavg,S72,0.03861933174561409,0.052894607009280295,-0.005901421092064095,559
45,reliability_fedavg,S73,0.03555101133576446,0.049447562296016365,-0.005788569763462744,559
45,reliability_fedavg,S74,0.04403244297533281,0.0619685820569857,0.02340307795485958,559
45,reliability_fedavg,S75,0.03892045424483077,0.05290667960747613,-0.006223836659215564,559
45,reliability_fedavg,S76,0.03830315124856604,0.052562332431131974,0.002042366383340683,559
45,reliability_fedavg,S77,0.041278048217208506,0.056283863356950854,0.010951352128614289,559
45,reliability_fedavg,S78,0.037653277859288355,0.05169668061023722,-0.00331499884096649,559
45,reliability_fedavg,S79,0.0366166850980138,0.05097027197802344,-0.00428712889735382,559
45,reliability_fedavg,S80,0.039242489591627405,0.05492886541729244,-0.005108655998499961,559
45,reliability_fedavg,S81,0.037992241529561245,0.052072355467072715,0.0006200540923281891,559
45,reliability_fedavg,S82,0.03714914587268036,0.05232741086524398,-0.0057037653591423855,559
45,reliability_fedavg,S83,0.03720185876788975,0.051333424739807586,-0.0064689143500848935,559
45,reliability_fedavg,S84,0.03729438540285823,0.05167141727558386,-0.005367477178283716,559
45,reliability_fedavg,S85,0.041221709163694546,0.05777826231744941,0.010825199141060476,559
45,reliability_fedavg,S86,0.03886082850649456,0.05406397689577215,0.005436667516991689,559
45,reliability_fedavg,S87,0.06163900392411163,0.08520051286330062,0.04881733378896503,559
45,reliability_fedavg,S88,0.036779332211733025,0.05146687906150977,-0.006015746240774403,559
45,reliability_fedavg,S89,0.039039688103975796,0.053883295192010114,0.009783009522764657,559
45,reliability_fedavg,S90,0.0357303398841249,0.04956721098630431,-0.006174032798799984,559
45,reliability_fedavg,S91,0.036644679792425285,0.05121130710759359,-0.004648328328934999,559
45,reliability_fedavg,S92,0.03910354994927168,0.05307979115584323,0.010153227739789139,559
45,reliability_fedavg,S93,0.04074711332635784,0.05747808087922807,0.015957819120891805,559
45,reliability_fedavg,S94,0.04429497825017629,0.06303012669908074,0.024309409339329117,559
45,reliability_fedavg,S95,0.03459894318322689,0.04873572483622962,-0.003445168689504759,559
45,reliability_fedavg,S96,0.03916622044007112,0.05420899485414595,0.010965479587409678,559
45,reliability_fedavg,S97,0.039400057870501486,0.05380309438826382,0.00977406809556303,559
45,reliability_fedavg,S98,0.03969539844016345,0.05512423157868616,0.010232613434940526,559
45,reliability_fedavg,S99,0.052539525202984466,0.07287277369077685,0.03669987676162456,559
45,reliability_fedavg_event,A,0.039497277666870854,0.05331334297589276,-0.008006307917006884,559
45,reliability_fedavg_event,B,0.039506828648576346,0.05268402504177793,0.009626367702923569,559
45,reliability_fedavg_event,C,0.039061155552144476,0.05459245166162622,0.009677013648467302,559
45,reliability_fedavg_event,D,0.04122266233548828,0.05614013557930642,0.009876815397259054,559
45,reliability_fedavg_event,E,0.03593642643631198,0.049539111862095614,-0.00801182649563165,559
45,reliability_fedavg_event,F,0.0362081446556611,0.0506931088801882,-0.004705891858666389,559
45,reliability_fedavg_event,G,0.0410666766414862,0.056557163326601045,0.010350097034106527,559
45,reliability_fedavg_event,H,0.03475076978658001,0.048781230724010104,-0.005565282284350456,559
45,reliability_fedavg_event,I,0.039475533707660486,0.05339872055395408,0.005319168643312852,559
45,reliability_fedavg_event,J,0.040087496320557095,0.05419432320523114,0.009882176662911869,559
45,reliability_fedavg_event,K,0.03688430480828945,0.051595473527477606,-0.0073470874166379355,559
45,reliability_fedavg_event,L,0.039505022744130015,0.05296136683039766,-0.0018565208132150508,559
45,reliability_fedavg_event,M,0.035577015248827025,0.04980975468022304,-0.006101003128906948,559
45,reliability_fedavg_event,N,0.03601313893198434,0.050335773951376644,-0.008613058480838971,559
45,reliability_fedavg_event,O,0.03849617481083411,0.05186268165619132,0.0034465029946493387,559
45,reliability_fedavg_event,P,0.05207188892516029,0.07074486502492039,0.03711628227539224,559
45,reliability_fedavg_event,Q,0.04069612773713424,0.05513874121687426,0.011453705088007188,559
45,reliability_fedavg_event,R,0.035942986497357915,0.049693295878888204,-0.007173308914156393,559
45,reliability_fedavg_event,S,0.03889460074619518,0.0519638175769363,0.008561771680610937,559
45,reliability_fedavg_event,T,0.040038151292910065,0.05392688214176727,0.01069385176882721,559
45,reliability_fedavg_event,U,0.0512421809087719,0.0702597613687807,0.03485978734329649,559
45,reliability_fedavg_event,V,0.034698816535499596,0.048118424874763845,-0.006874571322573412,559
45,reliability_fedavg_event,W,0.035402009971289894,0.04883119225012604,-0.008779497688456251,559
45,reliability_fedavg_event,X,0.03533294575358866,0.04876261860117772,-0.009827046456858382,559
45,reliability_fedavg_event,Y,0.03458451716856588,0.04801542080276551,-0.005864246519514041,559
45,reliability_fedavg_event,Z,0.04133279176369769,0.056443656025542945,0.01141602290883387,559
45,reliability_fedavg_event,S26,0.0386942693674587,0.05266772793967398,0.010165485473056466,559
45,reliability_fedavg_event,S27,0.04117166498519333,0.05778087451110414,0.013848194799157715,559
45,reliability_fedavg_event,S28,0.03501236552875722,0.04805272433490488,-0.0076400685350682205,559
45,reliability_fedavg_event,S29,0.03365653769358033,0.04686209085813594,-0.006978818819373313,559
45,reliability_fedavg_event,S30,0.04124766833287179,0.056056700008987013,0.008095646491990639,559
45,reliability_fedavg_event,S31,0.039813124149044796,0.05420706897696179,0.01112744521952779,559
45,reliability_fedavg_event,S32,0.05052936185202986,0.06933959218194999,0.03252345535276068,559
45,reliability_fedavg_event,S33,0.03575749355135069,0.04945614995425384,-0.006534183855636682,559
45,reliability_fedavg_event,S34,0.036839068230001625,0.05000181716261174,-0.007675509607462689,559
45,reliability_fedavg_event,S35,0.03555511418031945,0.04904712532351426,-0.007706416073989969,559
45,reliability_fedavg_event,S36,0.036557345381554314,0.051268833129673654,-0.004996901495023572,559
45,reliability_fedavg_event,S37,0.03846388743658865,0.05188076773020792,0.00956740602559355,559
45,reliability_fedavg_event,S38,0.03581649258784651,0.04906266529676452,-0.006059137257184643,559
45,reliability_fedavg_event,S39,0.038385968075562035,0.05369404700868886,-0.004567447030160422,559
45,reliability_fedavg_event,S40,0.037112042687921606,0.052263179851436074,-0.005726788183615905,559
45,reliability_fedavg_event,S41,0.041791110375840594,0.05665484355810178,0.011537013313357035,559
45,reliability_fedavg_event,S42,0.04147361405776923,0.05636465917842219,0.011859243956422816,559
45,reliability_fedavg_event,S43,0.03578427674878582,0.050084128971882774,-0.005880629448869894,559
45,reliability_fedavg_event,S44,0.036302658353560675,0.051151615926684206,-0.00481892779239575,559
45,reliability_fedavg_event,S45,0.04250811029488824,0.05964159544582637,0.01563415534324504,559
45,reliability_fedavg_event,S46,0.040906785804325274,0.05457028027105535,0.0012949662267469737,559
45,reliability_fedavg_event,S47,0.035915592205623244,0.050221626682177674,-0.007165042676922094,559
45,reliability_fedavg_event,S48,0.039741568932099826,0.05409799925954468,0.01117199351961103,559
45,reliability_fedavg_event,S49,0.03818201087290265,0.05172240680486297,0.009982201945093295,559
45,reliability_fedavg_event,S50,0.03991944365785874,0.054888886233769536,-0.00236039521108708,559
45,reliability_fedavg_event,S51,0.04031498796366528,0.056335608238313135,0.010173424808075236,559
45,reliability_fedavg_event,S52,0.03932368963596966,0.052610635201182775,0.009698510626480916,559
45,reliability_fedavg_event,S53,0.036328251228696117,0.05031129063564825,-0.008452454338613264,559
45,reliability_fedavg_event,S54,0.035126491065436145,0.04829681160181113,-0.006528646921449922,559
45,reliability_fedavg_event,S55,0.03832574729197067,0.052297643810079834,-0.008330748618283843,559
45,reliability_fedavg_event,S56,0.04138151509676892,0.05596641060292907,0.011215606576797248,559
45,reliability_fedavg_event,S57,0.03819159546672085,0.05307420964304671,0.009350352278745639,559
45,reliability_fedavg_event,S58,0.03989364928232709,0.054097130975742674,0.011182723951331058,559
45,reliability_fedavg_event,S59,0.03704443249030102,0.05107630487557767,-0.008534587276199823,559
45,reliability_fedavg_event,S60,0.03681153851473364,0.05078006087324806,-0.008440411548119385,559
45,reliability_fedavg_event,S61,0.0446616777266569,0.061772424707515296,0.02237912206229552,559
45,reliability_fedavg_event,S62,0.03609492757094421,0.049966220962002934,-0.008234294574151285,559
45,reliability_fedavg_event,S63,0.03687142714531509,0.052302923380885574,-0.005100542781058173,559
45,reliability_fedavg_event,S64,0.037631447837135734,0.05252249756862465,-0.005507498840973854,559
45,reliability_fedavg_event,S65,0.03525419723645914,0.04915119808430139,-0.0064923796875753035,559
45,reliability_fedavg_event,S66,0.039933202564566395,0.05463675790657032,0.010397489113093409,559
45,reliability_fedavg_event,S67,0.03652913047829418,0.05043386049933757,-0.007892861932485692,559
45,reliability_fedavg_event,S68,0.040595694800983774,0.057535405649083465,0.014781147207646615,559
45,reliability_fedavg_event,S69,0.06135280061953023,0.08207830155811727,0.04776772000528672,559
45,reliability_fedavg_event,S70,0.04098090983253332,0.05543998305924592,0.011836135930095155,559
45,reliability_fedavg_event,S71,0.04339506940935757,0.05973940485514343,0.01604626569215938,559
45,reliability_fedavg_event,S72,0.03885662059044742,0.053016570443683554,-0.008294746246395469,559
45,reliability_fedavg_event,S73,0.03575616347568513,0.04958956642951398,-0.008203027658297786,559
45,reliability_fedavg_event,S74,0.044228247406414324,0.06125271586927333,0.023269730242309102,559
45,reliability_fedavg_event,S75,0.03915140578941457,0.053002088434615235,-0.007888002626427944,559
45,reliability_fedavg_event,S76,0.03855055150924141,0.052586509072998416,0.0021682834346013974,559
45,reliability_fedavg_event,S77,0.04179654805080183,0.05657104871759811,0.011526896542839728,559
45,reliability_fedavg_event,S78,0.03817336198087442,0.051719422136348614,-0.004169485292252493,559
45,reliability_fedavg_event,S79,0.037053475687063714,0.0513020943241227,-0.006574265691343435,559
45,reliability_fedavg_event,S80,0.039569330268434524,0.054731874605035306,-0.007110654294810696,559
45,reliability_fedavg_event,S81,0.038521713137789924,0.05202511612444631,0.0005384540141181944,559
45,reliability_fedavg_event,S82,0.037476394515424595,0.05218971168013548,-0.007893522068431637,559
45,reliability_fedavg_event,S83,0.037341888904844765,0.051347138556143646,-0.008774385073643731,559
45,reliability_fedavg_event,S84,0.03775749173413542,0.05171193868831864,-0.00704630918022785,559
45,reliability_fedavg_event,S85,0.041577755853205535,0.057668850233360235,0.010722831868956428,559
45,reliability_fedavg_event,S86,0.03919376316344972,0.053858736432706916,0.00571360715220504,559
45,reliability_fedavg_event,S87,0.061776033836214474,0.08397257097832271,0.04904026961508449,559
45,reliability_fedavg_event,S88,0.03707582553085781,0.05148576025976924,-0.007864167401952376,559
45,reliability_fedavg_event,S89,0.03941659003651633,0.05392063107148737,0.01002770261031518,559
45,reliability_fedavg_event,S90,0.03611370732621265,0.04992732271925427,-0.008550829016678502,559
45,reliability_fedavg_event,S91,0.03710407939987767,0.05120199810297228,-0.005929446059457411,559
45,reliability_fedavg_event,S92,0.039716866501308776,0.053238910716941076,0.010696784582335589,559
45,reliability_fedavg_event,S93,0.041012429677646386,0.05706471337883215,0.015604773765823043,559
45,reliability_fedavg_event,S94,0.04462948593178561,0.06236106401071751,0.024025798620521184,559
45,reliability_fedavg_event,S95,0.034975516265599735,0.04887483838135724,-0.005514205637311293,559
45,reliability_fedavg_event,S96,0.03975168127468279,0.05429604952220074,0.01161054734512164,559
45,reliability_fedavg_event,S97,0.039928865933887434,0.05403712516745144,0.010421085652890273,559
45,reliability_fedavg_event,S98,0.0406307488957804,0.05541070917329052,0.010808423672619897,559
45,reliability_fedavg_event,S99,0.05269016151798369,0.07173174027563856,0.03656461511953935,559
46,persistence,A,0.08216784475050885,0.09346205282422507,-0.0007471628989805268,559
46,persistence,B,0.08441150800423065,0.09568862874094196,-0.0006885652456699983,559
46,persistence,C,0.08774315394179592,0.09984172154050033,-0.0007024759660793172,559
46,persistence,D,0.08733893224610473,0.09898883859383845,-0.0007722875216229418,559
46,persistence,E,0.09036703934049158,0.10247063783040715,-0.0006999527393675314,559
46,persistence,F,0.08311044067524045,0.09433081133351329,-0.0007309028733549189,559
46,persistence,G,0.0917226964843581,0.10396857911395554,-0.0007988824421616541,559
46,persistence,H,0.08707347864458798,0.09872570598269696,-0.0006434353207377967,559
46,persistence,I,0.08479136856037904,0.09633549125917036,-0.0006579968987502598,559
46,persistence,J,0.08764280914870459,0.09935795635863373,-0.0008535711561231366,559
46,persistence,K,0.08606142138916298,0.09745747406902068,-0.0005795917333056234,559
46,persistence,L,0.08279988352186005,0.09419230001500561,-0.0006681442883845305,559
46,persistence,M,0.08965814562721848,0.10178492818089944,-0.0006107897828841226,559
46,persistence,N,0.08936551496336963,0.1021877549363539,-0.0010304542522659203,559
46,persistence,O,0.08260486344890153,0.09428989975966437,-0.0008315356612398768,559
46,persistence,P,0.08717316267826579,0.09936509364863357,-0.0010018468063286371,559
46,persistence,Q,0.08222975990691678,0.09341172060431585,-0.0006095161349121115,559
46,persistence,R,0.08146259538606075,0.09237402460148343,-0.0006666497197435346,559
46,persistence,S,0.08271525033940924,0.09412959737871097,-0.0008599658092191902,559
46,persistence,T,0.09119625614742767,0.1035995553523805,-0.0006737131367175971,559
46,persistence,U,0.08690615911336619,0.09850740180792117,-0.000710536132704913,559
46,persistence,V,0.09121174353182995,0.10362544026072903,-0.0005873280099558126,559
46,persistence,W,0.09208939318488517,0.10417044410575753,-0.0007141789897096765,559
46,persistence,X,0.08724645654460972,0.09939951141221035,-0.0006082006675992594,559
46,persistence,Y,0.08191119823463208,0.09283783557514332,-0.0006232367955941261,559
46,persistence,Z,0.08481500277958796,0.09611801636548793,-0.000748307412500245,559
46,persistence,S26,0.08297645418749779,0.09394285036906216,-0.000685401407465312,559
46,persistence,S27,0.08809078974571839,0.1001626217269754,-0.00045363452599578817,559
46,persistence,S28,0.08221659466605856,0.0932557297998752,-0.0006615847939456591,559
46,persistence,S29,0.08410558490008066,0.09548341940010449,-0.0008769566346291446,559
46,persistence,S30,0.0895624013133647,0.10216531177977348,-0.0008259926058771838,559
46,persistence,S31,0.09006105320041247,0.10196236965912618,-0.0007119233086280365,559
46,persistence,S32,0.08649907075368495,0.09857866013499052,-0.0006485191608690832,559
46,persistence,S33,0.08598544782751084,0.09739193652057174,-0.0006464572009223985,559
46,persistence,S34,0.08948148529408483,0.10136634271714334,-0.0007809386451183843,559
46,persistence,S35,0.08454400461282041,0.09607096465297722,-0.0007326209578291217,559
46,persistence,S36,0.08898992490790592,0.10079346526466812,-0.0007391028014163292,559
46,persistence,S37,0.08590909927331197,0.09747547561756595,-0.0007314048626265207,559
46,persistence,S38,0.08192196063537398,0.09284569461457358,-0.0007401739275466137,559
46,persistence,S39,0.08728094940358683,0.09922945316570098,-0.0005388543208018078,559
46,persistence,S40,0.08479990310634695,0.09671407794400373,-0.0006827410507673558,559
46,persistence,S41,0.09175533623341305,0.10403770557141245,-0.0007882747730016975,559
46,persistence,S42,0.08762943925696703,0.09943430711328516,-0.0007493508959269027,559
46,persistence,S43,0.09231820657694369,0.10501736226946289,-0.0010889102167521531,559
46,persistence,S44,0.08796345546899881,0.1005689432664621,-0.0006146437642944449,559
46,persistence,S45,0.08411646803111264,0.09523477085871733,-0.0006787322048424395,559
46,persistence,S46,0.08459550292024552,0.09598540679424054,-0.0007043344027834257,559
46,persistence,S47,0.0907548980609129,0.10276371213532573,-0.0007538929763241723,559
46,persistence,S48,0.08866872221368077,0.10037045807689501,-0.0007142350735719281,559
46,persistence,S49,0.08532444895986528,0.09666473425838568,-0.000701410329379208,559
46,persistence,S50,0.08721636217220792,0.0988349854985414,-0.000716394343295123,559
46,persistence,S51,0.08680344539322125,0.09836886041945203,-0.0006364945262713834,559
46,persistence,S52,0.0848655835916963,0.09634209413218278,-0.0008018069724803907,559
46,persistence,S53,0.08430744208325482,0.09550846348865241,-0.0007744274139806752,559
46,persistence,S54,0.08635057063193488,0.09795954522854991,-0.000679527305246519,559
46,persistence,S55,0.0875253796490819,0.09915903373954821,-0.0007401525754354934,559
46,persistence,S56,0.0854406138263103,0.09698579964073112,-0.0007107294858508279,559
46,persistence,S57,0.08460767798114081,0.09600020544201891,-0.0005952239112365385,559
46,persistence,S58,0.08997051874742125,0.10241604041005302,-0.0006201124720088805,559
46,persistence,S59,0.0831334009998368,0.09437915385001844,-0.0006178441253983897,559
46,persistence,S60,0.09043502680518313,0.10259575510487226,-0.0007072898835420262,559
46,persistence,S61,0.08831538718188771,0.09994624134377104,-0.0007117302927533448,559
46,persistence,S62,0.08359414565481899,0.0952229643481812,-0.000722227285721061,559
46,persistence,S63,0.0820165691307491,0.093099062758949,-0.0007108611992705274,559
46,persistence,S64,0.08527323802702348,0.0970757222857342,-0.0008176755018895475,559
46,persistence,S65,0.09101207831821176,0.10331068092442298,-0.0008131382288827772,559
46,persistence,S66,0.0906911939723573,0.10317588454232562,-0.0007555082379253032,559
46,persistence,S67,0.0855967582533326,0.09692672263587308,-0.000707859814013746,559
46,persistence,S68,0.08929318457417863,0.10135765649723548,-0.0007456500849175085,559
46,persistence,S69,0.08791100263761353,0.10011246800476219,-0.0006179694065071096,559
46,persistence,S70,0.09177248490735229,0.10422064339532272,-0.0008893009041534314,559
46,persistence,S71,0.08597201523945829,0.09745891401363274,-0.0007060272685770272,559
46,persistence,S72,0.08655480938598727,0.09910868082257149,-0.001001010924637691,559
46,persistence,S73,0.08260620587604531,0.09438820278705953,-0.0011294516228715853,559
46,persistence,S74,0.08185776651292133,0.09273095338598958,-0.00067743751152097,559
46,persistence,S75,0.08748434643805308,0.09966051028910547,-0.00059888858627403,559
46,persistence,S76,0.08761554508950446,0.09930392738250918,-0.0006048034738406892,559
46,persistence,S77,0.08239189683574656,0.09434075432551538,-0.0005463768898014625,559
46,persistence,S78,0.08407251223347405,0.09548733005270389,-0.0007902543140243745,559
46,persistence,S79,0.09094166597776275,0.10364685237393793,-0.0007997473401112452,559
46,persistence,S80,0.09109103107264295,0.10387970125544886,-0.0010813147569748312,559
46,persistence,S81,0.08721214768931616,0.09909541911480915,-0.0006668703923791594,559
46,persistence,S82,0.08542039797954555,0.09694787313916346,-0.0007838571484972038,559
46,persistence,S83,0.08650437884210994,0.09800304317483798,-0.0007194247224229873,559
46,persistence,S84,0.0847608603295297,0.09605721515720747,-0.0008276217394884949,559
46,persistence,S85,0.08224061286170202,0.0932418538951264,-0.0006598027711251021,559
46,persistence,S86,0.08547312861862887,0.0968767920538477,-0.0007648168274026309,559
46,persistence,S87,0.08666726378978051,0.09854248796562368,-0.000762744359163924,559
46,persistence,S88,0.08358139287711001,0.09499435756639726,-0.0004536036428748022,559
46,persistence,S89,0.09116878096232514,0.10323396823206059,-0.0006669368748994601,559
46,persistence,S90,0.08963051392306942,0.10163102334962609,-0.0003523680657208339,559
46,persistence,S91,0.0817081062956205,0.09258065576853515,-0.0007524774751371049,559
46,persistence,S92,0.0861032536756897,0.09748162798179422,-0.0007060124138570082,559
46,persistence,S93,0.08544636246831988,0.09673845869617767,-0.0006650066887668279,559
46,persistence,S94,0.08486961264809684,0.09620965997671578,-0.0007021955059498069,559
46,persistence,S95,0.08941253454279495,0.10133859007076045,-0.0007334366717337495,559
46,persistence,S96,0.0815524104635347,0.09266561341360503,-0.0005481142018299403,559
46,persistence,S97,0.0926895972455007,0.10534623922441032,-0.0009050798193803173,559
46,persistence,S98,0.08347656772649399,0.09479209492885532,-0.0008422008064560499,559
46,persistence,S99,0.08854551679483483,0.10111970846479573,-0.000839781006010939,559
46,smart_persistence,A,0.04881911171877145,0.06608257054889477,0.013935171769459001,559
46,smart_persistence,B,0.04978791498099054,0.0673160062549637,0.01426222333379468,559
46,smart_persistence,C,0.05212800691365756,0.07122533374736786,0.014894376035316553,559
46,smart_persistence,D,0.05143763637191021,0.06988588612911407,0.01470307847639056,559
46,smart_persistence,E,0.05356704713760047,0.07287829419009585,0.01547648348014182,559
46,smart_persistence,F,0.04924158068503543,0.06680528435976874,0.01358434584191484,559
46,smart_persistence,G,0.05380203441736723,0.07310142406040505,0.015300379497497234,559
46,smart_persistence,H,0.050760631971931744,0.06887960510692785,0.014393151040611313,559
46,smart_persistence,I,0.050008494987140856,0.06830013894995193,0.01439032816971204,559
46,smart_persistence,J,0.05178246612007495,0.07044122623165364,0.01472582108814316,559
46,smart_persistence,K,0.05049000687667915,0.06826098408707007,0.01437867745274573,559
46,smart_persistence,L,0.04953842784264766,0.06724859185379614,0.01412003144683493,559
46,smart_persistence,M,0.05309224336000729,0.07234029043275698,0.015252269571438791,559
46,smart_persistence,N,0.05295680518377046,0.07265258555123548,0.014951371040515108,559
46,smart_persistence,O,0.049379976816585354,0.06747350145460991,0.013992979916392397,559
46,smart_persistence,P,0.05178684762032196,0.07016913579897872,0.014635605282214352,559
46,smart_persistence,Q,0.049653248099630204,0.06802926297686139,0.013980834411243927,559
46,smart_persistence,R,0.04819088475028976,0.06569104453646604,0.013913260634542044,559
46,smart_persistence,S,0.04865715071265415,0.06625417684669738,0.013935923533167811,559
46,smart_persistence,T,0.054540365465378556,0.07401631459199848,0.015553929775533448,559
46,smart_persistence,U,0.051242918198451747,0.06975636406201165,0.014763261738844709,559
46,smart_persistence,V,0.05374958157129319,0.07357040797793088,0.015163112047537893,559
46,smart_persistence,W,0.05367118665117151,0.0731426162584194,0.015357847954854635,559
46,smart_persistence,X,0.052452990594894784,0.07098397359936842,0.014614247871489532,559
46,smart_persistence,Y,0.04827995247070966,0.06575891757053408,0.013901609613781726,559
46,smart_persistence,Z,0.05001570559681555,0.06818186658316203,0.014114991011187994,559
46,smart_persistence,S26,0.04832515234547485,0.06560933978466822,0.013802097987863427,559
46,smart_persistence,S27,0.052089135727948425,0.07079360247053418,0.014690619752382483,559
46,smart_persistence,S28,0.048850576938554026,0.06651181968272986,0.01393488688649255,559
46,smart_persistence,S29,0.0494915016395563,0.06732663492476992,0.014018938806401949,559
46,smart_persistence,S30,0.05404108106775113,0.07303849043722925,0.015162160241483228,559
46,smart_persistence,S31,0.05283984264485082,0.07181827759074187,0.015128321174181471,559
46,smart_persistence,S32,0.05101560361346826,0.06912149279341724,0.014256309237237853,559
46,smart_persistence,S33,0.05048326592218074,0.06909765011016461,0.014501217173429936,559
46,smart_persistence,S34,0.05256078005785019,0.07153411423368658,0.01506304149166056,559
46,smart_persistence,S35,0.048740836352139764,0.06679170261095643,0.013856385951421772,559
46,smart_persistence,S36,0.05221078732473299,0.070779813368153,0.01490501867218213,559
46,smart_persistence,S37,0.050173008060565946,0.0684952185083591,0.014393577184728038,559
46,smart_persistence,S38,0.04801974163019167,0.06537607162558122,0.013752144503145611,559
46,smart_persistence,S39,0.05118268016352583,0.06960897562206966,0.01457729130110342,559
46,smart_persistence,S40,0.05138570294811366,0.06947601045573387,0.014572424983651766,559
46,smart_persistence,S41,0.05385613535890732,0.07336022850091803,0.015448424836440756,559
46,smart_persistence,S42,0.05156998766093866,0.07022535474015704,0.014790583361308415,559
46,smart_persistence,S43,0.05556168877486346,0.07463368265535977,0.015282315914710727,559
46,smart_persistence,S44,0.05296679703783598,0.07188051034220252,0.014950060577069643,559
46,smart_persistence,S45,0.04926276574251184,0.06682785783691002,0.01406718168844184,559
46,smart_persistence,S46,0.05002637474451128,0.06806806922240134,0.014401149868128791,559
46,smart_persistence,S47,0.052864344539837196,0.07175987362520507,0.015096747610478101,559
46,smart_persistence,S48,0.05163775455483197,0.07009407430782207,0.014740669280990345,559
46,smart_persistence,S49,0.050027049420658026,0.06804753154785799,0.014361174469763724,559
46,smart_persistence,S50,0.05127322548927076,0.06979150529805636,0.014745503494912535,559
46,smart_persistence,S51,0.05112400204872076,0.06957561644220206,0.014662386963438835,559
46,smart_persistence,S52,0.05043937623844864,0.06808822745080262,0.014372880030165165,559
46,smart_persistence,S53,0.049031856260037254,0.06657513910422314,0.013918020802638058,559
46,smart_persistence,S54,0.05127473454755833,0.06996373036577708,0.014620673061350163,559
46,smart_persistence,S55,0.05112786791978774,0.06954839995463936,0.014641847744690711,559
46,smart_persistence,S56,0.05036595426141643,0.06862962049489309,0.01447444430165899,559
46,smart_persistence,S57,0.05013623074645073,0.06815219931685955,0.014387122034270164,559
46,smart_persistence,S58,0.05340366922768769,0.07300151238564956,0.015065384574720973,559
46,smart_persistence,S59,0.04886686722408524,0.06624593635832765,0.01393581114258294,559
46,smart_persistence,S60,0.053102024731955993,0.07218387790250436,0.015234641456928218,559
46,smart_persistence,S61,0.05144680807431943,0.06987983658389293,0.01462235593833429,559
46,smart_persistence,S62,0.04966600757127224,0.06819032211059833,0.014224760694602547,559
46,smart_persistence,S63,0.04869182765973675,0.06633068731354605,0.013939918109677292,559
46,smart_persistence,S64,0.05045296625281669,0.06901123477200959,0.0143213788002033,559
46,smart_persistence,S65,0.05381265538536372,0.07331858080530888,0.01538177530326229,559
46,smart_persistence,S66,0.053577233764769056,0.07295501917950543,0.01524879906258016,559
46,smart_persistence,S67,0.04997590731842733,0.06787086940307396,0.014302632754771888,559
46,smart_persistence,S68,0.052987676044702794,0.07200086738352687,0.015158770466806477,559
46,smart_persistence,S69,0.053264742852721786,0.07216391486424713,0.015078946433866426,559
46,smart_persistence,S70,0.05338459130154159,0.07280094189665214,0.01495879034287661,559
46,smart_persistence,S71,0.05070964043230245,0.06907943563119294,0.014612280900301896,559
46,smart_persistence,S72,0.05080751946932355,0.07015190229677212,0.014094917345225598,559
46,smart_persistence,S73,0.04970623217714694,0.06829465055216115,0.013726264292920717,559
46,smart_persistence,S74,0.047960483361608706,0.06521598631785455,0.013754266809858714,559
46,smart_persistence,S75,0.05227346731972929,0.07109801068557728,0.014901038922356152,559
46,smart_persistence,S76,0.0511471876777831,0.0694240446711887,0.014640613609984475,559
46,smart_persistence,S77,0.049868828539564966,0.06743429456418475,0.013939736291852802,559
46,smart_persistence,S78,0.050005499434000136,0.06783868336547665,0.014267085890318158,559
46,smart_persistence,S79,0.053447601124261085,0.07294072761141862,0.01520889800596709,559
46,smart_persistence,S80,0.054033620546868465,0.07345712729104953,0.015164251581512472,559
46,smart_persistence,S81,0.05162451701815205,0.07025589829096107,0.014736921588135533,559
46,smart_persistence,S82,0.05053420885206135,0.06903427832258548,0.014451074024515762,559
46,smart_persistence,S83,0.050925433405380104,0.06924974211164753,0.014608632149641304,559
46,smart_persistence,S84,0.049602923506711756,0.06736902420586294,0.014277771270349921,559
46,smart_persistence,S85,0.04839811816874871,0.06577556950135066,0.013937216021340466,559
46,smart_persistence,S86,0.05027025475935256,0.06803380845525102,0.01416446989355994,559
46,smart_persistence,S87,0.05111917361641246,0.06968609269497815,0.014275852288619311,559
46,smart_persistence,S88,0.05001264225356472,0.0683900627417057,0.01432192056936092,559
46,smart_persistence,S89,0.05346792896714708,0.0727133100592839,0.015308082107477862,559
46,smart_persistence,S90,0.053368200141060196,0.07243997186325993,0.015234097822990822,559
46,smart_persistence,S91,0.04863423167616262,0.06628330461629717,0.013873429998109027,559
46,smart_persistence,S92,0.05016593226962198,0.06820953198286882,0.014344337238673593,559
46,smart_persistence,S93,0.050133750627457944,0.06807235244482329,0.014194180357685623,559
46,smart_persistence,S94,0.04993338136199015,0.06796780577538498,0.014348734186858952,559
46,smart_persistence,S95,0.05264194092541693,0.07167785386108769,0.01515322885091195,559
46,smart_persistence,S96,0.04897548534395298,0.06678518127401752,0.014054441689865577,559
46,smart_persistence,S97,0.05543680895600561,0.0753306544468396,0.015674458307044146,559
46,smart_persistence,S98,0.04904725563596628,0.06691034875311375,0.014029369741796527,559
46,smart_persistence,S99,0.05351130137303744,0.0720179511582004,0.014982128683381842,559
46,local_only,A,0.03868364071696372,0.05616757681145199,0.012771146009098285,559
46,local_only,B,0.0489370628337235,0.06974738675418372,0.015686642382681713,559
46,local_only,C,0.05144496106589296,0.07245768402540678,0.006621968182310302,559
46,local_only,D,0.03879934816420485,0.05567111733361691,0.009712931254590414,559
46,local_only,E,0.06692739242058054,0.08773458163749907,-0.005994050130447996,559
46,local_only,F,0.06169239147844281,0.08109193911379452,-0.001958796296783928,559
46,local_only,G,0.039700190092258704,0.05617922075337772,-0.0008733782751489037,559
46,local_only,H,0.04060271650763922,0.057968913679591685,0.01647849640967691,559
46,local_only,I,0.06297904227557051,0.08225334813923023,-0.005547956109949936,559
46,local_only,J,0.045426399349976394,0.06712184060694183,-0.022150872034905397,559
46,local_only,K,0.06641045570337507,0.08564301654289469,-0.001343673940888341,559
46,local_only,L,0.055486599410749134,0.07676010228763386,-0.013881020055923857,559
46,local_only,M,0.06196265789652693,0.08339767171654296,-0.0106749749258877,559
46,local_only,N,0.05576924476455997,0.07917839545740325,0.02078080743514601,559
46,local_only,O,0.0504903918492886,0.06755015372819718,-0.005862935170887808,559
46,local_only,P,0.04775232473758594,0.06773843011448218,0.014639146620476842,559
46,local_only,Q,0.03420538603984592,0.046836813670138366,0.0003609245335633245,559
46,local_only,R,0.06119575895775569,0.07881495569782049,-0.0037268926881000477,559
46,local_only,S,0.04746116451033052,0.06744743656186065,0.012400149537817064,559
46,local_only,T,0.07137605030346189,0.0925894025566444,-0.005974805248278145,559
46,local_only,U,0.03923909819380035,0.05606730310382939,0.010120889384379488,559
46,local_only,V,0.05407940483820527,0.07893616382238365,-0.032675374583551436,559
46,local_only,W,0.059448865596754795,0.08257247444917795,-0.015547118436675085,559
46,local_only,X,0.04844601235264156,0.06575777291559794,-0.02192363792268996,559
46,local_only,Y,0.033602374863655894,0.0466682090157031,0.00022570538411186824,559
46,local_only,Z,0.06542830533816184,0.08448322258220724,-0.005909727175748359,559
46,local_only,S26,0.045895522069652465,0.06368168251902516,-0.01810694012161151,559
46,local_only,S27,0.041595265978392484,0.058869901348355465,0.014406932616807947,559
46,local_only,S28,0.05792750329763779,0.0786495850867675,-0.010113578099368357,559
46,local_only,S29,0.03194464535745234,0.04373695257863157,-0.0028818369677918424,559
46,local_only,S30,0.04738266636827404,0.06785078198657282,0.009147525547998615,559
46,local_only,S31,0.031487724790328776,0.043186746481417494,-0.0040379005013831785,559
46,local_only,S32,0.05049333433922187,0.06780561209891675,-0.03900774486099698,559
46,local_only,S33,0.032857955962711904,0.04699306086826982,0.009596941070168816,559
46,local_only,S34,0.06237493786496012,0.08578894577534328,-0.021889104444137067,559
46,local_only,S35,0.05131365812690133,0.07289295499519677,-0.02287540911986757,559
46,local_only,S36,0.056547575657112666,0.07892762365542826,-0.01445404452972334,559
46,local_only,S37,0.054363759821830636,0.07468756010900164,-0.030818536456954235,559
46,local_only,S38,0.04071236688523738,0.05746320854105368,-0.005588390934406005,559
46,local_only,S39,0.04344046575538747,0.0585817870270054,-0.0038427516471507936,559
46,local_only,S40,0.04385207317587199,0.06235377199735973,-0.008296521667494982,559
46,local_only,S41,0.05576880852865099,0.07724454469285406,-0.03452532098558606,559
46,local_only,S42,0.05069369512584314,0.0707475095327442,-0.0007084851261071714,559
46,local_only,S43,0.04572107150279359,0.06379187279598313,0.013870416150373375,559
46,local_only,S44,0.05027703777916864,0.07092608898452966,-0.018209952354708236,559
46,local_only,S45,0.043253576138918164,0.057420582622624394,-0.001959980612917268,559
46,local_only,S46,0.036791287480448645,0.05114364437662755,0.012750690250219328,559
46,local_only,S47,0.040738531825680796,0.05935633538950502,0.01962155673056441,559
46,local_only,S48,0.03783868152018443,0.05375676405654461,0.002957287400274509,559
46,local_only,S49,0.04340392030185765,0.060241172422909384,-0.024926770007827573,559
46,local_only,S50,0.04693051824039631,0.06467256775550319,-0.01897381506077212,559
46,local_only,S51,0.052456538713360555,0.07258354621151702,-0.02957319958182968,559
46,local_only,S52,0.057370374931567325,0.07768044203251802,-0.008202267041611477,559
46,local_only,S53,0.03829239228550587,0.05297651175201432,0.017591384477889795,559
46,local_only,S54,0.04448817605119405,0.06227604156389727,0.02630644807615359,559
46,local_only,S55,0.06331602925158145,0.08359269593062696,-0.004701753195261913,559
46,local_only,S56,0.0375506020453467,0.05365334238545951,0.0067862396770738374,559
46,local_only,S57,0.05897798563090481,0.08109860596447843,-0.04389814467482562,559
46,local_only,S58,0.04286368572184806,0.05954923070671982,0.02082733571286145,559
46,local_only,S59,0.030312974361951874,0.04160212824355872,-0.0017660536834751865,559
46,local_only,S60,0.05052258583616252,0.07070983653068438,0.007276469894288331,559
46,local_only,S61,0.036263131965968046,0.049674911446293636,0.004333515513658337,559
46,local_only,S62,0.037604992284167936,0.050588221331066364,-0.0039142536575037966,559
46,local_only,S63,0.05021508517783395,0.06803009430587796,-0.03834285907537305,559
46,local_only,S64,0.07183153525120638,0.08931639327672428,0.005511466896682911,559
46,local_only,S65,0.07033996304500455,0.09937569128351852,-0.0470210537381057,559
46,local_only,S66,0.054113418329559175,0.07220394435683254,0.01071147253891588,559
46,local_only,S67,0.06498639369200189,0.09321077072266662,-0.0441365523816941,559
46,local_only,S68,0.057117098028569985,0.07761199329553348,-0.045861995333309195,559
46,local_only,S69,0.06407922312029186,0.08624158994341785,-0.011537047793833816,559
46,local_only,S70,0.05641122765515053,0.07850402560792523,-0.036256890081507294,559
46,local_only,S71,0.03463954735573961,0.048226994889206475,0.002901217070523123,559
46,local_only,S72,0.045945742166699416,0.060416074669371135,-0.010776511116922969,559
46,local_only,S73,0.040141989590686766,0.05621759134750557,0.010988924981799637,559
46,local_only,S74,0.03352781398595046,0.04836713696681722,0.004178404020835281,559
46,local_only,S75,0.038359180585962716,0.05374498213198515,0.010480258340592461,559
46,local_only,S76,0.03520380770097227,0.04873536069325783,0.0080840820273237,559
46,local_only,S77,0.03613802555645274,0.04997153110487143,0.006619001917827588,559
46,local_only,S78,0.03781948379673687,0.052438042594600984,0.008819316645975062,559
46,local_only,S79,0.06636999853076964,0.08447783997422001,0.0036121305508942264,559
46,local_only,S80,0.041354697111249304,0.05561796531363992,0.009094403365881836,559
46,local_only,S81,0.07354028559788021,0.10524448455782041,-0.055315754646252116,559
46,local_only,S82,0.050183678468629346,0.06937791499095666,-0.0252174378313584,559
46,local_only,S83,0.05678540864527852,0.07700351608277477,-0.0052152307448352225,559
46,local_only,S84,0.05045615172662151,0.071548178401621,0.014802785725345291,559
46,local_only,S85,0.04380114142214863,0.06137034503153193,-0.025022910463861948,559
46,local_only,S86,0.039691085885732356,0.05672492266559764,0.017454094482367222,559
46,local_only,S87,0.07191220837647731,0.08974473661456395,0.010576247828446116,559
46,local_only,S88,0.05152727077478311,0.07311559674115096,-0.007505680558578676,559
46,local_only,S89,0.04612938602195056,0.06577160131494478,0.010169103262239604,559
46,local_only,S90,0.03901803925673416,0.05632756681030742,0.012327283985283032,559
46,local_only,S91,0.036517395285559626,0.04818852892653311,0.007685755725203611,559
46,local_only,S92,0.04149680328951092,0.05726938241272141,-0.009937126642011426,559
46,local_only,S93,0.05139674368609753,0.07385779289016772,-0.0175618280477327,559
46,local_only,S94,0.05713446641070952,0.08450056499589471,-0.03824801481127312,559
46,local_only,S95,0.060224353769804104,0.08017404862792608,-0.023897714433901693,559
46,local_only,S96,0.03350628321557822,0.045740838075050194,-0.008168506967259924,559
46,local_only,S97,0.049155321255641156,0.06536544603609037,-0.004728473526132435,559
46,local_only,S98,0.06915470111964367,0.0850632463954412,0.009509969874841623,559
46,local_only,S99,0.050717641132253126,0.06770775472293501,-0.012237932455450237,559
46,fedavg,A,0.037384463625428334,0.05135235316729808,0.0046026213347867655,559
46,fedavg,B,0.03971347486737104,0.0549970009936682,0.010363235449023156,559
46,fedavg,C,0.040210195248513374,0.054946651388681614,0.009225835851668538,559
46,fedavg,D,0.03792178324962698,0.051908511908716176,0.005460957644385667,559
46,fedavg,E,0.045921579476492565,0.06649210774081968,0.022217486661813873,559
46,fedavg,F,0.049953890254182495,0.07027798954831657,0.03458881092399204,559
46,fedavg,G,0.040238803108047845,0.05511542983351351,0.005706404248745662,559
46,fedavg,H,0.038471032807346074,0.05196831905653265,0.0028696733924446958,559
46,fedavg,I,0.047657609740205525,0.06959789498901701,0.0330962049137561,559
46,fedavg,J,0.04711013177638017,0.06731058965620129,0.02742271903237538,559
46,fedavg,K,0.05010371368805535,0.07109831965739814,0.03645495313388622,559
46,fedavg,L,0.046036772239180235,0.06617339100152386,0.024346375461811058,559
46,fedavg,M,0.04460446998016319,0.06391395038030874,0.02169386590543588,559
46,fedavg,N,0.0420141141530133,0.05713364429282069,0.01132193392255945,559
46,fedavg,O,0.04543819913702262,0.0650111280121713,0.024748275013580547,559
46,fedavg,P,0.039900400582846746,0.054054231621289535,0.007685203766112911,559
46,fedavg,Q,0.03584623175643198,0.04899588410017984,0.00011369641928572028,559
46,fedavg,R,0.04251762527525958,0.06169548110554832,0.020563119509272372,559
46,fedavg,S,0.039489174510217155,0.055331209105644145,0.011012255212618829,559
46,fedavg,T,0.05339004679904561,0.07546006161156193,0.038398953846927354,559
46,fedavg,U,0.03775059116990947,0.05255781697300323,0.004138400005959707,559
46,fedavg,V,0.047228802279779464,0.06696829408590269,0.026442955505260813,559
46,fedavg,W,0.047573680555021425,0.06875427627645353,0.02591898730432878,559
46,fedavg,X,0.04883431230525091,0.06938469777600598,0.02789052354200195,559
46,fedavg,Y,0.03533861635890931,0.04801219100587184,0.0010504894194314806,559
46,fedavg,Z,0.04515076978365376,0.06474537005827383,0.024465100054190975,559
46,fedavg,S26,0.04589037892820184,0.06652724449224637,0.02772277312799755,559
46,fedavg,S27,0.0395119994212765,0.05347735801576098,0.0036156598921308764,559
46,fedavg,S28,0.04353346353131793,0.06273426162919454,0.02192076134885215,559
46,fedavg,S29,0.03630256757262198,0.04831333239666598,-0.0016793681008529671,559
46,fedavg,S30,0.0420269190574528,0.05747155717230829,0.009921882191193098,559
46,fedavg,S31,0.03772757066343369,0.05064902320698737,-2.819510297150033e-05,559
46,fedavg,S32,0.04808211456384503,0.06642304317940158,0.02717139225116596,559
46,fedavg,S33,0.035707000417577364,0.04819106354902748,0.0002506767223215927,559
46,fedavg,S34,0.045513522965760236,0.06640709411624997,0.023346459258544342,559
46,fedavg,S35,0.04797412134603666,0.06805215529246121,0.028429420045418586,559
46,fedavg,S36,0.04526161503822298,0.0647977425344623,0.023475463397356088,559
46,fedavg,S37,0.046135248998696504,0.06458731602900417,0.027423395784421822,559
46,fedavg,S38,0.04469531446642014,0.06424479106500429,0.02626116227271945,559
46,fedavg,S39,0.04818107803603751,0.06779920041892766,0.02954698213057889,559
46,fedavg,S40,0.04713357938247902,0.06716959656942374,0.027965936977658895,559
46,fedavg,S41,0.047535272335553665,0.06578288973530255,0.02521962708250448,559
46,fedavg,S42,0.042409638390453176,0.05937394233194354,0.016197766609904764,559
46,fedavg,S43,0.04252197248453011,0.05687007493744522,0.007150312263788472,559
46,fedavg,S44,0.04895579920050429,0.06886688658709042,0.028859934389594027,559
46,fedavg,S45,0.047014862844597195,0.06712225122802574,0.02953761181176002,559
46,fedavg,S46,0.035817120960215526,0.048625655233483576,0.0002145367180545396,559
46,fedavg,S47,0.0383125425662932,0.05158283741537178,0.0024419603711044106,559
46,fedavg,S48,0.03822025315742773,0.052894398578156344,0.0019156274948875572,559
46,fedavg,S49,0.04650434743603008,0.06630442797398768,0.027743978493335476,559
46,fedavg,S50,0.04571584860122828,0.06381667818500396,0.024583862210608924,559
46,fedavg,S51,0.04738492675876155,0.06591365669068133,0.0276361224722627,559
46,fedavg,S52,0.04536257242040012,0.06495809944366543,0.02459006374456115,559
46,fedavg,S53,0.03805021726324077,0.05230583513637007,0.0054330665666327506,559
46,fedavg,S54,0.038856140317058786,0.05226335454184444,0.005738583050188417,559
46,fedavg,S55,0.048095220376692435,0.06882534686724677,0.03309020115485772,559
46,fedavg,S56,0.0367960674819005,0.05033342611119089,0.004265083392002421,559
46,fedavg,S57,0.04720851823134425,0.06601164041584963,0.028342818635164333,559
46,fedavg,S58,0.039637028733651575,0.05284562761820502,0.004951014009359324,559
46,fedavg,S59,0.03730351568275916,0.050371653533776116,-0.002095965823814213,559
46,fedavg,S60,0.04257620244152837,0.06002985698159353,0.015723297115263723,559
46,fedavg,S61,0.037421419273158917,0.05023516707131548,0.0013332684396904408,559
46,fedavg,S62,0.037247741481202634,0.04953178636724575,0.0003013387843066817,559
46,fedavg,S63,0.046025757762821716,0.06491128239386668,0.02809799579430325,559
46,fedavg,S64,0.048254838375556275,0.06907754678274144,0.03186426448993125,559
46,fedavg,S65,0.04515185974511669,0.06292745904982541,0.02080657753646907,559
46,fedavg,S66,0.043671955120796004,0.060271016398340274,0.014986104639244976,559
46,fedavg,S67,0.04230665892515871,0.05971537424810125,0.018339903943560526,559
46,fedavg,S68,0.04800720628657527,0.0668880411560452,0.028348534138896545,559
46,fedavg,S69,0.04580971706626947,0.06602945919251023,0.02347405156772917,559
46,fedavg,S70,0.0493075253105804,0.06900896573838396,0.02932858503026278,559
46,fedavg,S71,0.03637844028721075,0.049538843130734804,0.0029088889660183774,559
46,fedavg,S72,0.049264360789862696,0.06947830497769296,0.030045692554020283,559
46,fedavg,S73,0.03804291226511258,0.05186242120732252,0.003869199115293157,559
46,fedavg,S74,0.03565425258246459,0.048924887908224086,0.0019181406113763936,559
46,fedavg,S75,0.037874493246468216,0.050685124051419665,0.0009700224479936956,559
46,fedavg,S76,0.03701030463672723,0.04986357073513665,0.0007767268934571192,559
46,fedavg,S77,0.03645969284298515,0.049132043218876924,0.00026779025976341185,559
46,fedavg,S78,0.037714074105370046,0.051526479500595884,0.003978703124885996,559
46,fedavg,S79,0.045108782970104934,0.0641894500968031,0.021660265181636794,559
46,fedavg,S80,0.03992009705473204,0.05378396272123928,0.005270054934368084,559
46,fedavg,S81,0.04413013521595217,0.06283225319001359,0.017825437354820253,559
46,fedavg,S82,0.04465325149850777,0.06261996433651339,0.022687898024546786,559
46,fedavg,S83,0.04383807827315372,0.06374673150239621,0.022701508846643757,559
46,fedavg,S84,0.0394948455985104,0.054588481966935026,0.00764164766756991,559
46,fedavg,S85,0.04586332807257398,0.06596006954331843,0.027987455203629403,559
46,fedavg,S86,0.03798783353294489,0.051125115393684334,0.00260007039296088,559
46,fedavg,S87,0.05311603235744759,0.07477298997386582,0.040200492896327884,559
46,fedavg,S88,0.04173092403125696,0.05803715162569768,0.014836542069200136,559
46,fedavg,S89,0.04092056735515368,0.056259502885626485,0.009018582034079702,559
46,fedavg,S90,0.038788817623215316,0.05118993917077822,0.0020374662900086967,559
46,fedavg,S91,0.03594775860029571,0.04918639446327107,0.0018887991537148389,559
46,fedavg,S92,0.04624734320557028,0.06586248419599512,0.02836764733034664,559
46,fedavg,S93,0.044536150977651096,0.06385909184867307,0.022312199442096767,559
46,fedavg,S94,0.042310315525835654,0.059311381894869626,0.017107802178304182,559
46,fedavg,S95,0.04423655752069275,0.06195292566102877,0.020968283467454593,559
46,fedavg,S96,0.03568006889395414,0.04795895758615201,-0.0018439097577278637,559
46,fedavg,S97,0.04961739367599664,0.07016943157717716,0.030224108952097595,559
46,fedavg,S98,0.04525996122633362,0.06535925910598515,0.022123543881104796,559
46,fedavg,S99,0.04953070099776684,0.06921041023169984,0.02890963693891197,559
46,reliability_fedavg,A,0.037276470441907426,0.05132859835325635,0.0045753901624464785,559
46,reliability_fedavg,B,0.03959149048312347,0.054915737961957534,0.010256218428176632,559
46,reliability_fedavg,C,0.040124466399077414,0.05489443725179328,0.009145401952594973,559
46,reliability_fedavg,D,0.03784235336960248,0.05188929587904317,0.005425011378642978,559
46,reliability_fedavg,E,0.04579720787424094,0.06639362963298506,0.022019904774941892,559
46,reliability_fedavg,F,0.04983337079536142,0.07013405598072842,0.034331112014984025,559
46,reliability_fedavg,G,0.04016821434819648,0.0551094996948687,0.00568057116652524,559
46,reliability_fedavg,H,0.038360077794787034,0.05191923354662379,0.002877626700634187,559
46,reliability_fedavg,I,0.04753017038471784,0.06948078364942509,0.03284521964428636,559
46,reliability_fedavg,J,0.04696656619231941,0.06720184921693033,0.027233568463751075,559
46,reliability_fedavg,K,0.04995464242190707,0.07095767313121333,0.036192381638466685,559
46,reliability_fedavg,L,0.045948733706427124,0.06604902744672238,0.024115990094710573,559
46,reliability_fedavg,M,0.04448589013138876,0.06381459753597056,0.02145038248428805,559
46,reliability_fedavg,N,0.04189209715414906,0.05706447640871028,0.011212206396485857,559
46,reliability_fedavg,O,0.045316933407256635,0.06488749131058583,0.024567157850219252,559
46,reliability_fedavg,P,0.039820435547210736,0.05404185883176275,0.007623277892286128,559
46,reliability_fedavg,Q,0.03576422537250481,0.04897819385596359,9.840528550682747e-05,559
46,reliability_fedavg,R,0.04239746391746567,0.061546537824426095,0.02035022679922939,559
46,reliability_fedavg,S,0.0393563554090294,0.05520849648991415,0.010888134244433105,559
46,reliability_fedavg,T,0.0532589606442597,0.07532680560786857,0.03813223553694824,559
46,reliability_fedavg,U,0.037700362627649406,0.052551759984692255,0.00413686299383347,559
46,reliability_fedavg,V,0.04713272466552719,0.06687421395531495,0.02628091849909632,559
46,reliability_fedavg,W,0.04748942631743315,0.06861672316652033,0.02572097109792311,559
46,reliability_fedavg,X,0.04871093981719388,0.06922484169074408,0.027698438507563074,559
46,reliability_fedavg,Y,0.03528389495660839,0.04799976657970823,0.0010552501205141674,559
46,reliability_fedavg,Z,0.045045934883254535,0.06460897277840688,0.024273962293100113,559
46,reliability_fedavg,S26,0.04573772111007934,0.06635255413051622,0.0275410791444184,559
46,reliability_fedavg,S27,0.03939283698108314,0.053441670760935034,0.0036201725048737765,559
46,reliability_fedavg,S28,0.04342232892511264,0.06260145729731889,0.021704870699779125,559
46,reliability_fedavg,S29,0.03623806822294043,0.04827829806512572,-0.001673660422979366,559
46,reliability_fedavg,S30,0.041955681690573024,0.05745167992320091,0.00986659510455999,559
46,reliability_fedavg,S31,0.03762387310949026,0.050594641762675974,-1.9610821238630628e-05,559
46,reliability_fedavg,S32,0.047899209292795446,0.0662228348416801,0.02698916723878391,559
46,reliability_fedavg,S33,0.03563242049899022,0.04817325694585215,0.00024872728923755515,559
46,reliability_fedavg,S34,0.04535915965775831,0.06627271149120702,0.02311325850496685,559
46,reliability_fedavg,S35,0.0478042466223092,0.06784431311310772,0.02827871353302158,559
46,reliability_fedavg,S36,0.045147412438870264,0.06466233765068059,0.023265067498159656,559
46,reliability_fedavg,S37,0.04599480997947626,0.06444006105400855,0.0272181833234544,559
46,reliability_fedavg,S38,0.04454108015075992,0.06410836698038899,0.02608893748392786,559
46,reliability_fedavg,S39,0.04801816721938297,0.06762883654560349,0.029381891212731014,559
46,reliability_fedavg,S40,0.04704250711058945,0.06706650332165628,0.02776751652727431,559
46,reliability_fedavg,S41,0.04740635647058607,0.06563942294605722,0.02502743683860359,559
46,reliability_fedavg,S42,0.042326155161336795,0.05928257502660169,0.016005438208714966,559
46,reliability_fedavg,S43,0.042405381587572226,0.056809605408173744,0.00710333015541471,559
46,reliability_fedavg,S44,0.048790410371057955,0.0687217017613484,0.028695118815016168,559
46,reliability_fedavg,S45,0.04685534476110968,0.06693093570556129,0.029360364025462025,559
46,reliability_fedavg,S46,0.03573461103482982,0.04858738097650103,0.00020184311124434517,559
46,reliability_fedavg,S47,0.03822655721162721,0.05155556007528449,0.00244929725370888,559
46,reliability_fedavg,S48,0.03819122998383769,0.05292322850461768,0.0019308242768595705,559
46,reliability_fedavg,S49,0.04632094053031747,0.06613525932375887,0.027573008489276886,559
46,reliability_fedavg,S50,0.04555323564785671,0.06364908114075069,0.024376503442629024,559
46,reliability_fedavg,S51,0.04722634834476475,0.06573735483000918,0.027418619718807474,559
46,reliability_fedavg,S52,0.04522836910396621,0.06482225202565099,0.024408744022705008,559
46,reliability_fedavg,S53,0.037983905894705294,0.052291057543906456,0.005413336707811962,559
46,reliability_fedavg,S54,0.038766562959515825,0.05225696967574356,0.005710889988500552,559
46,reliability_fedavg,S55,0.04796886107549471,0.06871377292171107,0.03285062075167734,559
46,reliability_fedavg,S56,0.03672001591370456,0.05030884829660308,0.004238603442110961,559
46,reliability_fedavg,S57,0.047059980795880335,0.06582227432227851,0.028138558657286764,559
46,reliability_fedavg,S58,0.0395648342737185,0.052851936524900625,0.0049335770517227795,559
46,reliability_fedavg,S59,0.03723351168019317,0.05034947731673365,-0.00210607398252631,559
46,reliability_fedavg,S60,0.04245111109186564,0.059928300661468197,0.015553867520409602,559
46,reliability_fedavg,S61,0.03733898617938654,0.05020531652817178,0.001339650685000958,559
46,reliability_fedavg,S62,0.03717028386249459,0.04950200323229092,0.0003013337561644094,559
46,reliability_fedavg,S63,0.045830189227084886,0.06471682405533734,0.027913359661081768,559
46,reliability_fedavg,S64,0.048188736731201505,0.06897624079044008,0.031618592683983926,559
46,reliability_fedavg,S65,0.04506282093526532,0.06284980901758622,0.020580294940200815,559
46,reliability_fedavg,S66,0.04353269413299984,0.0601987565274413,0.014834572918401125,559
46,reliability_fedavg,S67,0.042159575742397835,0.059585069943793006,0.01812491793858557,559
46,reliability_fedavg,S68,0.04784680592905803,0.06672159470138644,0.028182971861866538,559
46,reliability_fedavg,S69,0.04573751563391247,0.06592751071939802,0.0232818039450278,559
46,reliability_fedavg,S70,0.049186666070630235,0.06887226986848052,0.0291378696531154,559
46,reliability_fedavg,S71,0.03629737805361878,0.049509931861649314,0.002891039517449885,559
46,reliability_fedavg,S72,0.04910939501778411,0.06929214168119775,0.029874757308786158,559
46,reliability_fedavg,S73,0.03797342226264102,0.05185572328475733,0.003866588873022331,559
46,reliability_fedavg,S74,0.0355706664646954,0.04889663260791327,0.0019205102692016656,559
46,reliability_fedavg,S75,0.03782281966143569,0.05064330905128477,0.0009719923501817613,559
46,reliability_fedavg,S76,0.0369288640495907,0.04982788376276046,0.0007951640715461877,559
46,reliability_fedavg,S77,0.03640764603251342,0.049108741089807034,0.00026723615115438465,559
46,reliability_fedavg,S78,0.037610500012478607,0.05148656274159743,0.003958311318965506,559
46,reliability_fedavg,S79,0.04499925864895402,0.06406603656434628,0.02145642557344691,559
46,reliability_fedavg,S80,0.0398104450607519,0.05373892345833998,0.005234505988495867,559
46,reliability_fedavg,S81,0.044024990596650215,0.06271821266897709,0.017613094621579527,559
46,reliability_fedavg,S82,0.04455071546375578,0.06246571454568824,0.022479462832602305,559
46,reliability_fedavg,S83,0.0437242192135414,0.06364065856128229,0.022471447093312318,559
46,reliability_fedavg,S84,0.03934080719046898,0.05453400272649586,0.007592351334223654,559
46,reliability_fedavg,S85,0.04571288631569214,0.06579970021756704,0.027815333030258235,559
46,reliability_fedavg,S86,0.03788618180980314,0.05107945785740371,0.002589843224885366,559
46,reliability_fedavg,S87,0.05301553681713557,0.07463326454234419,0.03992142485915342,559
46,reliability_fedavg,S88,0.04160859286846561,0.05794923358299509,0.014649162326315884,559
46,reliability_fedavg,S89,0.04079321742662577,0.0562315208440227,0.008946516186628685,559
46,reliability_fedavg,S90,0.038686873748013835,0.05114797859200265,0.0020494159716739585,559
46,reliability_fedavg,S91,0.035895445135010536,0.049148040635141915,0.0018987673441404626,559
46,reliability_fedavg,S92,0.04608237799461131,0.065703872643091,0.028187653192065735,559
46,reliability_fedavg,S93,0.04438038582091798,0.06373169426625393,0.02213903699307211,559
46,reliability_fedavg,S94,0.042189372433532754,0.05918906996557146,0.016884423009318188,559
46,reliability_fedavg,S95,0.04409834107863908,0.06184046657366092,0.020719068119059148,559
46,reliability_fedavg,S96,0.03564609532270119,0.04795727561583463,-0.0018551935320899177,559
46,reliability_fedavg,S97,0.049471500232001045,0.07003573751780998,0.030045467060874007,559
46,reliability_fedavg,S98,0.04520145044407985,0.0652017608210128,0.021922726209745252,559
46,reliability_fedavg,S99,0.04935756291473978,0.06906587340496118,0.028694574290587464,559
46,reliability_fedavg_event,A,0.038058884409860806,0.05295759228855866,0.006390621596101206,559
46,reliability_fedavg_event,B,0.04117075727103163,0.05719311479644629,0.012803868264780832,559
46,reliability_fedavg_event,C,0.04150206862185783,0.05691405374315471,0.01150915780178003,559
46,reliability_fedavg_event,D,0.03882482821185955,0.05354755213277511,0.007306964520893138,559
46,reliability_fedavg_event,E,0.046442498621232606,0.06731216429916276,0.020223694506946,559
46,reliability_fedavg_event,F,0.048327246526381575,0.06896732058646896,0.030044582711933814,559
46,reliability_fedavg_event,G,0.04101292989283387,0.05659192626879331,0.007497038981712328,559
46,reliability_fedavg_event,H,0.03910580829936721,0.05319358908083328,0.004647490236185965,559
46,reliability_fedavg_event,I,0.04652452725568896,0.06877187794583256,0.029089766911485886,559
46,reliability_fedavg_event,J,0.047379859849354104,0.06810480192437851,0.026433964395289156,559
46,reliability_fedavg_event,K,0.04825024064712531,0.06954270484798074,0.03174364249644116,559
46,reliability_fedavg_event,L,0.04649751323436875,0.06712451440580797,0.023174234179859858,559
46,reliability_fedavg_event,M,0.045184008153830196,0.0648180529154686,0.019532992341472353,559
46,reliability_fedavg_event,N,0.04340835398209676,0.059226942446410455,0.013828885629073398,559
46,reliability_fedavg_event,O,0.04583432472207665,0.06593119038199032,0.0236379750916811,559
46,reliability_fedavg_event,P,0.040988332412329756,0.05589192383670306,0.009702457539376524,559
46,reliability_fedavg_event,Q,0.0358175441521938,0.049797986310777746,0.0017003748988256204,559
46,reliability_fedavg_event,R,0.04301562040297845,0.06262027793045986,0.018603563485317238,559
46,reliability_fedavg_event,S,0.0408856930540596,0.0575020543486716,0.013483042460671552,559
46,reliability_fedavg_event,T,0.05109964230569323,0.07359952314036189,0.03367655256709787,559
46,reliability_fedavg_event,U,0.03832020690791269,0.05368449051807504,0.005883361746878605,559
46,reliability_fedavg_event,V,0.04790213592296969,0.06807576341167547,0.025551724328235964,559
46,reliability_fedavg_event,W,0.047713634266046565,0.06923424081571099,0.023233317834623356,559
46,reliability_fedavg_event,X,0.05011066562939295,0.07127704444638161,0.028643492292296242,559
46,reliability_fedavg_event,Y,0.03573771871081578,0.0491310515460469,0.0027022093183765843,559
46,reliability_fedavg_event,Z,0.04569211998148046,0.06579586452449647,0.023413591350933575,559
46,reliability_fedavg_event,S26,0.04637026634277219,0.06758299229851057,0.026962220822902453,559
46,reliability_fedavg_event,S27,0.03978046605864136,0.054600803982932045,0.005385375655612747,559
46,reliability_fedavg_event,S28,0.043751808240925526,0.06334890609562024,0.01933936184493677,559
46,reliability_fedavg_event,S29,0.036378699711049955,0.04886441332102507,-7.473095976172785e-05,559
46,reliability_fedavg_event,S30,0.043108461577568556,0.05933297036778664,0.012095069052478256,559
46,reliability_fedavg_event,S31,0.037661252462422586,0.05103897963720254,0.0015735734846194695,559
46,reliability_fedavg_event,S32,0.04912131173912709,0.0680940150722031,0.02732152816437998,559
46,reliability_fedavg_event,S33,0.035806761829125025,0.04891830884099042,0.0018498271938841558,559
46,reliability_fedavg_event,S34,0.04598545872819591,0.0671320582853786,0.021154537619123226,559
46,reliability_fedavg_event,S35,0.04887435389569346,0.06935702856003807,0.027899801473154795,559
46,reliability_fedavg_event,S36,0.04580889200464337,0.06581385393056842,0.02221841825949518,559
46,reliability_fedavg_event,S37,0.04757717084422814,0.06633192437213302,0.02778312907519222,559
46,reliability_fedavg_event,S38,0.045007844945359206,0.06519829894930051,0.025378085789478956,559
46,reliability_fedavg_event,S39,0.048914441866350356,0.06899636556342519,0.028984050491361584,559
46,reliability_fedavg_event,S40,0.04738183128183615,0.0680417421306456,0.027037056164228947,559
46,reliability_fedavg_event,S41,0.04933006749305148,0.06790729705599599,0.026163225421642015,559
46,reliability_fedavg_event,S42,0.04426778590474078,0.061904502942737145,0.01854886876919835,559
46,reliability_fedavg_event,S43,0.043233486151069485,0.05835094843445779,0.009028848795026995,559
46,reliability_fedavg_event,S44,0.049301994769669566,0.06984838480255402,0.028045887492266705,559
46,reliability_fedavg_event,S45,0.04788301607813813,0.06849284054814711,0.029255069191659232,559
46,reliability_fedavg_event,S46,0.03599528864664167,0.04941459323766678,0.001760037614645733,559
46,reliability_fedavg_event,S47,0.0386970732319427,0.05254176048012231,0.004167017824314735,559
46,reliability_fedavg_event,S48,0.038484477178961675,0.05374221458672138,0.0036030274346030996,559
46,reliability_fedavg_event,S49,0.04703025483944468,0.06735709909098757,0.026963289901247658,559
46,reliability_fedavg_event,S50,0.047326829333578055,0.06590000361848247,0.025491548341420714,559
46,reliability_fedavg_event,S51,0.04875767867023389,0.06775474479544216,0.02811685023635246,559
46,reliability_fedavg_event,S52,0.045876398688217225,0.06596277270565036,0.02351572697549852,559
46,reliability_fedavg_event,S53,0.03889539658319561,0.05396623911322746,0.007306590294931656,559
46,reliability_fedavg_event,S54,0.039675675266737216,0.05395984606070831,0.007580977301438188,559
46,reliability_fedavg_event,S55,0.04674211965810528,0.06761748643288389,0.028715149097957637,559
46,reliability_fedavg_event,S56,0.03752083888349052,0.05181080953538792,0.006002865933724854,559
46,reliability_fedavg_event,S57,0.04845540537890413,0.06761908968810088,0.028439356760939914,559
46,reliability_fedavg_event,S58,0.04016096458382145,0.05425831266616474,0.006712527843175559,559
46,reliability_fedavg_event,S59,0.03724067912706505,0.050847641159504485,-0.0005111549092724932,559
46,reliability_fedavg_event,S60,0.0443750013431121,0.06256101552450699,0.018169500149681512,559
46,reliability_fedavg_event,S61,0.03763886036606229,0.05111746689873032,0.0030349119302311876,559
46,reliability_fedavg_event,S62,0.03731316124415608,0.05031784010716091,0.001931438311244726,559
46,reliability_fedavg_event,S63,0.0471951923448066,0.0665138065559604,0.028208473513206076,559
46,reliability_fedavg_event,S64,0.047245534973457286,0.06850215363053198,0.028230147159488437,559
46,reliability_fedavg_event,S65,0.04720178118212172,0.06545752406128319,0.02282995626010494,559
46,reliability_fedavg_event,S66,0.04549043691355347,0.06275315850886494,0.017443445555260572,559
46,reliability_fedavg_event,S67,0.04418899907942108,0.06229748549062773,0.02035258602924072,559
46,reliability_fedavg_event,S68,0.04924234545294842,0.06852276006586523,0.028547070506453675,559
46,reliability_fedavg_event,S69,0.04592445242378614,0.06653603683731078,0.021207164340545898,559
46,reliability_fedavg_event,S70,0.050632410407214626,0.07072773733717501,0.029687348995832575,559
46,reliability_fedavg_event,S71,0.03690834896062536,0.05078663397866983,0.004645021130832342,559
46,reliability_fedavg_event,S72,0.05020511838522521,0.07065802513520474,0.02969746343951426,559
46,reliability_fedavg_event,S73,0.03864924071068428,0.053377556091838446,0.005622771563181697,559
46,reliability_fedavg_event,S74,0.03621021915170529,0.05017812800572454,0.003637407127474576,559
46,reliability_fedavg_event,S75,0.038148170175474,0.05129457267064194,0.0025620390686051575,559
46,reliability_fedavg_event,S76,0.03715505438994438,0.05053158614224573,0.0024056752323866897,559
46,reliability_fedavg_event,S77,0.03667318046656112,0.04993689105360566,0.0018787039085649527,559
46,reliability_fedavg_event,S78,0.03821874088813902,0.05286752761199952,0.005680607275788261,559
46,reliability_fedavg_event,S79,0.04579452461852944,0.06530640198040513,0.0201127111302832,559
46,reliability_fedavg_event,S80,0.040548828351544636,0.05509027356871936,0.007036250396814924,559
46,reliability_fedavg_event,S81,0.045977947390463354,0.06539368639606268,0.020038504703286934,559
46,reliability_fedavg_event,S82,0.04634469079081975,0.06476044987794397,0.023830952909600144,559
46,reliability_fedavg_event,S83,0.04410592672724963,0.06445456815373965,0.02053802319609082,559
46,reliability_fedavg_event,S84,0.040537106391889656,0.056482731272839974,0.009766567908398215,559
46,reliability_fedavg_event,S85,0.04627799502722186,0.06701502481426394,0.027237823493745386,559
46,reliability_fedavg_event,S86,0.03844636563424465,0.05232013351785842,0.004310824387479921,559
46,reliability_fedavg_event,S87,0.05071923248190766,0.07256459690049805,0.03508024860097658,559
46,reliability_fedavg_event,S88,0.04334318305465496,0.060560622767429045,0.01723739306798766,559
46,reliability_fedavg_event,S89,0.04188117932833145,0.05812840080402551,0.01109027787284969,559
46,reliability_fedavg_event,S90,0.03894251012322468,0.05202164086462536,0.0037071885876790727,559
46,reliability_fedavg_event,S91,0.03654681126402161,0.05039272201058241,0.0035878310258265363,559
46,reliability_fedavg_event,S92,0.046771599905946905,0.06694051530834497,0.027639933312619987,559
46,reliability_fedavg_event,S93,0.045171172805326246,0.06513717036571401,0.021055532231271327,559
46,reliability_fedavg_event,S94,0.0442028350041836,0.06194655447162421,0.01941434090227315,559
46,reliability_fedavg_event,S95,0.04611531048196773,0.06435763294923874,0.022649586706360626,559
46,reliability_fedavg_event,S96,0.03583206730903699,0.04862154272895471,-0.00027996874746553306,559
46,reliability_fedavg_event,S97,0.050300551481563295,0.07115276193188143,0.029506694025873192,559
46,reliability_fedavg_event,S98,0.045820581411429695,0.06657360266816513,0.020694048982571763,559
46,reliability_fedavg_event,S99,0.051098247369303997,0.07116642825793024,0.029756851528570463,559
